sample,FT-145,FT-015,FT-174,FT-188,FT-028,FT-156,FT-217,FT-146,FT-172,FT-089,FT-079,FT-002,FT-006,FT-005,FT-051,FT-004,FT-168,FT-040,FT-245,FT-243,FT-238,FT-110,FT-202,FT-060,FT-069,FT-095,FT-225,FT-066,FT-159,FT-206,FT-043,FT-038,FT-115,FT-158,FT-046,FT-161,FT-063,FT-101,FT-200,FT-105,FT-155,FT-072,FT-186,FT-076,FT-056,FT-133,FT-203,FT-023,FT-050,FT-018,FT-078,FT-178,FT-102,FT-233,FT-182,FT-049,FT-055,FT-195,FT-062,FT-162,FT-068,FT-092,FT-083,FT-218,FT-008,FT-242,FT-012,FT-229,FT-057,FT-227,FT-080,FT-074,FT-007,FT-061,FT-044,FT-031,FT-241,FT-151,FT-135,FT-169,FT-117,FT-033,FT-059,FT-064,FT-104,FT-009,FT-070,FT-140,FT-077,FT-058,FT-193,FT-170,FT-020,FT-100,FT-075,FT-010,FT-194,FT-232,FT-221,FT-021,FT-024,FT-236,FT-053,FT-153,FT-039,FT-067,FT-184,FT-189,FT-244,FT-160,FT-230,FT-035,FT-165,FT-237,FT-087,FT-248,FT-093,FT-235,FT-192,FT-205,FT-226,FT-124,FT-030,FT-220,FT-204,FT-139,FT-014,FT-041,FT-208,FT-222,FT-025,FT-052,FT-224,FT-011,FT-249,FT-163,FT-191,FT-065,FT-166,FT-037,FT-098,FT-119,FT-103,FT-071,FT-149,FT-073,FT-086,FT-223,FT-027,FT-234,FT-048,FT-113,FT-054,FT-179,FT-157,FT-207,FT-154,FT-032,FT-026,FT-240,FT-036,FT-176,FT-142,FT-085,FT-045,FT-099,FT-196,FT-091,FT-152,FT-250,FT-088,FT-016,FT-042,FT-212,FT-034,FT-127,FT-116,FT-187,FT-131,FT-114,FT-130,FT-171,FT-175,FT-123,FT-096,FT-112,FT-150,FT-219,FT-082,FT-211,FT-137,FT-022,FT-081,FT-198,FT-111,FT-084,FT-167
20241106-297-Dunn-20,6.810106390108115,7.653717018303723,2.4262624412993756,4.574392568053816,6.4759179282443675,7.603356938039292,4.858435956039329,5.6793380032966665,1.024751521120526,7.563371487399018,4.583367012887363,7.235772402952553,9.493292134713062,10.272891478336533,4.832890033387291,8.409775158255306,8.290938529608919,6.752964001964133,4.503842542096032,5.114522744263387,3.877522199077239,7.975195156394533,5.135725385339904,6.029284292747525,6.777331952463174,7.812007075295509,4.037119750898296,7.179683897765433,7.051214908675,4.863432924292021,8.116778174276439,6.2007676621011125,4.923219172738459,6.766817264560977,8.687805831893783,7.562707608339587,7.217644215444789,10.614222916987853,4.857986349881285,10.639440299068438,6.88784143572727,5.053565811676006,4.484720444281477,10.014351648315275,8.018782506086822,7.148779967936773,7.380419827574885,7.407604214815727,8.655113265611462,7.843162835755752,6.681752206647666,7.1169111904272695,6.402834509588422,6.861897694861788,7.216004739633721,7.349453734125795,7.7067154666044075,6.0550146893831105,7.98893789772668,8.443376369270146,6.022235550844679,8.596244837028886,7.945392434997606,7.128361966658644,8.59988027244297,4.221279574189061,7.320172191525624,6.900157668613894,7.608664334479232,6.491993585185996,9.98174955462315,8.014368222695673,7.373246515562633,8.768928069465968,9.109214063756646,9.00547734270722,4.154817189462435,5.346308175672088,6.942458794919335,8.42802109508769,7.636290206627077,7.648716928865028,7.645862875514436,8.959767404832522,8.67451053830382,9.564726929001063,8.546898288847045,8.365855125761456,9.547674056528697,8.832014456761817,7.442686166005776,8.60680964776613,9.471214420933595,8.77773467379908,6.665498354517575,10.165240141721199,7.2808736809768915,7.013337319375649,7.368246714513548,9.695712198949659,7.957806140760219,6.8442000437891,7.400311792203193,5.123856239513477,8.559240346172292,9.015181667355108,7.353521848372531,7.384607585217155,6.476866379678597,8.540520417410253,6.79465803517313,8.415800066873507,8.186092999037482,6.215721931339609,8.382580098959147,6.7147404042600005,7.547588511689054,4.71512890477436,5.1200633184569595,5.8928129225332935,6.365139023700025,7.521764449113006,8.60173671858052,6.827778153525532,6.588931309755053,6.649939456120024,7.978046554398183,8.510250324733112,6.905112363846081,7.204483673003555,8.8546260134555,7.4511300889433345,6.913415874276869,6.832117320086131,4.337159784521946,6.789948462992232,7.254038340117566,5.979275969318922,7.69126431459376,7.995981905511168,7.154027757046882,7.0066088640562265,8.695377978879405,5.56736986972593,7.3965970807210715,7.733362275358546,5.595262514199315,7.165573404944794,8.511539295265816,6.984607998038863,7.4262295291521925,8.7674384558516,7.7324914535033145,7.3095307319551655,8.420040432084221,6.633834272166129,8.074324819597376,8.477465227915756,7.636658095231258,6.239858549238273,7.8684437187725935,7.199636321799128,10.248583614057491,8.789659223650707,8.597259514016702,8.439117794544256,7.2268172662374885,5.839353622343953,7.340328803441104,6.924617335192306,9.591998477304333,7.371093316149745,6.656007751968178,7.376721789714039,7.059313579738481,6.723069739218011,5.255899316558005,7.19531435614644,6.142514232773031,7.831899190332234,7.564872845179246,8.296736278453645,7.089758816990931,7.121061988866019,7.343796076472316,6.516697900162281,7.2775857648947815,7.096210644766042,7.3330386954556,6.89287402784685,7.8493292441714235,7.551151942759647,7.023959931649112,7.103412089741557,6.817323829054015,6.84402215943131,7.241228137975508
20241106-297-Dunn-17,6.673124135191756,7.606792607443998,0.0,4.3873431281511674,6.55327935778069,7.598583081886501,4.30372387075968,5.536728489202618,6.058344205679469,7.668890186680345,4.606297374219918,7.56337832481267,9.801281416004086,10.51208802397526,4.875249507954058,8.735817389915788,8.234572074880488,6.599588062692,4.129419537813512,5.166451826979782,3.7520207566289336,8.006776565547346,4.735813282891125,5.865810287249469,6.746231610586857,7.879243990176726,3.962823106076704,7.164993446121547,7.062061734696559,4.877955285219604,8.095164756070657,6.057931096723597,4.6084820378173355,6.67230149710097,8.71117266473834,7.577854192428708,7.114755124873539,10.701351957041238,4.596800283536477,10.632748432513747,7.015952001879656,4.836203970812881,3.870298759240546,9.967688295780322,7.8906362394150635,6.996117830333825,7.288534358926069,7.347794007082161,8.608395437689003,7.772160873845897,6.5194543211259415,7.167856012482421,6.3555742362917815,6.813778583723181,7.160574283383294,7.250817838820761,7.647716929255867,5.910998714343623,7.976819924405187,8.491936271784114,5.9955330214640385,8.60355221434576,8.096238130707528,7.153423733807965,8.781055399525503,3.515852420347748,7.347241053784951,6.848727827432083,7.473718418306671,6.270505331247774,9.945148079512133,7.853322478567017,7.627695499266722,8.713947568907727,9.17484294651174,9.062693434030907,4.035970532475862,5.359814417234806,6.969817478153046,8.340677626594603,7.612355011189006,7.665803664197462,7.607991830758606,8.889197868083144,8.521670320166919,9.721691602135806,8.511890255448776,8.280657399447978,9.49673818818164,8.729790441220704,7.426259164705349,8.537020676621612,9.486846644075454,8.679762338563595,6.468056894218023,10.318864408827988,7.1761183328288185,7.04763193594676,7.327768992279147,9.668063394004129,8.003965049660117,6.819007249172746,7.256395712172196,5.005296021284628,8.565553293105927,8.945796797286992,7.313025153030118,7.314377781137683,6.442472145057798,8.571439463653263,6.801370920805787,8.466845820813717,8.218207714951065,6.094281372254433,8.364968615040361,6.708719103702336,7.758022716740097,4.172261614323152,4.954369407563273,5.601761239858509,6.144574707134236,7.433541620544124,8.663006716212468,6.83292054165696,6.657633586636981,6.616845665061962,8.07179011494255,8.551202389386434,6.914080541576535,7.187046250916426,8.85455645801115,7.372698796327813,6.950409471192714,6.734820005525534,4.358864215915778,6.82145959171679,7.218141761180949,5.896817594668484,7.640509240538229,8.050453547921823,7.30948904196189,7.082569736830554,8.643388560366777,5.529638053764327,7.423760411527587,7.659881033183453,5.440791079273779,7.260849993451309,8.572633843552,7.029994483848453,7.290637340066863,8.837197517330141,7.758004407487003,7.231486763396451,8.423182992852313,6.719742557211688,8.02373609906367,8.497803018094956,7.595506477680801,6.200707683299449,7.910304697483593,7.039552176531522,10.305954432187223,8.91327559303197,8.644121510536904,8.466980156513793,7.199987001053343,5.690605759031705,7.331868664191124,6.915407325903321,9.68387560570658,7.271190552162119,6.563223821041654,7.404341961371899,7.064771529124134,6.758585562437319,5.177783343790705,7.205285218273332,6.03236798194607,7.819734553258455,7.5471126213962325,8.288629618683466,7.104865430868834,7.229509048907845,7.504502709460581,6.560631844268905,7.346908398889063,7.088351090183054,7.381363395736719,7.060069133009861,7.774044993489832,7.564644037749322,7.0415157496227705,7.1511183603319735,6.713968747672048,6.628569565200803,7.345997572692374
20241106-297-Dunn-7,6.674943033507285,7.679243262009866,5.565184517275167,3.8354536133067767,6.596215914164666,7.610348695303849,4.642086664003036,5.582989437853798,1.897992714987968,7.6549578371148295,4.318297238371753,7.345709409690311,9.675688048211697,10.422796833550342,4.854205790056495,8.63129463114847,8.206413750788082,6.752257493868389,3.9843606137221887,4.96798764804446,3.875237811066781,8.056120320317739,4.771212437463909,5.949715749610074,6.7705458174107935,7.871966481484138,3.9134488284326725,7.220257552655284,7.102205013617903,4.872963202339208,8.20218716742056,6.150132383656794,4.727795617169069,6.719868986832168,8.715414048642547,7.568935757103784,7.161272913544417,10.645267990284012,4.678751168355823,10.570585343766217,6.880407554975829,4.841841511369234,4.390443306788245,9.971226485905076,7.901079921936399,7.089722494758117,7.320192013647866,7.474564067351715,8.729966962771762,7.9222106533630114,6.542473212483895,7.310803335308644,6.272658890840427,6.880016577547458,7.240269263685601,7.322209828844466,7.710684794828552,5.869456703437252,7.983634424795193,8.483575428273799,6.028423964240784,8.643238483713976,8.093507859138768,7.24099202484034,8.740402059702545,3.9442125020737446,7.307128692084872,6.954342640843133,7.553367778488997,6.343614114435463,9.984545374684856,7.993048796769368,7.542886697628535,8.787354961877977,9.202109833717046,9.068863033579067,3.8508239836085116,5.154058030258741,7.115716782415673,8.321364690795058,7.562366821480978,7.707126834579159,7.656075972800876,8.885957087210954,8.55447379272028,9.663042882935692,8.522129047673046,8.30050240909736,9.545396556952536,8.834847849766204,7.422823120751868,8.530551685407596,9.532859552570036,8.6728404283455,6.627721408972216,10.282628677816096,7.228477901651881,7.022445949348153,7.427979014476381,9.709201198322898,7.980941855447276,6.915791223820127,7.3411207189819345,4.993178390413463,8.599880160435326,8.958686499496864,7.350345994844982,7.388934637490393,6.408622436850703,8.596516783930158,6.787674612394705,8.496186287665367,8.241032735718887,6.173786374371668,8.415270223650753,6.770692030366376,7.6889136769760995,4.513667362220085,4.902106219176253,5.737533394864067,6.162185105078834,7.459556008733911,8.706098562750103,6.856317553040874,6.612742267817487,6.689347932672973,8.007300749723552,8.55095238868035,6.952940290224026,7.265159763043669,8.920940411631857,7.405804699762577,6.933569569692891,6.873218528374669,4.5460795000425005,6.898866965316071,7.320552553843854,6.063034412249472,7.6454628683826495,8.059080828426339,7.272873131283799,7.079105798236937,8.635299994910298,5.62498462799283,7.445058073192966,7.7687193721483805,5.479008084738652,7.211977784001701,8.58526337757621,7.055658443277888,7.414757790280726,8.806729788228601,7.7463857659316595,7.269582329326865,8.45072367296675,6.730234383952185,8.060225944260809,8.53797460583784,7.6456717344614065,6.31806728368982,7.935762197907706,7.102733048571107,10.318503169401906,8.915785378686763,8.656468908152878,8.489484537902628,7.261136856834979,5.636311927943031,7.354576347607772,6.965728710417076,9.72114146541298,7.310460178859672,6.605028824679232,7.372903478245913,7.111665539565153,6.717216017489657,5.216410719285716,7.337745034889624,6.057484768790196,7.828076422742065,7.622843537819877,8.297833715103154,7.183818138969688,7.198938570139619,7.486021279877938,6.561854520661843,7.240444125237433,7.048865568988522,7.3309538548813515,7.093056451222706,7.790956671603714,7.621986148760845,7.2434299802674476,7.107335636251077,6.765272376057952,6.831006344294463,7.339543358275267
20241106-297-Dunn-1,6.7069830116083375,7.678680831575097,0.0,4.655715075180449,6.525038084260453,7.6221008928536325,4.7354985174213535,5.542846267912584,3.345603322036519,7.594652703751961,4.390876558499456,7.249888978763775,9.54659584509917,10.290785038694185,4.8763216818311585,8.506168166196641,8.16255197825794,6.8300109764310015,4.135318943527849,4.746087158467167,3.8483732827486765,8.058554574381418,4.975969864973083,5.893103991989388,6.8326872213099055,7.846217803094282,4.540550880075762,7.20014949574555,7.07017300310922,5.179846844019277,8.153525111052318,6.292301076786901,4.6541210634564,6.602258230908607,8.724143438559002,7.542720724117516,7.146756315227636,10.644289653150066,4.855973468236926,10.580372838654545,6.868825713607419,4.9599376123590195,4.388450483976533,10.020128804253359,7.9749604305172985,6.956294098471803,7.314912335775626,7.392113139854295,8.710252063153577,7.8646886670858525,6.652240234708334,7.319470981287684,6.45073430104743,6.789664070017551,7.262835275112666,7.266889125859721,7.6966112703761675,6.062028512922213,7.98820250680714,8.414288103028966,5.9652351636714664,8.668412247332597,8.075021908002148,7.2680450280888085,8.72133544661329,3.3098667458237885,7.365375104704893,6.889199104750338,7.610952005577756,6.3829875040839585,9.997893723953148,8.001237994540277,7.551565441474699,8.793894954043472,9.211445866892962,9.085582750857384,4.169210985494362,5.160830318387371,6.8481323682355475,8.308447909382163,7.643987393846189,7.70815793601079,7.682889740174803,8.91364437071525,8.602389451300906,9.66242814805392,8.564979742588402,8.301325871389679,9.570751216311551,8.854986818310252,7.421791293421801,8.49371859158523,9.564871162782666,8.690031268903242,6.546913110728336,10.309779133514763,7.30768800217111,7.040077839053049,7.3974725240562895,9.745673889924849,8.050173270049491,6.868619995981525,7.356999622323587,4.9586348785885725,8.600075303408554,8.980161274886912,7.391422183665854,7.437565985089039,6.507205278044132,8.532364672023872,6.8013711583697445,8.491142285560104,8.16677523738089,6.328424120631768,8.443887988628642,6.807899770183109,7.6415122776433195,4.111647071273848,4.713434282126549,5.81200015676506,6.228694307626565,7.431127528612044,8.723837411142634,6.820195826080139,6.645423507599235,6.459678017892134,8.079609715346473,8.570902848477829,7.002302392537238,7.251701044528014,8.93448115815377,7.449358748748046,6.908211701995431,6.8557869792802135,4.522734516003693,6.7291201511017436,7.343885918281605,6.081753818335833,7.559076224903438,8.080899274270262,7.204247659328331,7.046388871369312,8.711662256631534,5.652184990762074,7.320992027705744,7.8176457325434745,5.717877695279633,7.319869556921836,8.622987214134504,7.0294489893216685,7.377901514455362,8.82405766470153,7.7625599323277505,7.312241170325289,8.362908898094803,6.707569851056111,7.996051628411748,8.556905767981362,7.7238242998310485,6.287994385723364,7.967076701307871,7.1582965388468525,10.322008297501391,8.93576765214221,8.689026996479534,8.50086095364106,7.196540858454371,5.762765081686272,7.3777080382120115,6.929306397134062,9.717624128804975,7.322742532388404,6.732528814085675,7.4247574434541646,7.1243954303621235,6.7014805046642465,5.282058699786448,7.338837377338594,6.185153355542028,7.849673716099906,7.500100293077396,8.256364052591646,7.128824082769114,7.1784570432364285,7.453629507582788,6.592579429816275,7.226453355940813,7.1169145762876544,7.317479470928451,7.032710712027664,7.743615201232364,7.625384809144055,7.178271681937418,7.132178485627493,6.84596703591151,6.813420347209504,7.165250935150535
20241106-297-Dunn-21,6.769528368269454,7.695664211880328,2.963022279027562,4.482772760856222,6.3827650611653075,7.594806300780936,4.672534308159678,5.652291374874965,6.13611008088417,7.493602372690416,4.256618385474309,7.103625477193931,9.481938979746708,10.186297440465045,5.026986424999661,8.43995099651311,8.22116819452977,6.880356450437504,4.2379153638082965,5.15993432581549,4.237913102653806,8.052944458706651,5.164758198831045,6.081069250341867,6.831872429154957,7.888677808136403,4.25102381699391,7.2544518434889245,6.969935109511998,5.101810280920141,8.263274945708607,6.295210043608326,4.748622469784405,6.770313680902775,8.805591443288524,7.527648624041742,7.175557954841888,10.602524600326024,5.0883681999735675,10.548663383135265,6.848505421694635,5.022594142569083,4.227209530607488,10.057608832638268,8.001915219820779,7.126608266000033,7.422765882690115,7.396543324211252,8.757601805596915,7.804685170927479,6.629852718799821,7.344012430562409,6.448364065910855,6.955155861088285,7.261354667212021,7.439013799896854,7.759598354025374,6.041877185533116,8.041744203261539,8.448212458904095,6.0780071633923765,8.698841738248777,8.020682813732883,7.297777456754028,8.66455461870862,4.14247462659152,7.295884018737867,7.054673506734763,7.662002693923301,6.451491206087459,9.981238961030865,8.072015732255327,7.467729724189079,8.826551456291124,9.225751956411962,9.104475384603608,4.28597526337557,5.29065133228098,7.027133826775464,8.355457244709587,7.684061903049928,7.700002800319489,7.7547722498819,9.00370693108295,8.699013344373535,9.626920969217762,8.590207323603032,8.418232440420525,9.560930831320745,8.878191636026528,7.518456830775664,8.525854483544048,9.554869433734869,8.804176047382875,6.647789296072288,10.20050383538739,7.33534824935402,7.11789607526474,7.494437640607804,9.737073004583667,8.07606342054435,6.929705172657141,7.453734543544022,5.0651404455424,8.587333833659686,9.057200106286365,7.530235370084834,7.516010123820735,6.607840663331263,8.548437980320324,6.950802562784782,8.517979201302586,8.196859320497948,6.241307373443372,8.487073558342338,6.8694229927780865,7.5730905732732285,4.680089135045221,4.64738093676883,5.752528189257555,6.363438769793949,7.424042481177613,8.75312089378601,6.97421969416649,6.692188617540635,6.554908323160656,8.070208758099133,8.566747535670101,7.027468245723581,7.314476470093582,8.935187875355469,7.50194765591124,7.029317282324451,6.68659326938131,4.496441630089694,6.883596665964677,7.399716298538549,5.902323395651343,7.637915892596539,8.056400043294856,7.092902207377545,7.144894821706894,8.692067601891873,5.74225591975474,7.281155765197404,7.835111250028989,5.732214520868623,7.257042446736393,8.661972033066956,7.109518076607125,7.46267568370105,8.893178205641334,7.820069883533129,7.406676737191591,8.33483066230769,6.848576640570233,7.979195510561586,8.509680590666486,7.782681691500063,6.397932298870058,7.919771224115034,7.286362763446189,10.22701362901855,8.833410832786852,8.658188677943722,8.497324921337375,7.252461839317228,5.988833739898982,7.474578532131391,7.059910899791675,9.652479882598287,7.467548493189114,6.8320153991637,7.449130645409575,7.097310831671163,6.78963920879946,5.314981111999801,7.379272442298044,6.182418546105658,7.859318676423064,7.518421387050376,8.203735575944602,7.241433786004716,7.283378108901235,7.36435682992431,6.5937214704779805,7.27319033203092,7.264264790725851,7.271458336674786,6.9984132389619,7.794539236524978,7.748251243459499,7.064137691827253,7.256706810283332,6.830882183885303,6.885706283270361,7.267572074853754
20241106-297-Dunn-5,6.72276058575471,7.559385770067988,2.0511463443297253,4.209537220587011,6.4547753102463465,7.570682046312178,4.575461212899308,5.132154743357453,2.648523711464636,7.625808443385916,4.2166530050848925,7.2566607229289275,9.580250122736913,10.331891301357485,4.587760747320207,8.515376428283156,8.317522602989909,6.730081142859263,4.538814304814055,5.158031526543579,3.9979449391468593,7.983790409336086,5.06754974693096,5.84282526843329,6.700364146506615,7.851766751743879,3.836177121753921,7.134126156135132,6.978150834760014,4.994343806089555,8.143812670817633,6.245442765494354,4.493029344078508,6.85010131393884,8.741553724430917,7.603026890743492,7.152667185737873,10.655590321391774,4.472232329138774,10.675992264609704,7.03274037331413,4.736557768772748,4.284662947091136,10.043300956718697,7.896845352469559,7.0820519902236105,7.526705065116907,7.325479291147649,8.717310095308438,7.782652272737575,6.469953347341744,7.0130988687586555,6.2248559494080045,6.803827768198293,7.0991882425876796,7.209146030074629,7.580087298561764,5.870272814614158,7.956206937934806,8.52930124315881,5.730418882012195,8.624245973976336,8.114989259772976,7.1317794314736895,8.748965222763685,3.7738526246599,7.371465391699247,6.8367529167242465,7.542305258448202,6.227581259780085,9.944421707273923,7.961519049510566,7.511446829207441,8.759912784278443,9.10139617908404,8.972860930628073,4.031954513442965,5.178688785357151,7.059065580120749,8.456833464124378,7.738991783040562,7.517500725107512,7.65784767718655,8.987748582705999,8.623456370536609,9.705252263493382,8.590309129315015,8.329846538432296,9.497496814072953,8.778166795473515,7.37392347024123,8.618739045844057,9.477008820825928,8.727664022533089,6.47522784930426,10.311383953295069,7.197647654282538,7.060080503685581,7.378393357389351,9.66980174318376,7.993515325354493,6.925150686464799,7.237856440687752,4.289379039671308,8.461015394634533,9.03160954324044,7.316584980830633,7.279385780877346,6.429729174551338,8.624695575624115,6.706413367061573,8.372194106628703,8.294319551480946,6.1063566907147875,8.381314321557504,6.69432596789779,7.6907692984274485,4.553388918993791,4.85441341330373,5.724234883442853,6.059693347389946,7.406147419311469,8.639725280715135,6.6961745251886295,6.67863009480028,6.623068044815441,7.952207088362222,8.405129736106748,6.946376819493566,7.235103559733893,8.865854848539918,7.329755580071926,6.856966100899013,6.761589687583966,4.1938922226320985,6.941862400549605,7.204574719281127,6.049735307503133,7.668096884197404,7.916213199827438,7.186402887609374,7.092507913728853,8.682791529932887,5.3805570573183665,7.351319325835573,7.7627470007924035,5.718019766103824,7.2121813185038945,8.540099459257732,6.96864859315404,7.3170948752036304,8.85195148234609,7.60667743547235,7.206600535652847,8.366755064715052,6.709549863143403,7.983823376110473,8.477266098536177,7.621127508841154,6.3210276291758145,7.889617098968761,6.977700137682584,10.322930885987113,8.927273640178644,8.670115938674645,8.475733129115309,7.193712562455607,5.557982660275808,7.350838732480154,6.867536039701885,9.696473608985968,7.221923529323479,6.719793227054917,7.440053324186923,7.1172520120743235,6.681526179679993,5.343903131820204,7.042154166862632,5.8380301403964605,7.89958892283741,7.5064689138965965,8.23566804652821,7.209682191652291,7.124090877131931,7.506283952597847,6.4533748976388905,7.28624618311727,7.041991570917197,7.457594842379765,7.117706290438102,7.639543363113025,7.544328586772516,7.1016535576129165,7.101278743350878,6.826385116102814,6.781759613754521,7.384585746195335
20241106-297-Dunn-4,6.755333760350784,7.621937165494196,1.5936383999355324,4.44416989198933,6.429622949484551,7.528865466803505,4.836505318175027,5.574350695305456,3.235280078631485,7.569362093824498,4.582811505281048,7.463369677972394,9.693296916820449,10.480114374157214,5.0425309685839075,8.667597029848496,8.245598454681458,6.80870352485363,4.346433156725152,5.082742090600766,3.9248023136212677,8.051368861810898,4.912101753952195,5.963104455402632,6.8444695779364,7.914121239805635,4.516360082453949,7.236096270051302,6.96089337900055,5.122561795662731,8.222033162408321,6.364749932656711,4.943717921794777,6.70517705031821,8.802832514228761,7.502891895564461,7.227588290817142,10.631623395055291,4.690353170964281,10.516158835761935,6.8232891035948064,5.030017681324902,4.280039156697239,10.040898877698183,7.912447680742947,6.966970298236206,7.388802002147422,7.38277345828186,8.733941045346238,7.785219020495586,6.727186378289514,7.294517953558179,6.458744452928713,6.860733639252965,7.319415001496756,7.348215057636216,7.801299376861117,6.137296592837591,8.089994164924134,8.52833259860748,6.037865884340555,8.677620089965027,8.064545670910436,7.298709492360556,8.668730282620517,4.109086920366373,7.327278199458739,6.941561897024638,7.563563057784301,6.461465615947585,10.033124468364365,8.010760669466787,7.553222551804393,8.816716455635612,9.196827252191968,9.069789073135585,4.332061489593122,5.272842337454154,6.9995113003834275,8.384845504438609,7.663545278631537,7.72305486044041,7.707699097401299,8.91350655806395,8.638173283887477,9.597420010087271,8.590999295577475,8.347441962410945,9.540980713771358,8.857995166535325,7.48175266910397,8.559185532761122,9.562268592106435,8.732525859815771,6.675218733116665,10.181539020128135,7.360303417429075,7.021464312592363,7.49039880270696,9.748346948849578,8.097369354644979,6.941722472227336,7.3963998440845895,5.05306189720827,8.623404211796629,8.952055823848447,7.5566076148630055,7.484996426471346,6.525248963093329,8.584657236071289,6.892165904788556,8.529535808100615,8.183168360202984,6.212313545207595,8.453007857399164,6.846998552940858,7.635018110739247,4.487657067507994,5.038207418244097,5.797382189371806,6.366160110424577,7.399277199259278,8.744654317510143,6.908667216622203,6.707264320197504,6.73588598673484,8.106600772192042,8.588462890253165,7.038917698587396,7.260227825046946,8.945986724083758,7.540838854921759,6.951446675936828,6.768816288581615,4.696161619797294,6.908120925509688,7.304528552775945,5.944283023031903,7.6526938907102915,8.086922062955344,7.113100027824661,7.13710919693113,8.643247782101199,5.677847056980831,7.28408735279766,7.809249697977697,5.550488976769235,7.395348243094199,8.664203068291334,7.106375218269421,7.420118111876909,8.852865668557001,7.799768406483774,7.3818986819239765,8.303577163847429,6.8414573487116925,8.023411672035097,8.597301780321082,7.7141953810719555,6.275810574481249,7.950671412405753,7.251851447375416,10.29081563168977,8.86527489702038,8.719059382570983,8.50458641560951,7.281619609672599,5.784937706452282,7.363578735949082,6.994212262603183,9.691242733204755,7.46696034516944,6.829479641441539,7.418645539626706,7.177107415987051,6.72640186892523,5.2226166957375915,7.385508074214991,6.010421455485563,7.856006789942523,7.467695352145578,8.24601240219602,7.2244623715188006,7.20558533457163,7.430843805366801,6.491540974617559,7.195391498264933,7.1611317273219655,7.251150735004087,7.02839996847276,7.702554683423033,7.614478654899424,7.179841723275194,7.167361519894813,6.734419411134875,6.8741602238454815,7.182254090566887
20241106-297-Dunn-23,6.6699790764286035,7.617715762089068,1.6723843660785862,4.700749229989859,6.554381215213365,7.599482307446174,4.886884790507707,5.556407412622687,6.182522303558564,7.6060155435995425,4.354757302300112,7.324289454017727,9.647605280719546,10.34028153542911,4.6723227177121975,8.618108486198459,8.244284635679861,6.760914292083996,4.190396546712673,5.289839602062631,4.150860444841116,8.06344768591626,5.06874302380266,6.070414839815245,6.863052052364028,7.905539193336017,4.266537405953476,7.260637267004695,6.952208823377999,5.311532474114841,8.231794799802893,6.1959897600453235,5.15801103651266,6.767343698593727,8.81451645711953,7.602928442972612,7.1658822698564375,10.66550461017562,4.889373962050306,10.580248568907,6.848081223010347,4.677779725535374,4.493095158065053,9.994304847140864,7.911066273194016,6.927813229706777,7.377430715769845,7.418936647097184,8.76439856538579,7.822519229146353,6.675371881768325,7.345390810819267,6.358553955313228,6.945126466591524,7.363876860858424,7.350905842518885,7.783424498498184,6.132564764054819,8.023144872898381,8.52590596725101,6.149113969858512,8.677411005593626,8.088216913724054,7.324007222719247,8.662832977842085,4.061797525820693,7.257799642893491,6.95566621961139,7.574216344178603,6.42014931765326,9.973559930957986,8.003149995639998,7.5121792624550014,8.816440098736155,9.224256498379287,9.129620898104637,4.210518536865971,5.0696678128067045,6.997365791485759,8.408010409575432,7.670802561205988,7.699856241483029,7.686968147794108,8.979638121456352,8.61080245326719,9.618223301330978,8.631592812543937,8.341054556099891,9.553467311303471,8.820401521470199,7.48786570116567,8.565875415709483,9.542303242481681,8.721808404669796,6.686937840423452,10.193756802780792,7.386548823163028,7.104955248351455,7.504801201300172,9.735975322375603,8.092356557846026,6.98623142364005,7.4133242278515885,5.099761024049279,8.684963928319565,9.003234146448047,7.447186594376955,7.4827628861367375,6.586342585995409,8.574952523305493,6.89120538638617,8.547820607215296,8.275483843015845,6.274837806680542,8.492402935600051,6.904639594133687,7.626457462830637,4.570525872844082,4.712025086233828,5.70663602288645,6.357249262168468,7.432538646192608,8.783522812007488,6.920391669038515,6.696816755168915,6.582443933365938,8.073114206870933,8.650353346983506,7.009169936141363,7.205372435290543,8.929358857147836,7.487907029406602,7.00742406326608,6.629809458820504,4.39227994879638,6.921516888061206,7.33524001375984,6.075779304337307,7.670458422764957,8.099078483383689,7.171995726488403,7.062988118600489,8.658815736520928,5.50774398902707,7.241626099045538,7.750331208823135,5.722744093088858,7.270401777551676,8.697480510293158,7.165390795367539,7.422285141266369,8.838067255319595,7.770334886093017,7.41416631617301,8.389891001417116,6.759017501577412,8.005561239621713,8.585057832082716,7.803446544820885,6.36296167045177,8.019085280150295,7.202293086808785,10.306717414824385,8.870105009886581,8.727550112469892,8.494267708241045,7.130159698125918,5.819920358184415,7.375168360329975,6.98361575071832,9.676458793883738,7.371282516641811,6.740307950239801,7.475473989896634,7.154643404754616,6.715348790329558,5.233398474901148,7.367509700713933,5.955858115417184,7.906173313430071,7.447365867052896,8.133203660763888,7.201689230652806,7.229340696219684,7.458504617462605,6.580155498132925,7.238194920911544,7.2196329516454,7.3004518682780395,7.0852293351704585,7.682764284967678,7.683205487244105,7.173260198241476,7.237295155562641,6.785647324641685,6.856121771455505,7.2257541994142045
20241106-297-Dunn-11,6.696872258056018,7.6009387374450705,3.0119809978522856,4.79026594135708,6.464499510170918,7.588857685034609,4.682144376630343,5.564641230664156,2.906534326098364,7.657161441196226,3.7618808665195127,7.044003932568787,9.344647263988177,10.110731063988815,4.580998218381356,8.30427411504456,8.298936789038947,6.85488947799013,4.098863762220864,5.139996397555431,4.301320419886825,8.052773412719835,4.699046188436744,5.939718081470912,6.834201172392681,7.952893045379358,3.5792207259597637,7.258700158263723,6.884602312164334,5.170256837209755,8.282863383988833,6.376298981352143,4.976742354991446,6.730266522920671,8.855826712938017,7.583067117565001,7.222374811435145,10.70388367649669,4.593054302001128,10.623526603109132,6.836322043708611,4.816046629785471,4.242520704908185,10.040275489529614,7.97051278147986,6.946861047990819,7.4129009253013995,7.4434842328659,8.785918617228157,7.815903805229542,6.666695900582707,7.267573085746471,6.287039850274842,6.803522212325046,7.227657532937121,7.363619430744632,7.78191845721526,6.047722601348254,8.08544680850729,8.502337242336427,6.178193654204428,8.72348169402088,8.14419974192519,7.260430466470072,8.622759846338749,4.014410153576344,7.301478674001917,6.918874104860981,7.61988174001559,6.360348457886144,10.031188382702403,8.020044623114458,7.460853130534295,8.843409263161515,9.286268748492617,9.07708012109668,4.467734254518659,5.188722346464933,7.0102059615927015,8.422158941260017,7.707176308930473,7.660807826933966,7.663176413762434,8.939045863096473,8.596530713714955,9.552319317854412,8.598796885162228,8.324800492373061,9.587571020622308,8.897908105704804,7.531863500753258,8.58671570887267,9.608171855140975,8.732488023998952,6.623486759898696,10.229768810919893,7.381082322045384,7.049533296474225,7.440374596258368,9.78781140090914,8.085370405777693,7.023502883139414,7.377443675212464,4.716790149323121,8.603088830163536,8.998348779067795,7.4054732927876605,7.460293777628724,6.500391921418541,8.617123668892422,6.842871438304183,8.566960423151931,8.189299864810074,6.331582216119531,8.50651268598939,6.806056388837039,7.638303551749783,4.6728487181567155,5.1031415470608605,5.663183007813108,6.2770499414219225,7.386904827059304,8.756776703540268,6.771419208053397,6.7518782426128645,6.668180411737212,8.063239797277083,8.573058112670092,7.026215152216629,7.3136922168161185,8.950586635164203,7.507391793865196,7.026164579323892,6.715167685303241,4.44281847601551,6.9467945253409695,7.363783593719481,6.068213555071292,7.678687772088182,8.055913809516742,7.250754044534977,7.162252078034796,8.662472094112987,5.751205548938815,7.259276081708997,7.8395196866218395,5.594238900066038,7.314243326637329,8.672599978499074,7.096622859337226,7.408348237120426,8.840190691545743,7.787889131217495,7.404230138369615,8.31819028705349,6.893164931920423,7.905491709062239,8.57002034580177,7.763140787346498,6.424165024288049,7.956502131870326,7.098266931611135,10.392958584615132,8.965070803435875,8.663332822699994,8.534145365880262,7.372539278609874,5.847621275867351,7.313171094752862,7.034124408756795,9.800958876500196,7.334206636820732,6.65304085999485,7.56248146108146,7.0852901217606,6.696708852225777,5.338719081064133,7.352726452008255,5.923019688518625,7.913654831630578,7.562371031520544,8.186597014990163,7.151425011160491,7.0543367200526905,7.548162751149593,6.455450291250001,7.158286970623309,7.264462585178741,7.429897818188819,7.182094192376882,7.73873959949452,7.6139953675538745,7.111684881571278,7.229647367392791,6.8323548707295165,6.856093649792467,7.2059055203456355
20241106-297-Dunn-26,6.659178415337315,7.592228911008514,0.0,4.815887753406619,6.385923316484166,7.595570497679781,4.516136009749004,5.540776737091366,5.908289947119011,7.517810982840137,4.186538181574223,7.271424831667741,9.612681167073637,10.333903692386075,4.821888201524434,8.56433801820539,8.269467630369187,6.880419456713971,4.463824194504718,5.107970429499551,3.8365315388817818,8.072337851424738,4.782073307445242,6.193900627360368,6.8741319288926,7.922530654774538,4.407561420301324,7.303690118629402,7.022562152601821,4.898317451129216,8.191807120854207,6.1581911058932155,4.822213548805121,6.74240898366312,8.799251590911398,7.6406186998705925,7.146543948301479,10.678051785117,4.756425932363688,10.59758635242486,6.867549344595874,4.877563028084073,4.374199404075442,10.004462638989587,7.926699968874415,7.031648392203043,7.324301069687625,7.361730381969409,8.777191132078881,7.846902694448409,6.681071360352475,7.210573872696083,6.431284486576366,6.946104497763934,7.275871051526732,7.338227421617505,7.752167813681271,6.202368124847769,7.970182631939849,8.489286516054703,6.189814948010449,8.687738645613685,8.035074875534807,7.221730956986278,8.704685332007328,3.6950039819590947,7.35544665913546,6.935795381626142,7.624595366458443,6.485561657098212,9.984219663973207,7.986578803457111,7.547633949119286,8.82032043589166,9.232375549836863,9.1155462100925,4.291165729233722,4.9243335696631805,7.090173921459118,8.410279399035964,7.7160588722320895,7.733716063136008,7.703714205500424,8.934883312614907,8.611751125662229,9.625730244883098,8.570440263414989,8.35019900509507,9.566873358344985,8.851334097893359,7.4806448614587575,8.545046490376558,9.575285282290015,8.726732409251632,6.663463800798108,10.268307476231282,7.323489982920252,7.074936192808369,7.480449433166407,9.739716036108788,8.038883137161422,6.975234818258868,7.376671811786629,4.848338400820373,8.600251369545527,9.052855576002624,7.508540061106406,7.502042173255413,6.666914805951978,8.61347962729993,6.838436700118439,8.561177667240868,8.24083288501756,6.334811515451368,8.470061251316025,6.819359672998546,7.579370316059131,4.367122360779534,4.966171760193253,5.816162905018271,6.29093228113301,7.420669759587082,8.678249585504611,6.8737505224635855,6.750524823007077,6.796532388330451,8.10909447295323,8.568516167473861,7.055449022062285,7.259140916177558,8.932508746785958,7.536184420139393,7.029455786795087,6.843391781213394,4.616944793528725,6.9479366674136624,7.283472740157696,6.028016720474823,7.603792224428164,8.06233463209948,7.250004360089737,7.1753295984995,8.702098557805375,5.458394853328409,7.268168608578587,7.83271114319691,5.599784282810736,7.226427967957844,8.575262119397244,7.118993922095964,7.3737361770881025,8.92014408993292,7.797890220378318,7.376337270773625,8.319008000911944,6.7965622543947575,7.9874633100996695,8.565508949958513,7.701837165541441,6.384861687015598,7.978850945938226,7.141196984900487,10.311165928547762,8.899433651559537,8.688456025879496,8.557920849667441,7.303711704497734,5.587618596595398,7.4052167310051695,6.9925689077669855,9.697493710890964,7.294248941878889,6.701025628669081,7.452489762266906,7.090139339241636,6.699383845130699,5.217171516965407,7.405250838915716,5.992213415890984,7.899658711445276,7.448259173920025,8.190542183283625,7.231929610668497,7.084729893448144,7.471794873868954,6.5575244216671456,7.264463440641751,7.213331938771104,7.356885571373947,7.053238055518832,7.6901032786618915,7.5852387318060135,7.2176185579436885,7.194281057446982,6.798524534005039,6.780032009276122,7.166709156984852
20241106-297-Dunn-19,6.7338380629697605,7.599247102445972,0.0,4.449789756317312,6.4224035134123465,7.610841897428491,5.06847612171153,5.614053049507244,2.4885584247431187,7.570686209971961,4.352323803227624,7.211831297712817,9.482130765412386,10.262699576429242,4.853029587861575,8.412838524561012,8.245499098477408,6.755949430482775,4.767900055537586,5.364761509300131,4.014005608802467,8.12060032427409,4.982220885797281,6.052469379638836,6.818903001744732,7.882893263617899,4.433261446803844,7.259506231187538,6.888564484491838,5.011029242923019,8.202255003413272,6.205752114338969,4.974261285416911,6.714200404303153,8.770984513024604,7.580520360970146,7.265682343739996,10.62299773243599,4.878863880530276,10.62781081540349,6.801619258536971,4.974469145004425,4.329745411102747,10.057277776916036,8.055271869348566,7.065688189098557,7.542289792322806,7.278127178614941,8.720382305795702,7.695778859492639,6.687261932491665,7.1871704243491195,6.402457820671768,6.9289740946378275,7.32460358909935,7.414223862882427,7.773464696445421,6.119803820173683,8.031646920128622,8.469703390892667,6.178102982197009,8.768364053782143,8.042451383123796,7.233318578221167,8.560671477328558,4.520660896116148,7.226377957709095,6.9322066521302474,7.519570583694719,6.476369936044487,10.047395564729806,8.075356805511126,7.3612431862353835,8.836262752897346,9.20676995392804,9.074490634260082,4.250478504334097,5.194754740336035,7.08650288862597,8.357617378728103,7.787700992063337,7.7122505294041765,7.680802020123372,8.95927834521395,8.698723310588479,9.488931386061818,8.602177240564929,8.315268171871423,9.57788274643058,8.879754314229872,7.52162590717687,8.544997830714268,9.486346077022729,8.736941734180402,6.662848701020435,10.07694088399586,7.348495675065536,7.112483746465418,7.3800845760443075,9.726582997699182,7.999872008546721,7.111533539258962,7.381242832090671,5.154545595295512,8.643940927351197,9.018487522593826,7.463136887241447,7.5270927158706975,6.729702718736625,8.592374613437066,6.852748230717873,8.509607884862847,8.168163460421338,6.314614924104984,8.544212393654819,6.71838049121692,7.640136070012413,4.608493021231418,4.98013871366751,5.796179076613486,6.354160848628771,7.472368331884226,8.715526495455993,6.894212441837319,6.730401655013807,6.6016587959161805,8.032529445328391,8.60549951531009,7.124675938077846,7.306223710104527,8.856584185228343,7.530365762371575,7.0050672658859785,6.721338797118497,4.40657725197076,6.871398346805121,7.351812760872853,6.0354113933105795,7.656247424654795,8.057445511731695,7.154119914293314,7.086373078972216,8.694950828064995,5.729746942591572,7.256907424855285,7.792556765721642,5.7146205731026924,7.301307025742755,8.606261632111664,7.147865638626055,7.442159744637421,8.85207721974409,7.822254955000997,7.336750728282282,8.251487966634981,6.892545777889374,7.868362736670373,8.556403783374204,7.739686172238477,6.485645890122617,7.975576243462729,7.180619897468577,10.296326589201662,8.901464044639471,8.674814289632453,8.523943520303833,7.273313922772145,5.882065487459162,7.367526249767558,7.016791699338559,9.717716924974955,7.397114789373318,6.784444640106866,7.514942556923965,7.159215359003091,6.81341864112799,5.3881410232120945,7.357575648985918,5.966681154975664,7.906628546668017,7.556067782320527,8.15520469487306,7.1635203137262575,7.193337880905862,7.425707546800964,6.629216662253817,7.168992084993972,7.158899092660671,7.413351444142415,7.100695789361447,7.771064845807961,7.621014418583136,7.23943066771748,7.215898006703478,6.8619190824504255,6.85334613155041,7.166850985095701
20241106-297-Dunn-12,6.619018900279527,7.758483933174255,0.0,4.578245706658833,6.519501656704713,7.570998031919393,4.854475016984853,5.605979812744259,0.0,7.521769928953361,4.708103657760747,7.099801866509396,9.40928658624642,10.243543411330936,5.201424413479967,8.40444446855208,8.28558340762022,6.826918725109568,4.620134048807092,5.092338255752175,3.9897183672879537,7.993116408781584,4.487583075371935,5.762482035825575,6.788420498203047,7.905655493799912,3.9494604626001313,7.228840315760925,6.874705331599583,4.882763696900381,8.245282031777958,8.02640495643974,4.670970324354369,6.864716853719168,8.78308716142331,7.5798596554047535,7.142703448616597,10.65707605646962,4.576911605374616,10.571318646545082,6.916717959434068,4.750424055485414,4.332920767159364,9.999806509246836,7.898447861899558,6.8600805020112325,7.374766065659478,7.44183287619615,8.775170264063819,7.910108040388542,6.635920540410092,7.290664735573526,6.27214746803248,6.897154559094685,7.2526731907978395,7.314216283747496,7.763432498804296,5.996886110174528,8.055279476379184,8.525316556735504,5.823254400515297,8.678341054530677,8.149709537684277,7.2780102091229235,8.776316536956513,4.020317098972905,7.427823406404539,6.894962202271578,7.529725026870264,6.39330771424575,10.009998838110421,7.97243768041029,7.637299800891614,8.833429443204153,9.264030451968397,9.154574663154929,4.345549649813342,5.012718063570489,7.075925674667554,8.344996692666113,7.7157876679083,7.7484565076805465,7.711796720037386,8.972569679768855,8.583059875777218,9.711716890424693,8.578792803089708,8.332176058845539,9.567592068667278,8.880925305249557,7.499247491026139,8.56646127060319,9.644931566427934,8.688818625850857,6.644590017265818,10.31666145323452,7.326870081134644,7.084599589534817,7.424384000094338,9.831935891102944,8.061617163685664,6.960053767675007,7.320851403131756,4.9912152254487925,8.603037990838587,9.005763208042374,7.478018984021415,7.420879329359319,6.581204119314174,8.61964424580217,6.784040604251763,8.50689402243779,8.263260470175549,6.321748959849946,8.457236306806195,6.857644680907375,7.666822491426219,4.269581973565027,4.616167802700713,5.603739478384126,6.2967613271268394,7.23091725402386,8.755458006262183,6.833402369530621,6.685492541009603,6.75666253729481,8.172134431132259,8.565493042128754,6.9673296401359,7.319231839555367,8.981394971501915,7.492575828933711,6.977194425016827,6.78889948125442,4.450774835015695,6.840818410894543,7.269762751662253,5.967532719291437,7.710400284781819,8.02640495643974,7.174234649536879,7.101556458488431,8.634255431155449,5.46477298625579,7.259581338999929,7.817827293962173,5.485621902465713,7.346802367288372,8.659373705979114,7.136955245445878,7.366204686096192,8.880577397670095,7.805472097373665,7.344853361373504,8.262076937192868,6.819322072301791,7.920481040674514,8.545534163442015,7.692725213851053,6.482091713972142,7.975109999755725,7.19790740137071,10.309371229175278,8.950963998170325,8.676601470749814,8.483910486829966,7.263945713125816,5.650440037694961,7.24695845543913,7.031335422647969,9.727228380617843,7.353130113043457,6.86585160154497,7.444974498255503,7.099432390842048,6.689010595641434,5.045266557394646,7.2631075296324985,5.913656996504501,7.917308923938495,7.385069195447647,8.138606242827114,7.303543374350019,7.10050947820463,7.427320217852642,6.543019582948685,7.281462282791091,7.2015068778646665,7.255874769296186,7.039634052845339,7.610573653255137,7.651340993859196,7.385310489619001,7.189847061010389,6.69143428900839,6.823771193032862,7.265165291726582
20241106-297-Dunn-8,6.659944396335561,7.660558380518872,2.555982120372445,7.445824880968771,6.531388617972809,7.564174591382516,4.722940723321086,5.565079263027083,1.449895882912383,7.680744004960934,4.395392916855049,7.247301422793022,9.546243647029318,10.2880621892779,4.933303890319745,8.471948929984617,8.214005947236204,6.674173900797833,4.4569254311759945,5.319595563801134,3.941289432043789,8.044119665965875,4.842398664583888,6.145853677999423,6.737579726563936,7.9383097250011625,4.078682299904327,7.232727354432049,6.7723603403381984,5.138392980157847,8.184218734557696,6.098051928791904,4.6752135757452065,6.7552635892444,8.748258246960422,7.625596665683479,7.164424624895778,10.738289341698302,4.508232858057693,10.648291678907768,6.765478247328446,5.072207668661329,4.478070994866384,10.01601593298535,7.865936342093184,6.865776660833709,7.376226426609762,7.321815956350198,8.67924210904801,7.7238659201154585,6.54631459854175,7.154108003111394,6.41285760563447,6.8566363781873,7.211107837077596,7.1975537514150485,7.745286646924286,6.064946678196477,8.056980132386572,8.54205230914719,5.9924919667736996,8.706443802545326,8.212900906498389,7.140441796557732,8.666221259093312,3.840667687275323,7.305236939294748,6.833957460194358,7.536217666147074,6.410911774540453,10.034312769500746,7.953263575170634,7.443464403932469,8.872580919818299,9.234805376007065,9.116015202468521,4.114991686044069,5.223601611901265,6.908940779204612,8.388236603145609,7.738625971896501,7.700072249068304,7.645012776229763,8.930487426165646,8.57541051088227,9.603045337890666,8.55363930600748,8.322272763257661,9.57534398423908,8.919544931944952,7.434196160113617,8.55047361354474,9.52275430834587,8.687842858797934,6.594223540532774,10.212490680247077,7.2853172868935685,7.110446282716304,7.414650769736962,9.728122609430608,7.950259945924811,7.070827022341281,7.327075961302144,4.656129730318348,8.606757764083426,8.983106429845392,7.366809568598955,7.445824880968771,6.693954399400808,8.62628784556995,6.7807409717151055,8.533449348739556,8.333438449230618,6.311246655831408,8.53236637032318,6.864287506432207,7.801245410124251,4.472037993668579,4.8941545673996565,5.574005969902798,6.343043523425667,7.2572832552667075,8.68149201302064,6.754830249449236,6.633057587752716,6.725562050293903,8.056541289868298,8.612004024588336,7.077452118015098,7.338457816689411,8.886803446077506,7.432698219269216,7.009340104116035,6.681024060628485,4.395250811650626,6.812595222356317,7.251812223045048,6.024256586498438,7.634895362755275,8.064370076113574,7.316839883741377,7.143393778394326,8.711560336590523,5.4356821407229186,7.132669955042996,7.863744025330045,5.669579195083506,7.372375849867372,8.604366697669205,7.086198330910055,7.281749049004919,8.88970321662631,7.818530694752733,7.325039309510638,8.253782254395034,6.849367690134015,7.864177080050172,8.517003132750398,7.670837006677957,6.576505020344865,7.921845183468936,7.077432852410674,10.432180364518512,9.034104146905726,8.637486585919318,8.528746905446198,7.315514073085019,5.783283387275496,7.246179580883332,6.97845492170027,9.817177935945173,7.304282760958548,6.620223742354811,7.545695275384126,7.084304959226561,6.66398366741791,5.2495543471946124,7.3267632874617865,5.931609488453728,7.907114710732562,7.396654953775023,8.087650682940014,7.115292548478939,7.051687946409877,7.551424636483925,6.5935256643516,7.254256686996849,7.113124148216188,7.383971684333442,7.250625752216095,7.560681406559538,7.622730382492224,7.420198174996044,7.215942042940506,6.781198802100755,6.819994374801646,7.230046549568051
20241106-297-Dunn-25,6.577758311907669,7.57219484168432,0.0,4.598177873451928,6.5335308189965815,7.569279863764131,4.636160117911615,5.44012196956117,1.739895213006279,7.534430332493722,4.335747408439728,7.277699828774837,9.578403297755452,10.306712250837332,4.941728185448353,8.537520703603377,8.323339253270355,6.7107831703797425,4.639524448588205,5.160499462543616,4.122435070939776,8.054517881985767,5.150117516137886,6.0099606579852844,6.861329039501187,7.84028214484884,4.30891606573998,7.261144472852255,7.026815789456345,5.210892789361068,8.202054197420487,6.323505631630155,4.811559373329965,6.93159718280765,8.780421462807318,7.773479311103275,7.186153687391451,10.66552336588757,4.797641611420668,10.585124219121008,6.979739119989441,5.0743479401067795,4.406523805474301,9.982426344047537,7.875131114192036,6.890214709569977,7.4108383080099145,7.506454488382873,8.730287368416244,7.952739268890086,6.715744189032944,7.1800639985371575,6.424896559422064,6.884249185981715,7.36058745559723,7.317167293625152,7.733651913242004,6.166440730510075,8.08101718871678,8.65295348367521,5.877575296769095,8.658337979103486,8.034324253427451,7.195704319782598,8.754755536493535,4.335271236057978,7.468158697553241,6.936531478517612,7.5882011595081735,6.54271198561107,10.056866607235346,7.956689727923969,7.54490445122254,8.814044607975921,9.230332350108844,9.10808936249141,4.582165714955259,5.182148131409874,7.284197681006116,8.536671601616236,7.7882855989932365,7.712538006031605,7.665926088259776,8.963140656539748,8.559123931515996,9.684880673238535,8.63598248901479,8.321024881542948,9.561931926569486,8.87102042820714,7.436286857399567,8.72606475024339,9.515953222475837,8.722637927682438,6.539410925779549,10.275790975940165,7.287839911496273,7.052811397656952,7.418067766882362,9.714825991422599,7.982281481550235,7.112886683023022,7.34402687577481,4.786268816837204,8.670839985150547,9.044966841568526,7.452320734129805,7.501256715569748,6.772685965072608,8.805193683104582,6.781147141508808,8.541579762026053,8.443308603855673,6.431809927049064,8.441362532612189,6.928536352433858,7.608214579649008,4.801781914546601,4.720142850517773,5.723093825220395,6.2505731652028365,7.337455117056957,8.675721605444481,6.904106270709157,6.760808696275443,6.924761520891024,8.035445718892396,8.62931161118428,7.1296444329963995,7.375577581842818,8.90682619829722,7.452304039413683,7.009544505552821,6.68590257352674,4.413918186547984,7.000694339877716,7.317631658757381,5.920967256581236,7.812364862489312,8.02951043859227,7.1506839672970175,7.353191019918033,8.61630220402478,5.536785408375341,7.327442147385319,7.841637922032387,5.569073765437455,7.235064329436391,8.555982300392174,7.107283228756477,7.333491970410623,8.832794555653965,7.757309010924528,7.3616247871943985,8.373871884729265,6.927370746210371,7.982852211975355,8.57271085647807,7.662767856633624,6.531070338553531,7.972700796451267,7.034878190246036,10.293976293217645,8.890156558352103,8.68819539508034,8.51872184252947,7.205404235183938,5.861892067866083,7.260168728514921,7.009902325847764,9.697680200195379,7.259474525010491,6.8485546877291466,7.550613464678215,7.129243873073453,6.641756425637415,5.38554655772245,7.366849524880035,5.7733941263484,7.955536395549421,7.465102346484883,8.229577623350437,7.18003154284115,7.10993113330537,7.430121913956247,6.5785562537506586,7.393917370953707,7.201309445243474,7.345319328654759,7.036343738819356,7.617405624526828,7.565355086172065,7.240318685076809,7.113452431273844,6.853976570771542,6.858795201997105,7.3047590335511785
20241106-297-Dunn-24,6.690291973939634,7.608764754831866,1.9679197847036198,4.600437862114837,6.474363026075162,7.5656327729363095,4.576953113600257,5.550965311478809,0.0,7.54160059952872,4.57691383859781,7.523672159846309,9.866721279282181,10.517749736535404,4.863196662238188,8.74677412616048,8.321169574993307,6.875139106610254,4.736354518513399,5.401535312901655,4.084887155171282,8.05987201162978,5.1346618927675465,6.058130384404462,6.844798736633334,7.925442591578404,4.6303890156674035,7.243903608532216,6.866831250208329,5.263084798866538,8.250208200417125,6.307610499999431,4.7901292833961575,6.835016055073119,8.812207597367427,7.634609753796387,7.172055573335237,10.547628961170867,4.666808704665175,10.543254955748477,6.815378436569438,4.963035322638522,4.361781764661255,9.998667052493229,7.898862341927891,6.947798588769783,7.552721356093262,7.418963130144562,8.752059574601303,7.885015622341265,6.677925798599028,7.214857221281015,6.400851689170135,6.878069388159071,7.274411262554494,7.278400328154226,7.748744331986248,6.153879675347446,7.988927424934511,8.6003076247528,6.0025485607261615,8.695652959864516,8.029093666747155,7.174014962208754,8.764124257783479,4.182538799301999,7.3917017174381,6.87435684545373,7.538431962340996,6.4818617891286285,9.926272406728502,7.990780036588876,7.581714710091818,8.801014740591315,9.239886620696089,9.068528619616247,4.5874500978763075,5.122649439670322,7.181630784569616,8.449482219138671,7.840595003161358,7.675861759653275,7.633688467568888,8.95271432008707,8.55488128394042,9.698870911365805,8.542550327855356,8.291575643631518,9.503601518107677,8.79780719115929,7.496554641554536,8.617881412498862,9.539499417690632,8.713109931021853,6.690753330855794,10.270422601197275,7.337681529567141,7.031334880342998,7.467344265518059,9.716206246050158,8.079842642169595,7.1128284072060675,7.372793893392485,4.887707551306674,8.62641102961242,8.962898149663669,7.47168534959369,7.443686469722216,6.711061717646128,8.704965771689523,6.888239374178411,8.48328607700829,8.346748275152565,6.430129762910226,8.465167172882396,6.798713161070521,7.5553556216120175,4.658839524006944,4.824552841419452,5.796175508442613,6.3683213376950905,7.3347282573820305,8.71405993829602,6.969125577852872,6.746364760020594,6.776578768525184,8.072253505894887,8.569318420263969,7.10888211160729,7.249275858422203,8.839978459038509,7.462724568348135,7.003127966975748,6.8423183562869525,4.329762848906183,6.927745036733181,7.291582383889517,5.943012368214077,7.706427214596926,8.060684553089331,7.171549960925054,7.268170322257817,8.689335577308357,5.530047839976727,7.211428128100512,7.800277656352341,5.56516511036135,7.23761821394591,8.619272370516011,7.095173445900005,7.377551848280025,8.849107514433818,7.78432190620073,7.324473023772478,8.204708345860773,6.906274336606625,7.825899030442413,8.571670470943527,7.680148701653159,6.616181678273074,7.933330223971846,7.138576521350361,10.250241406926879,8.876209360724038,8.691094611105935,8.510570940574654,7.188018566077393,5.848166167608334,7.324408191337451,7.025331446918826,9.676975800005176,7.318718571086808,6.831656164309567,7.642062384418275,7.168013658244856,6.6784375980468145,5.528477963636119,7.269761215235949,5.9212081008454085,7.8322188647113755,7.451813067084894,8.102695982389582,7.225642010683488,7.04529308352739,7.4185783646641115,6.65032467215385,7.118984412789096,7.1782137185957495,7.30020597188749,7.041149648114816,7.622804592129766,7.617164618147052,7.197254586448941,7.220372035488885,6.8387093077679175,6.817181919853498,7.214751470733892
20241106-297-Dunn-2,6.516805696141126,7.887444310667081,2.607679089351332,4.801899322131787,6.67959136949995,7.463187050942842,4.471428256221276,5.254954198351743,3.2667092966940063,7.644964352961788,4.308875140222121,6.869443785062786,9.17154407003204,9.932162923074243,4.850850660480859,8.092980735663373,8.23779158597725,6.9814308040228354,4.083883273637173,5.222517245853595,3.7707048017918914,7.968652750175368,5.0214207935489545,5.973619098913214,6.694775398307776,7.832841023846107,4.296932397183762,7.087572827632171,6.695527232582073,5.179517995238336,8.250018093980211,6.387983196531648,4.705662037057845,6.762502869485783,8.802361303517996,7.609904903512765,7.063826764605382,10.7026850337013,4.5342973570933065,10.612544630215345,6.892112680145704,4.769484976333848,4.419082913218698,9.98058878746085,7.8191954961839825,6.788999948919981,7.449032743044943,7.617159420284443,8.786871770648368,8.066621121784838,6.525549510469204,7.403459546896295,6.1611981338444854,6.805091118396202,7.428828613369684,7.293361899153174,7.770128656097422,6.054698994224796,7.9673605331522195,8.509734484783165,5.84397802405689,8.589976296837085,8.18569232003518,7.412888366151275,8.795873801587167,3.522273908256447,7.561285350345442,6.846179865896382,7.4960238859442425,6.339543676747681,9.988968267610195,7.901229705919586,7.709201231616845,8.78352226486594,9.391594639128447,9.255785373319652,4.148137604254436,4.98393237137031,6.935030766622927,8.349905780817254,7.795154501475638,7.864040781103494,7.58582626799882,8.880001279799409,8.507696319413427,9.77399778344146,8.531413535476858,8.232812447642882,9.486895177647224,8.765273392637747,7.379249352603544,8.557447005963912,9.730523422894791,8.640052573658801,6.450212125768477,10.360771138590131,7.319102775954332,6.99698279611982,7.510291650703869,9.921912524465727,8.193895123008287,7.017854605397979,7.263257864036936,4.660176805324056,8.696847427758644,8.967935236494633,7.510585690188732,7.408549654843538,6.616325386612533,8.62187451163617,6.8454030211468355,8.648459648148208,8.270057552953695,6.340276658731407,8.4058519510132,6.944012179313727,7.702058709362898,4.486166716126514,5.025314168872374,5.639697539023618,6.201708962586098,7.140846142327244,8.834693055145154,6.741406815953207,6.750117317345994,6.746090336362273,8.263902712193833,8.672815966938664,6.911475940857907,7.252613774851193,9.096237152441352,7.402949844128115,6.87414899207927,7.059322285621113,4.238901780316252,6.876889111689449,7.315066632788724,5.853895641904209,7.6576247700904245,8.131941136967214,7.241115271665749,7.0402972463155935,8.628922673572031,5.2985755063699065,7.112145678335969,7.7798912900276145,5.418896551003393,7.314471365971691,8.743228635677761,6.948966200434838,7.371154790046567,8.786029659530273,7.827135111593595,7.479330201758552,8.181326370124754,6.752879067419177,7.794138277389723,8.662638663075544,7.8865817800038895,6.4844131758951,8.096697331791267,7.261051474487053,10.385412530934165,8.96249442242028,8.813254179477216,8.491388659223247,7.201335405014905,5.852863981257218,7.106383445778462,6.8581976069480435,9.780894275099545,7.497401358823687,6.819192037052443,7.6064850706947915,7.2854986035256655,6.594518494639572,5.18236727198638,7.345042576017119,5.753475111957109,7.920128763591745,7.291360386916176,8.005200251374426,7.3826558371280875,6.988490979141983,7.509278508360889,6.427861620824505,7.137021335390921,7.343682687404327,7.426612461439107,7.1270382354833615,7.483779673477703,7.706088838110027,7.391933794341832,7.100924248160378,6.763822152521847,6.693119268202853,7.224504324629661
20241106-297-Dunn-9,6.281589787324224,7.3261567488282955,0.0,4.517763182145609,5.968694638164575,7.4068005156908265,4.6148922801764085,4.6231336306001385,0.0,7.622180057986331,4.779128621355663,7.261635193604018,9.57989588351361,10.358192400130257,5.014928042352969,8.541872349483778,8.288898812136283,6.761524445495867,4.921223140146156,5.495802421801997,4.221280822296792,7.966661735430984,5.157406453473832,6.041207561921357,6.888066386680613,7.87657195293853,4.671984179737481,7.233845097315094,6.671229604981525,5.235027282710903,8.216631193961474,6.244668847842489,4.888260053970263,6.881548132428779,8.77397897036087,7.646470399337506,7.16379518664906,10.714161024695388,4.6486384235066085,10.592116160397092,6.878568182968715,4.957847661162305,3.9436661381290214,10.010928289185957,7.852282935758228,6.805442786563567,7.497801522187198,7.3648585914131175,8.708483944912405,7.832795928106151,6.701054063787504,7.233594838792901,6.312861939574787,6.921813864429087,7.288082674832342,7.368978255951933,7.848565828903178,6.144483066928421,8.047744434362153,8.581594989625625,6.02927513449074,8.695669093210695,8.115245183496745,7.311574250379042,8.778973703856154,4.569029741346628,7.387221282026764,6.91986490987206,7.537584767547073,6.472653079289218,10.01073005476333,7.975677180318326,7.60503832829455,8.850654577732783,9.274821229117524,9.140694409106727,4.426553807700895,5.050531750223206,7.151419522449387,8.406330701339986,7.867957960333299,7.764474793515523,7.622908891008308,8.983972845714671,8.583599794648517,9.704657166984045,8.624752438785714,8.29374445695508,9.572959250400764,8.87138004936449,7.494637626735391,8.57170967219025,9.621198563757558,8.659622067556251,6.7274465661586484,10.303450384118282,7.2717031664132366,7.091283493551376,7.430325360172832,9.80013772279381,8.056819202949791,7.141441926344482,7.365203614415148,4.6740484603437435,8.632280175684736,9.041646922004281,7.528703528149162,7.484829497697126,6.803598320985826,8.721089586488539,6.819968300612246,8.520637318238828,8.326247275320325,6.502102375127737,8.482029959212355,6.89004164251009,7.719631837476542,4.711002732382414,4.984601689584231,5.655552551731923,6.313341190137971,7.148531173261543,8.729242691471594,6.748884680517413,6.733153501257666,6.726545130382772,8.101879104364992,8.610111276872964,7.0886815409157755,7.34900098340722,8.99283504395945,7.5462494419020665,7.017211570159227,6.82384037245278,3.9150054338546383,6.950646811765347,7.263332006112156,5.9768932759574325,7.707692888038212,8.082528583354929,7.3626586603705,7.215789884700908,8.655105052472953,5.804399818387864,7.065727421623388,7.8551303513991,5.754357333389556,7.375352808384522,8.599227952276795,7.077107190345979,7.387116457048928,8.822587553756366,7.863793128727985,7.391009717492327,8.130530620266057,6.920661446598718,7.653859891261916,8.55246414620537,7.7909723900571155,6.728371649185065,7.970216918913637,7.093346463314528,10.373750784221825,8.919452881091424,8.702284077527057,8.504118001951271,7.184473929108175,5.645158644127628,7.208595338552714,6.981231722751438,9.703090124493567,7.312559283591082,6.6723417211647815,7.7144472785408675,7.0725674684116315,6.592157876426219,5.32440927517477,7.325577487785655,5.865562395884319,7.944755291897008,7.2906187652341785,8.040213221065445,7.216501913278071,7.107638865648765,7.543112381317364,6.557786019399396,7.2569767518341415,7.2415533316751,7.417906743561843,7.179285145694472,7.517733907939819,7.66176937840651,6.914006509845338,7.179869213395911,6.7438797777746915,6.820963803339915,7.302533242699915
20241106-297-Dunn-14,6.6358898485518045,7.6638111395282245,2.7446889691618823,4.533085689960862,6.522045870919818,7.572004006770644,4.425504674879423,5.402690281005364,2.9583755881115468,7.583732343716521,4.556132568559909,7.447460740428566,9.703380818765018,10.436873532486377,4.860683176689291,8.633322480374176,8.276676159463301,6.661370377670563,4.372922627513143,5.346672013662338,4.466668630597253,8.077644103723735,5.072176866594344,5.938825066804244,6.674812333316683,7.8782845581358085,4.275083555312153,7.234733817514312,6.669204797728805,5.095272417785598,8.1221714512452,6.2443274382921,4.608958470322635,6.835489096288096,8.786368896867934,7.725811150182255,7.242180905056713,10.683396029045305,4.272050459852553,10.605959453607639,6.782667360638559,4.920840987720317,4.4139232228575755,9.984733255791276,7.864567814092485,6.786337810141109,7.528351663430645,7.457739816821095,8.773271838003717,7.958383049610205,6.608787571267591,7.240426599475984,6.3231874757652955,6.861877373972862,7.285886138883302,7.295892022802075,7.749476766725053,6.0342781241654215,7.9975578552926265,8.636080842300322,6.0135068655792105,8.65357519738531,8.160458825940596,7.1856136244121975,8.760940071240395,4.0909346726842415,7.490226931668759,6.880494892538394,7.493987219716191,6.46379854946225,9.98097820853955,7.965115824681639,7.530038814354024,8.806698218090858,9.225044266266142,9.119695564590549,4.772702266937798,4.910339286059033,7.27382760238945,8.417485436660186,7.855763401443446,7.732915454722681,7.60481830135831,8.91999977222405,8.566035850623397,9.699764258313925,8.527340498913247,8.316526593650817,9.555397572917533,8.82043840393529,7.493857960923254,8.604983165429111,9.550802129087298,8.665407074922742,6.624603385738884,10.301707078996836,7.331273765718885,7.005075285869809,7.342669474626689,9.746596417820076,7.9467010991827935,7.184886887698751,7.339632000037851,4.610850361968366,8.63704097181887,8.977743760637809,7.431775309153368,7.427918568369606,6.814371383643246,8.735219697376087,6.788425513449544,8.559188653751708,8.361372200137616,6.357787289976502,8.45021291902765,6.889274344071985,7.669121878060501,4.5943959101756855,5.0048884483616165,5.623445534988389,6.387317574523865,7.016310443681952,8.663793250252388,6.859579771370757,6.727394183573604,6.807535446022238,8.049465179669319,8.596079746222248,7.101697586650312,7.364881522465041,8.917532635371524,7.463464675811182,6.92057678181277,6.99922606819416,4.404489321289282,6.848253632005163,7.3646106739043935,5.945075732950615,7.70829760861716,8.070050067003491,7.2450570086164765,7.3160881177712795,8.662759006918767,5.622873058558697,7.012393731666261,7.749262158632643,5.389327130440645,7.334716266684204,8.614856361002682,7.093538400964646,7.4042177106214355,8.857134566111831,7.820257945989513,7.306764666937605,8.067404207638184,6.840969615764965,7.6503452538099115,8.51785047214348,7.684602589934376,6.7486964571072905,7.89312507292342,7.220225483871631,10.361655224729656,8.99900731485205,8.63238780161969,8.491922798548403,7.2474745686200635,5.924411585290604,7.130886940686308,6.998885136083859,9.766261585077508,7.405919826970783,6.9038754664867685,7.636042981128787,7.060437536951013,6.554051185682319,5.47416291370634,7.329875100340416,5.55317883858484,7.8432631968288575,7.168267944678424,7.934385387930792,7.219207595328531,6.989395224634488,7.511267522241776,6.5738063936154605,7.201118584359291,7.127776065250993,7.337847587888988,7.063334339591379,7.421581933927504,7.673944139481872,7.187571998069368,7.239331914951981,6.805277951968037,6.784202054982472,7.205752560365342
20241106-297-Dunn-6,6.656197853579915,7.645601166783793,1.9885802142453632,4.515469339649652,6.617096376800884,7.509267599809266,4.558700715187868,5.47090137103891,1.0103945780897745,7.570261308351731,4.071185937748029,7.291108462959944,9.558011517183532,10.30839717873163,4.7862997111980015,8.503551591426993,8.231422345173373,6.938615926061765,4.68025438332081,5.339495154996005,3.4500596362455656,8.121742874105088,4.987521657159799,6.0495024760136,6.794676157734196,7.86936872169583,4.383692910777913,7.148154690495763,6.6048589134545725,5.225779866731173,8.188617109429545,6.223473789935794,4.6980498538223205,6.780679153500317,8.766991597685516,7.647623412639152,7.190653461866046,10.722611967088447,4.25100602298442,10.624869231318081,6.7429821321964445,4.7266474529296945,4.106246259416521,9.985464579091548,7.909336337396365,6.765545086055041,7.523265306301531,7.372622653164673,8.736168784841825,7.8400477892706535,6.680179166222341,7.206950978450598,6.331512641001372,6.872688356293684,7.24347647724546,7.221691078580706,7.711552759369741,5.999574617521144,8.031472543441236,8.527950325593347,6.019968314800567,8.689774514949171,8.183027337794162,7.225577537291701,8.712723041784125,4.475693212524341,7.374782430426791,6.915746492242009,7.5476297278315725,6.482320991816904,9.999720860844407,7.984601593328025,7.5201467530108115,8.842073475812764,9.268998465620074,9.14504978488318,4.470444220421916,4.928787153699509,7.137840572393751,8.366641371084006,7.813818040083815,7.7471737154249185,7.637261633957576,8.985066552946966,8.556201158511424,9.658717222844677,8.614438909284008,8.281407435729573,9.568713295971449,8.824156318939657,7.441585736587956,8.550070399937589,9.586936187889483,8.726376422471697,6.619439702280855,10.332900928404968,7.328151269817353,7.058947621839781,7.418994632703548,9.804187138217943,8.013901522422833,7.033310936777909,7.341053401157801,4.981203894886106,8.566656253645114,9.020098426636588,7.441867791628042,7.504979206008359,6.913008595930001,8.649309797247781,6.765807410185884,8.59546987835152,8.251420361487757,6.4193886623425715,8.453880789283236,6.794494267711018,7.730775058393674,4.785601898970942,4.637591014728061,5.5662734503330915,6.3547457067945,7.066862888646128,8.710251791074013,6.752389683206905,6.736110910783508,6.783411042791656,8.07362818173928,8.537672698543686,7.078980047784166,7.324934561205582,8.95194826158552,7.45525363082065,6.985485669352989,6.845137784888183,4.5641057925517075,6.8637138887609135,7.30019159178489,6.009415803174676,7.655881642886368,8.052416134748993,7.1990223655291405,7.156570935245234,8.625704310529521,5.5588467422891075,6.997400024598959,7.82382941137006,5.577611398723755,7.316760786241666,8.619815525350287,7.129045496674294,7.402960177387608,8.80415500814919,7.843003025930781,7.35278036504795,8.020924518355436,6.90285584243411,7.629510102345339,8.554884731443748,7.645058928739778,6.653031838660756,7.958705316975338,7.184116690379501,10.390501085209507,8.987727584689413,8.664374337248871,8.471828841234139,7.184161710788675,5.709475031808025,7.2537652028076,7.014435425597031,9.792083677846676,7.335817043587181,6.6542613702381495,7.675827680733795,7.106178715253981,6.523251457462168,5.47957365641218,7.340865193555097,5.637194501580754,7.888642169210062,7.276819976854105,7.9101482880995775,7.282065643708567,7.053445319754406,7.491085514368752,6.555323790538978,7.075400767917071,7.173429775387193,7.387988086935213,7.038197653312895,7.438790568937397,7.690437818683607,7.239320511509824,7.234649897153444,6.643486432454936,6.72715890106389,7.203627186228136
20241106-297-Dunn-15,6.5995394612882965,7.649499725155122,1.1437006176587832,4.4482591993553955,6.565938669081448,7.522569835117932,4.6130650843525185,5.499297535711656,3.1678538599795263,7.505507443747715,4.3576271507836015,7.222852157631542,9.535862334098654,10.334658455339921,4.913449740538779,8.481861447001023,8.352338943101232,6.780401075448025,4.785614706411244,5.454953764398637,4.073329940227907,8.085509256666459,5.200850364873848,6.057084134060859,6.811886553834408,7.938102200598853,4.289110270909203,7.23871838723258,6.773225044319189,5.273926239039766,8.221491154895412,6.191896669345179,4.837231084056755,6.89374996192158,8.782655178357547,7.720366580452276,7.237735230476272,10.672330163504919,4.437082166774495,10.587544426971556,6.830515861695799,4.9781021583709375,4.204394172612473,10.013439566344045,7.892339449058012,6.846542696586443,7.530181198387716,7.425918429667132,8.732317402390912,7.848199587435854,6.6361330729843,7.269376960324535,6.3354753675007345,6.94405536340423,7.290726471335778,7.35283847774201,7.801164131028265,6.11984011821013,8.058071059394102,8.637679001369602,6.073488046358333,8.693397963757553,8.188340315707398,7.238598180801433,8.690401383157896,4.369050098778238,7.350790424319534,6.960193812240852,7.571531304497897,6.473652608486409,10.002646041894918,8.026847816294964,7.402042013065309,8.8350809049839,9.256711631269567,9.147927486397284,4.770907439402961,5.039972160954605,7.234474504131864,8.467112698303753,7.8556748689573626,7.78560292461275,7.689684860103199,8.989481550322315,8.57422314037706,9.639868693719537,8.65908398553165,8.320543106814437,9.582237654616115,8.860760468836297,7.463064770171704,8.643427963772883,9.541812460010766,8.709070264841086,6.662238412941149,10.24556499504922,7.341893953355084,7.062833148568357,7.412995571687669,9.727630434833916,8.051047390189785,7.165704691086722,7.364107073215148,4.607156730852471,8.65388051777803,9.065115232578622,7.40075517172573,7.447728076361081,6.93477093409016,8.785016636711532,6.893243818273824,8.565466592379016,8.403254091519662,6.4139090009083235,8.471458391149147,6.871909535251245,7.61980124477438,4.850180236170682,5.100016069122204,5.720603836362674,6.404787000236448,7.096216265026997,8.711335802724296,6.859392694990086,6.788678068579313,6.898730920944411,8.04629587394376,8.620310958198806,7.205299017741948,7.342076433632199,8.902081624337553,7.50506363016227,6.98366566156242,6.873348264978638,4.537735449678129,6.962234910459259,7.260166382190542,5.9808246887262735,7.753350905762129,8.120563513851675,7.287187843573257,7.293794837034513,8.728392477387501,5.523181729581071,7.079500048211081,7.840979986213974,5.708567280093388,7.324000642785737,8.618347312915779,7.096356715457184,7.355885492835444,8.856424543470977,7.805277062746479,7.263018815269267,8.12042817468554,6.970337543984021,7.654485662345464,8.550260538500511,7.654521333303799,6.7461676899661445,7.9801168123086255,7.131008308536855,10.357641196165684,8.945413033708775,8.656963629533474,8.467632190532917,7.298776796848129,5.878216726749622,7.1920802599813545,7.028592286310055,9.75868742696006,7.332181350338335,6.6792260272289665,7.618057180169012,7.144087291980846,6.514420919932581,5.494987894084392,7.3357145969079935,5.780268753926818,7.954307066556995,7.2823702764370335,8.045664515272376,7.266027700866409,6.9662135091074475,7.445178047290582,6.593100178220294,7.039019497746792,7.140369513628989,7.386885142050863,7.02659663716344,7.45612421524382,7.619605816262115,7.239183251404358,7.271964018036223,6.833845726930695,6.8339341461073335,7.168960504029877
20241106-297-Dunn-10,6.886641809230594,7.681341946706533,2.2053519390860994,4.759731436959218,6.666968144704746,7.622667708728176,4.5733207837598515,5.457626412011993,0.0,7.669938073779538,4.819896312985103,5.930527414122044,8.2836047271065,9.083304985598984,5.010800903328564,7.093563626473282,8.26833111394755,6.782997804148822,4.667420241469213,5.413583392471226,3.737256763734653,8.071782813230739,5.352602209712629,6.213231728196166,6.812581045620375,7.817312393580102,4.610079279085553,7.2585790556277185,6.772324903413796,5.32797453964584,8.19129156263271,6.220554143772811,4.692041534632594,6.917261807274338,8.845517674832376,7.749189580072806,7.173363706555059,10.782008297913894,4.310629945126195,10.698793451433371,6.747594630362903,4.835335311765447,4.300272365719879,10.131248780573207,7.981152646551364,6.965141899689456,7.693791312716735,7.467848416030952,8.734973211792388,7.865600758176334,6.604309512465544,7.261978102314107,6.488361985280432,6.895355870465693,7.269099918228347,7.3615246358999125,7.715544157077631,6.134302608541009,8.106648454065649,8.619865195472023,6.017292433131703,8.67025740328581,8.057176476372701,7.170399639151184,8.536724746770151,4.544443633372601,7.384618489302806,7.013735632483003,7.6570488262312,6.445411225860295,10.075835224014446,8.087029641152832,7.352020364453289,8.861167513520861,9.303898327129122,9.199372296711395,4.4222090676762535,4.849622249107901,7.181999011192858,8.492061730075921,7.973945031302218,7.7343963264914715,7.701777196442714,8.961110192498522,8.670388510009005,9.521369508633347,8.593711051928834,8.370706832544638,9.618795144289226,8.905606426236735,7.5280050050544505,8.65960733879596,9.589302806210359,8.763193738321963,6.624633392430033,10.122783483598024,7.281911954124906,7.152919037373652,7.379427294195102,9.796575492719917,8.013474281835748,7.283097865492295,7.335422384058327,4.825526606055152,8.661021680104941,9.013054216146315,7.553986687611799,7.559363354239483,6.8945142388578065,8.759016849242244,6.79636002802747,8.581142854928574,8.387932777372125,6.4020797892782415,8.410711423518178,6.9414645499673115,7.554636385069737,4.783925293983982,4.928762383519762,5.873416288876022,6.428180142642765,7.178741780187771,8.72727170188612,6.866940849584099,6.871941099093009,6.786606844822838,8.042947247913972,8.645826207284223,7.232320020031186,7.431220344286489,8.916216381464395,7.462342685051166,6.96709911043994,6.8025969637983845,4.223604952430127,6.970438064826606,7.307187512425724,6.186419736617854,7.7165649197809785,8.11221558875793,7.260675835759336,7.274221010170081,8.718957622152006,5.589551145951375,7.036824818555662,7.82909486052359,5.68128245490959,7.4324942898574635,8.633417718048907,7.144582852378898,7.369777329544968,8.870086138168384,7.817092204602411,7.324608510049348,8.084070869913786,7.035286919405211,7.690866976773121,8.573206525595735,7.703834954932654,6.8041050810705626,7.983498702761806,7.218733541998331,10.34025867644854,8.92826599255505,8.750618328422451,8.518776087102049,7.402606966287264,5.910136231292227,7.19930261354549,6.971257843717574,9.738376742623974,7.420839116577525,6.704858541647873,7.741348101898151,7.24282674681114,6.539273522945833,5.488036806261266,7.377265554971789,5.638292440868985,7.893126808312064,7.333314903447831,7.93853242955121,7.252796553174616,7.030187481692671,7.441055920101931,6.549542370343284,7.167988515876579,7.186172443856198,7.415643390497086,7.035514786563279,7.510612836063473,7.754118872974256,7.334781766800132,7.211642134015356,6.827270532915357,6.8364380600817105,7.17168686738027
20241106-297-Dunn-3,6.724735741922078,7.5680149958861085,0.0,4.498536098426965,6.307717241916422,7.557378252898058,4.449673712925922,5.5811822363901085,2.9405567925650558,7.505325088227972,4.4696152455043885,7.191727060573477,9.501690295059825,10.235801396811127,5.016039445428618,8.437871511558994,8.334418989786405,6.7961221928214925,4.724828501326155,5.387700548490201,4.135168661845158,8.00332471979574,5.381850621751923,5.87070366885682,6.922342699523861,7.871875632546914,4.812545141762318,7.2143026433043325,6.633094625366589,5.389152810685121,8.171400811317447,6.200274375102102,4.812718455967558,6.9468806251261865,8.731788676360743,7.743844824139548,7.195885863348591,10.6124345589581,4.686784396179889,10.63744816164059,6.83373700437157,5.062049638065238,4.350820669689682,10.067389534022768,7.994574456704984,6.968139924786938,7.795171594800231,7.386010899384746,8.708223403755396,7.835406380120562,6.672120077295108,7.153226740394663,6.401373002820288,6.841277548330808,7.279120269676421,7.373907096108629,7.664537660100622,6.217324709013409,7.985074040304976,8.675665882066365,6.036423139004894,8.669832588295382,8.079857350371084,7.135866019367555,8.63255026624832,4.34443182401284,7.338058757639117,6.916343785991898,7.623816630154293,6.536954227770107,10.031325292840584,8.032983375536041,7.504576853749054,8.782696581067274,9.208403655809999,9.083040144807367,4.554293944222306,4.801511400252168,7.285521663170363,8.454725856015179,7.904907149865282,7.684781046664746,7.639479890568941,8.994299752401288,8.686618611184949,9.565165572654601,8.618035530321809,8.316435732444681,9.517303977102559,8.819872895053498,7.4695231230416,8.6205502316587,9.49115067717447,8.782049100969807,6.752897799539082,10.24111659177924,7.333492321145113,7.098099354865242,7.360662281704984,9.696394558854655,7.943015775690799,7.2135040565638455,7.354342199970619,4.717024179967512,8.611053945647491,9.045250304597154,7.367803690345015,7.472951892280642,6.872865916335258,8.75489154078851,6.812165176765248,8.48781988540621,8.441960914956445,6.378353454676023,8.462306295648576,6.738714836250173,7.531474519187387,4.843528580239314,4.724507380623031,5.733555691555146,6.580205628685853,7.192988419851151,8.627565416386323,6.858598980777575,6.864733900948275,6.9118489702148,8.047298452358929,8.55968946303528,7.159506129694905,7.290104950258804,8.780765803653642,7.4668328538620665,7.0045702586815635,6.74838051765876,4.4132041384163525,6.991966208775475,7.354494450209083,6.003100232838478,7.7394999491613925,8.059058834540325,7.058280604633657,7.316935348357007,8.69880869074361,5.55165135863953,7.0969953621949164,7.774546046821138,5.792751056180871,7.203799927241817,8.538250914195293,7.157994855574651,7.474133603014577,8.822955946468664,7.8056010289972795,7.172777763912491,8.102876654882555,6.926616139027831,7.715088889690421,8.479146355121241,7.595920302872739,6.767502414350154,7.900509204446325,7.095120059618549,10.281350265689772,8.870925876127268,8.627976468783045,8.480025659337148,7.275350830779337,5.829081209406747,7.2157461455702085,6.9561175180885995,9.683238375657174,7.2315900392223975,6.737705675296614,7.718266950838564,7.142745614160833,6.570184565648359,5.623404689866346,7.276155717028831,5.717139552583064,7.942154115856556,7.2721997882809,8.02304979531733,7.152958790894723,6.989101834056769,7.449061653763954,6.522738883894005,7.208844329681706,7.153005170770741,7.4255962990449484,7.020679152869366,7.472379652475927,7.529800302547997,6.389621300962172,7.187863578683035,6.8141495626166435,6.816715656983363,7.14553317603935
20241106-297-Dunn-16,6.765413901044774,7.576092669486779,3.1629923453686235,4.498528613086766,6.330786214333817,7.537867549253197,4.6192715228175505,5.545993613325396,5.882984885283192,7.508513175350548,4.660897827825345,6.764957266606313,9.05968545480235,9.84251176346094,5.007687170521022,8.028275466275982,8.50874678551642,6.842174115241698,4.705365631958469,5.390309447831119,4.12676305933978,8.099900163176706,5.435478155801969,6.064566710585145,6.7538454943692745,7.8354395004744735,4.61749800499508,7.197797431395688,6.932234664687809,5.389480802850497,8.200952856408222,6.345000519093839,4.79030304226936,7.193948253083935,8.832690435746173,8.019150754020584,7.229034988150921,10.605590610570914,4.642903746554587,10.604559924360505,6.859313013969919,4.954096632827117,4.309793533933426,10.059872879261459,8.048780170021884,6.856333675555202,7.766742439307688,7.652106545327381,8.709013581618471,8.06271858326174,6.6553047033427495,7.112988389692026,6.468102567592215,6.914982380902064,7.230796209461252,7.454940737073257,7.763525363870543,6.120640103349329,7.990191381597749,8.880676891252934,6.038808785138371,8.72023958698518,7.965314534123618,7.1915049836685965,8.787730938654166,4.28057847821784,7.517339462220177,7.014868431651653,7.63007098104028,6.45391037963315,9.961048149122435,8.08627964061735,7.626817567907142,8.836828029639848,9.220184765648025,9.097495884370348,4.74370205971379,4.93366524690069,7.487106826631391,8.636954632566624,7.977577949936507,7.629750132375521,7.6716668753531625,8.95490167944927,8.597844793498114,9.704944823325278,8.55453331971212,8.315763141840169,9.524901523891954,8.812808429218029,7.513439563632891,8.847937336640838,9.437223625171415,8.75884418626432,6.740826062356052,10.333443819147007,7.2429629596303835,7.0485129741440185,7.41358969616895,9.614902041106523,7.972259817960982,7.223939049933098,7.357332203895371,4.7813140954397335,8.552278603839044,8.974317730400209,7.453768735101504,7.555379977022807,6.944667801925826,9.012815100587847,6.7659154249082345,8.512462789689504,8.65001872157443,6.537737897154763,8.473424193253113,6.812976839045549,7.424946168517908,4.955964474518555,4.932451587956887,5.7758041845456605,6.461602747866965,7.207267350818042,8.669574055935636,6.899285446544634,6.981931989032038,7.192333887301219,7.957382275592647,8.51486847310834,7.194422866518411,7.290715291907396,8.803087703222031,7.4573713828605825,7.047224043128713,6.974182911260142,3.9276386875376352,7.177853047880599,7.33505115093329,6.21701596119547,7.941866889758374,8.00252951890205,6.974588208192351,7.568232094007666,8.60398464031143,5.827891004162985,7.213317108835557,7.817448003297178,5.850266003535267,7.2862542383358635,8.543271342872297,7.034957149718582,7.422000595987527,8.771228698941341,7.75078047084767,7.301487936867482,8.286175827444135,6.9874186190284595,7.899036830178874,8.452420328672758,7.637926070774703,6.805254275871499,7.86921456237995,7.08953865626518,10.238451482196924,8.797604863162455,8.63327175408681,8.437877851499637,7.265018484858782,5.9337254636181695,7.19615818385915,6.918565934380278,9.579522831019196,7.408735998648336,6.830805988487711,7.748079026625366,7.11042476687348,6.583480349253379,5.707441897945997,7.363474197617061,5.558557444168309,7.890798911279044,7.120920166638847,8.157872705456558,7.053503663391392,7.018061196845081,7.291936675210858,6.610011189968144,7.258007576715473,7.107298948112255,7.288377847201268,6.920149646307578,7.464386784959653,7.6539839454116185,7.088717546938699,7.246190414642772,6.885426944186923,6.864600020451956,7.258795821784752
20241106-297-Dunn-22,6.84430533523928,7.512232532320147,0.0,4.485057148227025,5.9454710762606,7.552881952830859,4.5760261777463205,5.476257088942294,2.7813235573794244,7.482243198408472,4.534846034297202,7.125387917721901,9.42789520492897,10.197626797098792,4.979431883609939,8.36347960997566,8.373263841761537,6.856398799750769,4.599320907193223,5.364994144708648,4.361124320694691,8.096975391490904,5.341916144584037,6.056865823370351,6.798358138727631,7.792597265098173,4.040702414891922,7.323410121460561,6.621384779021171,5.373586780117188,8.197650320700903,6.263353257787909,4.87531176302844,6.894594987654987,8.795027208689257,7.748111125097422,7.208946268280941,10.61014041100663,4.4572009656528095,10.642035553809661,6.821632422673748,5.084473084540285,4.562590451641938,10.070963929055921,8.017370656715185,6.8898771714236755,7.855449520669095,7.3763231954090855,8.724669739783849,7.852280886331621,6.670771691515075,7.258939468006677,6.359812427723893,6.899914649679651,7.211751607785902,7.389912283473183,7.71109794967183,6.0895132063108655,8.027409712270256,8.67711446366747,6.087050963708471,8.672675775919545,7.993116049731781,7.110864498703249,8.62411402958208,4.484501632963941,7.3296089552361945,6.936786876491531,7.643834855814346,6.471128181757154,10.026476153472185,8.003367174479033,7.513752773592831,8.789620967671809,9.237958382025631,9.096258000735777,4.485483139490523,4.89112563000525,7.2967418600290435,8.495777662650276,8.041827335939683,7.720454459672113,7.66248725912426,8.921997121134844,8.665271075516332,9.631565113370801,8.560888212072348,8.288796035886003,9.532407715288269,8.82005204492395,7.523418364027968,8.650169402892848,9.477865299792114,8.683698506960706,6.634767444573685,10.228913690527886,7.295685007364545,6.986407061331207,7.408596107172354,9.68673897066543,8.023545708741922,7.289757807076879,7.318027521256618,4.704575116203394,8.563833261327932,8.987417693020644,7.46338536634182,7.497077149474542,6.971736701651985,8.766916019586235,6.836437629599382,8.513965502162685,8.410151957394508,6.424337781627891,8.434534403452275,6.790897930794507,7.519243918784264,4.904301318381942,4.792734524083281,5.479760839737423,6.34508548180835,7.120557732736474,8.672910678851483,6.919500792816988,6.96333077255637,6.93259878157282,7.973835405495711,8.534574850937853,7.173053286046398,7.422816192259275,8.862358014795285,7.467256466532465,6.942948430174706,6.766940606531649,4.450817109108735,6.978184050702972,7.3241552283116365,6.127261640899795,7.752103271218856,8.06381178920762,7.047485079215827,7.325268108449691,8.73231109022848,5.600396917690512,6.999554967038243,7.822771686402645,5.689046953999819,7.269449521071947,8.573845428841251,7.0797196082813265,7.3367451037292595,8.846588302858017,7.705287994194111,7.232834747817439,8.030713656643195,6.923912052359865,7.639263632578533,8.535707502346693,7.630790356411958,6.771530012821856,7.909957972586224,7.139555120163795,10.277906656444118,8.857056163569451,8.697809237032422,8.490913190173467,7.262510217209011,5.884588462999642,7.1862939076777,6.991707933028625,9.65759761805633,7.285613082010302,6.8422278955329565,7.8305403510212575,7.0886467607690316,6.505250616512422,5.798576038266642,7.294949634526125,5.502204522857209,7.908996871139047,7.230718721741218,7.915579667191485,7.152508462716919,7.009466615746009,7.380548181035312,6.499655410553564,7.070161761097382,7.128726242971579,7.361572637944685,6.864779795851326,7.403169571339612,7.614771705563647,7.127258577757608,7.26559819173534,6.737914207430053,6.843893072956025,7.1758774264391025
20241106-297-French-2,6.78228349849378,7.34862508177001,4.2252386382528355,4.533605316033052,6.405957072177613,7.6821066787153445,4.39388892342007,5.510744270231705,5.275058272881624,7.612349380473505,4.152174024148628,7.341838881948047,9.643217361826013,10.370024023002498,4.6328510277717925,8.548664433580967,8.291212805301656,6.481021632690123,3.7297190270260785,4.6738649913543595,3.892379516204645,7.874346546253048,5.088388744306539,5.8655422640378525,6.8135752340700595,7.776433621299313,4.265821470830446,7.154390492681993,7.141069403489823,5.145054021569326,8.282398646059232,5.913651466301432,4.495975162571116,6.774381758438119,8.87032744192561,7.60030229990417,7.143829532118083,10.647979327986857,5.270311806858535,10.676845857916465,6.962456351042662,4.860151288827196,3.2901636038196003,10.03861581916248,7.8306568633367135,7.104373770034846,7.538654210197249,7.389859567717353,8.87900681028296,7.799679078384804,6.6371586365010256,7.390298685243597,6.350993398375726,6.733324601628143,7.142096248086939,7.0233099867077335,7.711992140346641,6.166305981891723,8.004684916012707,8.537264827137262,5.347936653888387,8.728533524816104,8.06997904863582,6.701503043153161,8.714356658787725,4.36573556736052,7.3323317947175095,6.845531484374834,7.448008208828834,6.490475432831313,10.004983423366607,7.85843171432801,7.550946153850227,8.824881094257236,9.114522042976892,9.02929432218499,6.173003021171421,5.142090486389279,7.040261240845882,8.446578603928506,7.664970170961827,7.6188542991722095,7.876745881475343,9.034398911534394,8.899021382937553,9.669116998028823,8.668039004782049,8.48622903350405,9.521339184088403,8.801142809719469,7.362567946145926,8.61364831122307,9.220372724297514,8.885198206579675,6.75162826252243,10.293539586277932,7.29215691944608,7.107584130423914,7.490023624465664,9.422733661253618,7.556362822873299,6.886932821556536,7.122845809271474,4.859845798433507,8.470084243728706,9.079075993168704,7.37677454605344,7.357570942325753,6.401646794224862,8.640381696207609,6.769885114039106,8.39162792372879,8.282030910945917,6.06081682976998,8.440265471701144,6.6230635321614555,7.540107429731199,4.785764544967521,4.556374157097903,6.011814389809907,6.4588516382798655,7.635344825858764,8.23449325442837,6.603951988464851,6.540855889755605,6.789893782652081,7.655143217907199,8.402992141360093,6.761769692246187,7.250429931946586,8.572651095026904,7.312934241800545,6.963963858103423,6.8143900089507925,4.265576657238251,6.902144657102203,7.368655613038691,5.762321620807724,7.659259316071062,7.918491936478541,7.163258102333779,7.10569939750715,8.604570831705875,5.305498170371013,7.490987639804416,7.761469797831232,5.328810964055446,7.123838002309354,8.13012677964104,7.013562821973247,7.434779023076005,8.72837624728566,7.774572678649748,7.38548843642329,8.48568895283196,6.583306348129549,8.152416881217466,8.50537363338015,7.902302728208527,6.173003021171421,7.938711043709332,6.684669021759252,10.304974674755579,8.847433674845128,8.639341354069616,8.428282533872402,7.149686172374119,5.700397123347599,7.2456037857033895,6.832594980149311,9.637902748020235,6.979074532193057,6.548411278424662,7.389828865839844,7.099471866445568,6.557982000344727,5.530660957370868,7.139029552329284,6.144412939815269,7.952868648908688,7.670340426502967,8.374450747090357,6.890798573944952,7.052741572874448,7.362277042131032,6.537747084001809,7.327914986089327,7.128713445072594,7.374877894473934,7.003502537661361,7.882845966389869,7.706156418205207,7.17848081420677,7.167006337617388,6.784298125687209,6.995357042733329,7.360868285534693
20241106-297-French-18,6.570299774617074,7.437958279170172,4.73728231211893,7.287552132223587,6.476236247709135,7.569820070286339,4.541437961874356,5.368528105475343,5.375366713272621,7.604043521046793,3.4391875763177655,7.5216157679402516,9.923002110988655,10.649457282542707,4.756605046755365,8.844119562137656,8.304837647431498,6.501549007050459,3.701981818537297,4.879667678994935,4.006598467319706,7.8570820511003,4.7914050103939205,5.560078928278716,6.6344679694046045,7.812886595793425,4.199671308833239,7.098032582004273,6.998022322150086,5.021927180076122,8.378273622008221,6.010020124732103,4.410552928332596,6.739268393772786,8.955714876562025,7.48611838502397,6.994818037537903,10.665753346816697,4.917760317427755,10.58624523679161,6.924126975379529,4.73424870958323,3.779044822019655,9.954454134414567,7.717537771576154,6.837333917945782,7.221488716621517,7.48377997552555,8.884439084777616,7.929555375555222,6.622334734150142,7.423906135313108,6.2939348440204075,6.568017580259805,7.105206315218023,6.918593649825322,7.7429118167268225,6.218633217541836,7.866461798151713,8.469642551106382,5.780284040037955,8.63734935751082,7.995017483049361,6.761329076798374,8.859527529750814,4.131004160353155,7.422770709862548,6.812112784566707,7.294644488255999,6.520495684459143,9.970406913748855,7.775600105435294,7.742280507232961,8.783441213553745,9.149394295384656,9.021088823158179,3.9241255194907843,5.002327346516277,7.024448302121015,8.34675079847503,7.556293965945866,7.611554945296024,7.721506796400276,8.98209477738352,8.716470386046446,9.84975450205069,8.616402971004078,8.446302127143325,9.504871215056529,8.77505337108907,7.191101722738061,8.550121068006918,9.30905821925115,8.837237161205831,6.720807042791771,10.452342225799514,7.245294947021147,7.0686190758406084,7.4850852336259175,9.537230405141706,7.591115350046651,6.774465797577688,7.000215843410145,4.675777213579577,8.465070717150253,9.037577032319716,7.379202973295734,7.281706297180947,6.210385755582621,8.594320866029133,6.663842191623284,8.4253569314226,8.276096084277512,6.126302644495396,8.415091313293546,6.72974485100411,7.7136720139030155,4.463715414549028,4.86310898253274,5.883905446532609,6.401003981495624,7.393505587500076,8.340232694885252,6.494382407228864,6.408385315196284,6.6448281968597485,7.849917565358902,8.437153806765288,6.777782865673111,7.220983173523352,8.65628266103358,7.277815714866221,6.976244517283247,6.885746739340064,3.926801753240948,6.930765101917276,7.358573939656449,5.703466830430445,7.713730822155433,7.844993201529896,7.227413084034851,7.202009143625563,8.566474871734759,5.293099232737989,7.383801719177142,7.759504003959412,5.198553167903844,7.280336745643259,8.23436026099375,6.957357250753676,7.401824865956204,8.747150474759792,7.782697117470144,7.5578507955581955,8.369837042282724,6.552469049945702,8.046689388839525,8.48108236158725,7.878053004860997,6.128911083134639,7.907627641133905,6.708998820084001,10.34051065948441,8.933793208365786,8.622830313262137,8.3449749572245,7.171385941997594,5.488992931975228,7.1200276208662,6.790988866598858,9.712845028685141,6.883239259629129,6.50231866042557,7.4404805462118135,7.067082148806236,6.45353432000552,5.287947184956973,7.224791702737267,5.7482433344034645,7.912847552171203,7.487471574740007,8.304202533170713,6.845024083703612,6.9052934915542314,7.3353381628585215,6.47770798702112,7.3435102351978605,7.063484760285161,7.264714459566612,6.893748657655575,7.718962470291295,7.837395342262271,7.188155313336275,7.000335742540327,6.710339141794076,6.967002494982274,7.312125919779989
20241106-297-French-25,6.648275084829653,7.34630496873877,4.913622161053849,4.381757986311876,6.455234963196052,7.698929704601521,4.3690482030026905,5.325482492322948,5.492538554484539,7.5607941721626615,4.440627384928734,7.469393708678153,9.72276745968366,10.456323488154005,4.695456496353272,8.704211064982305,8.31382990769972,6.592757124633799,4.178472106561964,4.836115132698336,4.0575003630253095,7.940624172901707,5.144018083844542,5.794749044463857,6.782683073861578,7.736567653347081,4.239606095222138,7.196768466740432,7.124114036148621,5.194763771082828,8.330385130314513,6.047356001448162,4.403081795599947,6.965326158625828,8.925303808146612,7.640609665548087,7.1482506924245985,10.610139576913276,5.063133070518781,10.57653555171319,6.964732911385447,4.50065645779685,3.7728130082070988,9.996911632005492,7.780047983410043,6.970098856065867,7.429644221560637,7.527834539062363,8.86896309030453,7.943721401323435,6.743172069870006,7.468830756116327,6.420196959455016,6.708325324415545,7.116612498163903,7.117826761205379,7.803225367423343,6.2696063281549375,7.899186682390607,8.530876626654248,5.752693186510434,8.682618536573836,8.05011397442503,6.850188450046878,8.818558691173516,4.373794372335879,7.533146737589651,6.908027184493416,7.395718521790012,6.614580406458857,9.956549983023367,7.833750921373397,7.696341458785357,8.824025767341876,9.198271660625363,9.063590044497511,3.7816886519892443,5.051122384375851,7.170059451571723,8.464249787137145,7.663131013170787,7.619990259574007,7.826229589429346,9.013691784987868,8.798666683445711,9.769331048832848,8.654246361849294,8.517492505722826,9.52972616780738,8.772722252100856,7.364487189562013,8.64276171125244,9.351345819565772,8.887203845823445,6.805154186499685,10.334113826251789,7.31811390403783,7.144959035635872,7.610189310256865,9.486935470176471,7.650079224173762,6.935589428439061,7.109758233708385,4.455464502019097,8.455693775806253,9.097396440753155,7.447042093244267,7.4598585074033315,6.276924249797175,8.679633040751376,6.726378993259494,8.463357682957906,8.3589822451613,5.991366174176415,8.430362379742428,6.798846198935201,7.602954579357258,4.485456546294153,4.729627834415282,5.965923178124421,6.458747752002924,7.489842635748286,8.329993273098916,6.681278669161853,6.4972435910330955,6.7924243865951555,7.8583129675220835,8.46753419978812,6.673651903073359,7.27486890779408,8.649646245857205,7.250676696393692,6.905022188123133,6.839829964931664,3.6961682039902217,6.923715668348471,7.3170992230484995,5.823280402777218,7.7233099435595625,7.94604205351535,7.09648449625725,7.123375990682202,8.560148109720895,5.415400018415134,7.338971384490014,7.811424734603348,5.384662764279058,7.170074381007057,8.235050633657657,6.930153816358829,7.413106923330079,8.716934506827013,7.773955053400492,7.552736645435922,8.405130399481244,6.585504449140511,8.03084755124307,8.474415663869184,7.894488367262207,6.163348813988189,7.895429135194125,6.771761470699653,10.285787369192414,8.833671414843444,8.63016840299565,8.368310222197254,7.258480185920406,5.586027403328482,7.183392610694332,6.777646752974533,9.616354959712977,7.0411384859321435,6.524871459851785,7.434962293177153,7.104077949039714,6.615770489366411,5.508861108946446,7.32226713116094,5.850276926003057,8.00515434579699,7.546238738704332,8.378469339438825,7.026474130333557,6.992387642177481,7.364931872238882,6.592216964878748,7.366610567163376,7.161064875640738,7.3984308227786375,7.054285606245604,7.803854738353493,7.856126110102178,7.084765743948748,6.9895784449044775,6.758856170456389,7.054225680902487,7.376520239016479
20241106-297-French-7,6.6084439462161635,7.35146006546545,4.81033597798971,4.481677871186514,6.546066310093876,7.615159175218461,4.7209597883254135,5.550626630414556,5.096248117611767,7.675568762054082,4.289838790466991,7.383105165149296,9.701094798984483,10.435557336838155,4.684078527189111,8.688142011762427,8.360401963380363,6.68607226523588,4.1835957590354615,5.131805517152766,4.322613173713661,7.905371195828377,4.949131975243062,5.858990249937423,6.701224264295024,7.811314423840518,3.6797479330894003,7.157985400388362,7.129559466212792,5.168447419206622,8.342092513647358,5.936837777174804,4.687212726388443,6.759966312400642,8.943415047240132,7.545366992158062,7.094802667728149,10.661306863214381,5.08619415195776,10.603250123319356,6.96728210441417,4.648358115729243,3.9497443623594743,9.977215318917612,7.723040429157256,6.848478319414936,7.361494674035782,7.500555278299622,8.889279869489334,7.92002752771886,6.683083397102432,7.544947107435559,6.3885282141946655,6.619724741699382,7.149479549101963,7.095786171356119,7.807601131049416,6.231877706023274,7.972066523099106,8.525040330534939,5.902279410025356,8.686213164008302,8.084276836857644,6.885188003903987,8.78472320698551,4.057997296949011,7.425848193211566,6.863209261314268,7.40051060012663,6.6238856941593225,9.966091623522926,7.802827070706464,7.633318513111873,8.816239639865477,9.231948452776965,9.101508551946246,3.7975162726455367,5.0599979760746026,7.183001894337743,8.49412985802179,7.668184495296695,7.691900271629907,7.845598736157028,9.032557998910818,8.835240372065634,9.725848910783222,8.664412055078246,8.510634569411065,9.541241184964496,8.81365611759372,7.369547532709939,8.652251612313172,9.308604130470638,8.939805660268998,6.672222527850959,10.390488148399905,7.325366022156674,7.141033225123277,7.569169377110934,9.512358145509873,7.675942956366127,6.898149951534654,7.121054789126611,4.766899735543218,8.45973858120664,9.1472561116629,7.537285522617595,7.419375941610927,6.354506761280249,8.639086936377241,6.745548569273476,8.491570549555668,8.270654758132382,6.127465863278288,8.398063668276357,6.870570907684014,7.615951496863537,4.787187027225057,4.700357873108018,5.897901249142263,6.524783829120223,7.4648673346248176,8.344697884778391,6.591179159727795,6.526157209399571,6.687515190104359,7.805647139192325,8.41559098336531,6.726995072996097,7.230658910507871,8.680489485118008,7.3518998194412815,6.915417334662124,6.882758061006628,4.207235735810679,7.043806078838896,7.382882962973977,5.78841493461679,7.785543931722375,7.896612337223539,7.234464795102427,7.150719889534728,8.574381929463446,5.396953095693659,7.368885783345387,7.7793528408987775,5.365881377915834,7.190675675753597,8.237524268024702,6.980757807571807,7.479037229293938,8.74679577999316,7.87804603701896,7.534276501019489,8.396220584759892,6.66931748716553,8.072396719437226,8.577217104640651,7.927942827713377,6.217231205516719,7.908787150572716,6.7255230158107455,10.27808896768785,8.865715428213015,8.700368416186008,8.419843831047542,7.259056653284338,5.603663465170831,7.150788902405767,6.894538080419275,9.673435161479325,6.976199556552166,6.622711402421194,7.477559613531737,7.222467675963655,6.563348591223749,5.366799954239961,7.23861732032695,5.651339738450511,7.980227255188637,7.46672135984684,8.290094777103317,7.004105250033657,7.056782930403966,7.403426341640201,6.5426256287065145,7.346503968581158,7.210331290431381,7.363745399116782,7.028615647141278,7.713433061154756,7.914475751390951,7.226246629901506,7.100216474376054,6.78530148804788,6.988829206806678,7.337992009223482
20241106-297-French-13,6.619568927617886,7.270613078353374,4.597824168682796,3.891188783376278,6.402184045727572,7.659692771785992,4.3597002110157534,5.312697778141069,5.4341524317965915,7.667064927321273,3.7557406663712265,7.3181506271202545,9.654522972897409,10.375894684312234,4.633462612319229,8.583190486717537,8.388042423085809,6.5193975128374655,3.3890092166971217,5.008195013094713,3.6675928173650894,7.800560485684066,5.021756068818928,5.8938033097765326,6.724026626256057,7.7562168076516835,3.7634313008605296,7.179129718701284,7.0711905710954035,5.0744161090047255,8.307348492687417,6.140681547671308,4.54765322434252,6.855032331084736,8.908750603052926,7.6978318871186255,7.185908963371634,10.667633597217481,4.882796468495446,10.606270947676114,7.058823867637291,4.550047754059283,3.3347568666528655,9.98463948330984,7.785453166883469,6.886997433345846,7.356625334287585,7.567240817912159,8.85766298241648,7.989540469283804,6.7025192892066405,7.403307041702366,6.378301999743429,6.75591391988167,7.149195559518702,7.013118020048089,7.739308059888281,6.161154517241008,7.987149286610189,8.597006917916925,5.898972490732125,8.66600856711272,8.094302271638508,6.8049763255834845,8.858532305908913,4.086216153512693,7.46914806333278,6.764441039617281,7.3930191296028935,6.532432746222809,9.981808946788627,7.847655822923065,7.730116125394947,8.814193298551807,9.175238147526594,9.042265538015704,3.6611959254275854,4.948992423950716,7.2049116938820115,8.516935398543131,7.65993742905049,7.614045221067374,7.807321610940861,9.019486516988183,8.797524319630774,9.771875114891918,8.649030044579746,8.50123469918397,9.54447833687846,8.837476410143946,7.30297480683259,8.692631918315433,9.297373574047658,8.891101058164136,6.786348548370448,10.40356545341465,7.314617317882399,7.141432058827262,7.540949733940279,9.423307456173411,7.652795029246991,6.971670836978625,7.055847828806899,4.805807676941172,8.393084715963013,9.088728424200383,7.418029620522798,7.402021759315426,6.403677746231312,8.72806287415009,6.789775977844828,8.494885157371716,8.392952413610587,6.033757385946631,8.457384513328964,6.644162411817734,7.656795207211751,4.755845931704749,4.785683878412047,5.983923335754262,6.470447314548072,7.443419228257226,8.286394742045168,6.545802580347459,6.509483371073946,6.653948267729741,7.732094833414198,8.369243916314678,6.7723412815015696,7.2793888808758265,8.670092680048208,7.310125402871275,6.986272612210111,6.8144577981780134,4.26320564112735,7.014997617370361,7.2489490369246266,5.8605858577889105,7.773467996322668,7.861077160773903,7.2045466625834385,7.209892641932949,8.509032081094226,5.423516766915671,7.46092410363124,7.799786287526667,5.39093535903912,7.3302094121596015,8.201086785622008,6.896689432811483,7.412738491600711,8.692878532854506,7.762978817531086,7.5150692399256025,8.495806642913703,6.56226333992508,8.119329232259906,8.480925777113434,7.883905014778188,6.203433059641285,7.901136765849344,6.691697849726643,10.326646372214757,8.93401252529937,8.648526811190004,8.341777360719059,7.274052507052904,5.724559837385607,7.261176549348833,6.786287972895437,9.730766393031535,6.8965924152447995,6.460850011825089,7.460240136365317,7.073851225267423,6.5590187426545326,5.581468937027467,7.315859856473803,5.8089414675615645,7.988728775505305,7.595371667031858,8.363331340750577,6.8642503272013595,6.984549803356757,7.4476677808574125,6.4594019385026815,7.403920952972834,7.149927836825549,7.397461009279289,7.102695699584619,7.793767383859803,7.811945006070536,7.0825447404809845,6.940747928710578,6.740790836116892,6.979107108524163,7.362268904013361
20241106-297-French-16,6.655699732769035,7.238444389037737,4.346267097772567,3.9836282648984374,5.864443265951255,7.622314403348084,4.296966044513242,4.262582862506283,5.258133277637689,7.5917889037929145,4.34923602473616,7.38677461521767,9.688933606120697,10.392189198577851,4.776008075132413,8.595676012239132,8.365328309709739,6.546485046911623,4.123280525097381,4.96042922941356,3.7868126642129862,7.904388625960525,5.466833972322262,5.999212627559813,6.798414971427422,7.781234601616721,3.720826042250579,7.262681599825534,7.09981213294653,5.269395815183214,8.314450363124635,6.090398522447444,4.337086611543361,6.792764278068562,8.910991009707596,7.665370139300693,7.174077999279614,10.640884632176814,5.173216934593156,10.653793395348059,6.909849048781943,4.663402435977132,3.2660064955785413,10.002992960918851,7.8334629125633,7.053134687503876,7.588652737697362,7.4024790684660635,8.880546418629615,7.856194083162605,6.73543214255961,7.408467877091913,6.298940817656778,6.723498835106369,7.062772979007762,7.106887165773382,7.762636372043081,6.126841322159862,7.992557395733818,8.519266207972867,5.90623446396602,8.7072153309647,8.020623984039169,6.76602748063202,8.71377445802333,4.1463438470684935,7.234271573633889,6.890066670532664,7.342221072605016,6.5627713806974395,9.984750010692554,7.912246636306762,7.590315313851737,8.83031975012241,9.179210989215735,9.047009298866039,3.9269653438064163,5.118706570388741,7.129795451111926,8.47675941710715,7.740223257553753,7.646882759298764,7.858166662525989,9.04351042820746,8.890650284404954,9.663470489422467,8.667090964601904,8.51754597024324,9.534755262283953,8.82407176669574,7.390271638104452,8.664573384552757,9.264836857982887,8.903804861790723,6.718313966852511,10.267428767073254,7.343832611841908,7.142645265074642,7.610036074085083,9.464396070728393,7.550765614381234,6.993533562739138,7.031868665030127,4.783951338417318,8.374212864819711,9.115465329908199,7.402983241584751,7.470392476730814,6.49030252760664,8.625863018172307,6.757233480017986,8.438504200655073,8.274466848677477,6.045992512124351,8.471321467146996,6.677669464237333,7.587869529979809,4.80391652671553,4.783341263782976,6.081198788170735,6.481190534789403,7.447762428109325,8.235086982937311,6.547147129047628,6.561140880645101,6.816600607920826,7.803263748759514,8.472934871806306,6.830356306859827,7.245588560932697,8.64148855814172,7.310172404518238,6.996458440097312,6.831134260911824,4.285669055857262,7.0250255456695525,7.4564198800669566,5.930324272861972,7.765437785616041,7.9290318510484825,7.220925426447593,7.148831230007737,8.60476442527053,5.428035287506631,7.384050231699525,7.835493108079086,5.389414400026659,7.253599374442926,8.125082447311943,7.024996707061594,7.533235947761974,8.767148193537738,7.771707520074194,7.461041373890093,8.441715481380221,6.661576771820986,8.053907246070725,8.542251084399279,7.8930590299881755,6.254060154921602,7.92957103055855,6.673706044257916,10.316279706047078,8.901429413104191,8.673321258886245,8.406242412421918,7.147693411384901,5.7384426177878245,7.232371908836371,6.767018976280108,9.724286560611956,6.916125385000381,6.554271310680718,7.509773194773921,7.103622977481636,6.582304834673003,5.592431238631002,7.261399950885907,5.877517597790248,7.963538249272246,7.5863093907522,8.253228665637566,6.914271978767853,7.048930882138659,7.434762032625924,6.576089593382421,7.307872121059339,7.102099735388369,7.373598363150735,6.999276823766515,7.796632880886702,7.76493057778368,7.1975102651313865,6.979919365968257,6.845453333400057,7.016579284370975,7.274373884531064
20241106-297-French-11,6.509804644906715,7.288435783871339,4.7216573582161985,4.232057529428403,6.446023690255972,7.648851557518053,4.3449582258745885,5.4100019675938,5.334823119910231,7.556370181182777,4.076393461056593,7.6693214339908975,9.979511139362241,10.63407859003981,4.6414712489273935,8.946899045664503,8.493680618843836,6.647568305685589,4.153869070752188,5.06794365998284,3.892080033879066,7.9065299206126936,5.049944393871322,5.754789361413242,6.720893457193273,7.756151437017504,3.705135743165706,7.2147518562420165,7.091421517080244,5.205647130315868,8.363812163955464,6.036838728818949,4.522286993091964,6.970500914246741,8.931436700164006,7.782218709372342,7.133519911989707,10.607839794972103,4.886216030863121,10.536803560780656,6.986455872445609,4.545314119666975,4.004105622642125,9.950963162429167,7.705731826124824,6.809879658002013,7.363479411815905,7.538991414338715,8.870663819147458,7.979895031692193,6.768868613508882,7.445773821479768,6.361333445154753,6.725959473338068,7.138218924631769,6.9359666266689475,7.773507526422616,6.26889072485746,7.963646753987884,8.699109418666044,5.796116270503046,8.606102511587729,8.066620193983757,6.869637202500497,8.824536106999348,4.375834528570565,7.520317788802486,6.818941218562996,7.393219003980595,6.610638241784246,9.94528326374703,7.758461202395343,7.6295833383179845,8.765539146209118,9.202972721904205,9.030762650716996,3.91812322541678,4.911492218956224,7.2935191156626304,8.527079278083482,7.721354829780019,7.649507125079744,7.838529579123489,8.99781524922978,8.767844378818676,9.766096263779865,8.65576632524872,8.495141257344319,9.513825064418063,8.808599946381953,7.351351591999219,8.72518018623295,9.251719698070568,8.877074385740514,6.698203896039844,10.341816891629334,7.3458165739295795,7.153831067075243,7.598318963283155,9.507040665955843,7.615257336655562,6.989852865752509,7.072967473102591,4.619754128208108,8.452449964431976,9.061852907040064,7.4661606680657595,7.422450780119362,6.325987059141395,8.774811251506096,6.774944252649336,8.446751134051546,8.431123591221084,6.137057368935024,8.38066898539255,6.713882220331387,7.669902717052244,4.373405092130279,4.775820063036401,5.812821178607618,6.532077704645867,7.382796280523897,8.309774565507405,6.513608293545587,6.51842220849277,6.8599749874871465,7.721544735126716,8.436412580917574,6.799774402288228,7.237908060841595,8.633126089616054,7.361453011466274,6.956936316473737,6.947331251373087,4.189909467493734,7.012032909951546,7.337995157544305,5.780312554008031,7.7741664851401255,7.9305018947967065,7.132991758382926,7.302647815544287,8.552300186186738,5.425079715565255,7.4442870762830795,7.782319881430818,5.410259599135188,7.3021538258989205,8.224250504588422,7.064350866800028,7.437028106221947,8.716649125687978,7.80785729085115,7.489032210862984,8.523653319486435,6.657102622890949,8.171795098733597,8.503184474695011,7.830709482207503,6.206911434853194,7.918888601882277,6.770345686738543,10.298085190966082,8.918368336114094,8.623395154561498,8.388163901564601,7.157276357152215,5.539808587278243,7.134328750413474,6.901788778831268,9.69559969883171,6.855830558523771,6.620074066985228,7.533807406228398,7.102182695504411,6.586937565591477,5.417450743618005,7.3167329147404585,5.808348653691324,7.973349545040167,7.576913120838407,8.404008807474636,6.926603007703908,7.018802199695272,7.412639521676367,6.523181346177151,7.326606031966827,7.186627414835686,7.259990375110569,7.098783387293861,7.653355848038738,7.816866866070904,7.123545448633313,7.014186421195668,6.785491169938148,7.01290476363655,7.356346744011486
20241106-297-French-9,6.468308054510938,7.362100561036038,4.820660242667022,4.042651227005872,6.358749778655019,7.561880534290659,4.266959417851614,5.4253754655255895,5.33272730045481,7.63834162267456,4.336664514175365,7.516992307561767,9.8065627950162,10.520541429362204,4.394485051599778,8.677664430381764,8.456285072953238,6.570284056900148,3.9052325139627393,4.8552079908973935,3.7148936067084852,7.873012263235027,5.230180961178521,5.8767273797998065,6.734502564361111,7.728607598729904,4.26229815021842,7.163483561498814,7.125783137099455,5.305576807279918,8.367347867423138,6.068160437606115,4.337422671293469,7.052736549358441,8.930828334832132,7.849129016642551,7.133043801115534,10.663499937735182,4.657942594195099,10.576812087114298,7.02294042309835,4.645186096540739,4.0994536073656915,9.99414041540049,7.737493455926904,6.786029075472489,7.339986586551275,7.617135988631399,8.888957410850985,8.059235923870016,6.796102827394136,7.412610008130164,6.338308007330622,6.674929711681509,7.0960199923256395,7.020583018339357,7.723709372727394,6.204201645829166,7.9864661804683434,8.684843706663617,5.777965509622105,8.660532298289946,8.075548322460175,6.745684432786929,8.86766350352765,3.891651738638387,7.544205329981917,6.840747038096876,7.440626771846896,6.574746977851749,9.977759266994841,7.806742068683821,7.714227052175986,8.827123444661751,9.118380017113436,9.02471187677923,4.018369510978303,5.063520671754529,7.300873533061121,8.571433200892395,7.71718295123746,7.602948688514097,7.7654268331474885,9.036652941883888,8.735743587749397,9.807088650414869,8.64922976808055,8.4663198430767,9.534868092914374,8.830839549851426,7.363067820252435,8.752707405058256,9.291927603551901,8.841250951422653,6.687254156194942,10.398253961999883,7.311370291583695,7.130592579816037,7.623288263838902,9.488074890546988,7.579998511588719,7.038079197807221,7.081998175267327,4.7958695462245835,8.411270828812635,9.066662008373575,7.414699517899835,7.393004044451987,6.449782650993191,8.81335722534625,6.717991455970298,8.487180007623149,8.464890166930175,6.266434938018461,8.460100213556393,6.8167965606763685,7.682115468840625,4.764445485431508,4.84001068934343,5.899397272706601,6.499196109908987,7.436548531035857,8.312076360775702,6.555085814973113,6.540550722261785,6.834625044355725,7.8080231792133175,8.39292554809058,6.839639140096638,7.346675173484287,8.631243260513578,7.306772737695148,7.016274877430879,6.9843117764700136,4.128150623284135,7.037422536865495,7.337579083316166,5.7261391735108536,7.8482918252310885,7.838170270721823,7.259937511728575,7.4027164458853125,8.506820468374272,5.387906761500026,7.5088669077350465,7.7716921880752645,5.374993068479629,7.2595348467923335,8.180734888126326,6.9827563599722895,7.412970936413739,8.700530108322702,7.7697237135425805,7.44878333041594,8.537916493850314,6.594434613341413,8.150377282674969,8.48482751109786,7.827687911539278,6.336407536098823,7.920025425955851,6.643794880035047,10.329449632000548,8.904528804505457,8.64576357958159,8.37628058000218,7.185083611058834,5.589455429502814,7.161050420137467,6.886597693649842,9.725472153341983,6.812553265815081,6.628505539922211,7.520486921220816,7.069945031439677,6.506716285586591,5.436637784164039,7.219075475790161,5.553801092176659,7.957503250214928,7.546922135132831,8.404518938723799,6.875408973638285,7.015774866379291,7.465475473962091,6.490795121649611,7.4049431798843495,7.163089975657443,7.3719807813188964,7.016916409081625,7.698392770346319,7.772679063690658,7.194392665694022,7.047077895468253,6.684909281717642,7.003625807359287,7.38312660274437
20241106-297-French-19,6.5488524639097045,7.386236278529751,4.5588266572987095,3.707941106097777,6.37464688771262,7.60182319837994,4.463323748714739,5.377717742598692,5.307710577648286,7.554847877007706,3.7899707686525965,7.371077080375753,9.702128322676039,10.45471636994301,4.692956156082167,8.663950285743049,8.423864699633432,6.617379727481157,3.7531269125580082,5.047001277874541,4.174637073612546,7.945033495356147,5.21699927439367,5.877192828370696,6.716975138681325,7.863318215367764,4.161034377352243,7.2062107042938255,7.08305732687803,5.391675868357036,8.292455317770958,6.080281559923388,4.687193029234009,6.870026193308435,8.992425495546444,7.790942538281608,7.187286745769318,10.661406548653495,4.791938666230818,10.58286902687878,6.9323318901169,4.595718716813159,4.066238151178647,9.984957981726655,7.7884296208961645,6.8413987212608385,7.415105919652476,7.482543875035684,8.935586387219903,7.876071900257086,6.661482317797433,7.336055320205958,6.430812579167105,6.793823509739257,7.123849276091391,6.921981422672417,7.790478362938173,6.268707290472885,8.010923675264005,8.63898796130959,5.782432046047709,8.709407302809598,8.146216065998674,6.815807398604335,8.777643878320637,4.03968081358855,7.466178219788294,6.8953275105343685,7.4248124522463925,6.592348640718848,9.962868136557036,7.88987034764417,7.500934394783429,8.854404248922538,9.18446581642168,9.07153946905578,3.661983969271157,5.051938229875515,7.212323887062393,8.470419333344678,7.71657343100972,7.638551275478832,7.922558551350803,9.079131784766377,8.775822613935617,9.723460454036175,8.667873706749011,8.498200903973625,9.548114371153844,8.851703552295213,7.384514415013793,8.703863689047358,9.266810707305376,8.970818244407047,6.772316781768223,10.319667049701478,7.3998755833054295,7.192617825924188,7.578308883628448,9.48163842926292,7.670130412707958,7.079009012741094,7.146425177889604,4.6400827773171285,8.45936601407874,9.148218994539981,7.466650893191664,7.3445362218325485,6.45238114510146,8.7617295194381,6.846892926846322,8.414519629289689,8.380234319256184,6.049345109552851,8.493350064085098,6.718499572504538,7.628263329263874,4.847261151273376,4.587014452240317,5.945914841317975,6.429136642589117,7.393642881519291,8.336205057829531,6.642861521014686,6.61718610446111,6.883466916248468,7.768315864371184,8.442849209240807,6.900471548670873,7.265025865091886,8.563747324747709,7.323835395994419,7.012302797250872,6.923596306531544,4.24069894143012,7.005583549447998,7.350931396870492,5.914664835152141,7.8473107688721235,7.92180407092988,7.2823331798406405,7.321855638197802,8.698938679108323,5.347360461041186,7.410941507372817,7.83842062888655,5.481233067963899,7.217410979888948,8.204865557413182,7.060769002606667,7.484883817829982,8.83218293909042,7.814311359775364,7.475867723793866,8.435063110277484,6.679488796375638,8.066215758100757,8.511165448620492,7.879066486721571,6.367886887535686,7.929638006782091,6.703927062479836,10.344580747213817,8.96207144934429,8.58186360581797,8.457789674853288,7.261878517083041,5.591506082368449,7.224048712384604,6.8927545668653165,9.74948148255493,6.841023875663879,6.604012991890618,7.554301602600171,7.0531211893749415,6.587995862985452,5.462083013917026,7.199943529832016,5.95212719940037,8.04005540146433,7.528606014063128,8.301607192466273,6.791482616902398,7.073892744978828,7.514705501679006,6.584655821918827,7.289415245778751,7.117518226701528,7.294714930329626,6.982966192468279,7.718212946019581,7.774538426799972,7.256877343930146,7.109959480306468,6.788137934923707,7.117647642625615,7.322485352231909
20241106-297-French-20,6.587906215164061,7.252077033754364,4.557626577250865,3.3599053613525034,6.409704151897707,7.513116378682126,6.927015076259621,5.203379959121631,5.249842005950194,7.60666376886395,3.6691772822246254,7.341254146811523,9.633178099870687,10.35424910474782,4.68110921863045,8.593776972887612,8.405074520902838,6.514616005672384,4.0997181697893605,4.67315345071015,3.928838749306335,7.881049629252998,5.435924877698486,5.836865260884653,6.762473193127271,7.748097815768711,4.382308595204404,7.160214050465108,7.001189054857642,5.344085478270896,8.277758142553237,5.758406905865542,4.104596120648149,6.855080738827906,8.89047217475846,7.665450683757608,7.053706867804806,10.663062898713907,5.029403931895235,10.697343600247109,6.957620755393506,4.731077209721844,7.214547915833682,9.981575604415937,7.809756804597475,6.932859753576684,7.563978228530988,7.524814076407663,8.833113675248432,7.9013983799341245,6.678298203455903,7.293076245217456,6.345873173085697,6.69386925950501,7.119664605327327,7.0116373539531445,7.70799168391318,6.1709716563218135,7.973217411548204,8.593190116231389,5.784400959665153,8.634028275154842,8.014689837021505,6.777146084914488,8.790783626648237,4.146278875447685,7.467167199899577,6.811714714050831,7.426023293617242,6.562006259839004,9.950622837548375,7.815406829393467,7.59399554731843,8.787595613323328,9.145930093070753,9.013600016066945,3.9368837900019407,5.148234663706179,7.177527280205856,8.51978406394841,7.7938628117625095,7.605103867556888,7.813713811101195,9.077039328855026,8.872890144581074,9.696342424839212,8.651250342442651,8.487882732177015,9.501985456722998,8.78266580246451,7.337366174168975,8.697560909773607,9.230778987778585,8.874106257819347,6.641584086149851,10.308743494852278,7.33583668100782,7.152712945091391,7.479815369211695,9.452681231876898,7.505123706289492,7.057145218178959,6.986670303108061,4.7209048529099675,8.452593830063279,9.123689672051784,7.472415539016291,7.327669850807717,6.459656422308153,8.714673257195924,6.63076715540789,8.444499492836293,8.340768676479662,6.0596995766851975,8.414086708002825,6.70988591597053,7.546033371513425,4.666536902679662,4.657235309663337,5.894274778273929,6.508083589818157,7.487508943580925,8.229237045575898,6.484838749997848,6.612524118879474,6.715262793110822,7.716113048591383,8.405308739810376,6.953970628588553,7.269321060057256,8.597743207761287,7.30397860224949,6.955771413946681,6.874019601267053,4.285913714107898,7.0786303146551175,7.299476405092416,5.868684917949393,7.777225798371011,7.878024979097341,7.19059652419663,7.255127962671564,8.629355808065625,5.372936985170787,7.39871010347979,7.779976624461627,5.423844947642451,7.173668042308811,8.093354271966856,7.005292010292382,7.411944441286578,8.70880804260595,7.681745861090085,7.474613774751981,8.393394018723624,6.6519360676439,8.046159782399226,8.494580564859646,7.8390079282390985,6.245894352182095,7.892336945800569,6.681769097782315,10.323702978476511,8.836643560267833,8.625979125640237,8.38360641312277,7.128549610401501,5.563880696750643,7.2202140631292595,6.736394332955237,9.655651652878653,6.8704892216803595,6.5088067222743025,7.571942133433342,7.085670622239846,6.502777385251124,5.432113769220767,7.214547915833682,5.777110984260928,7.933953050045757,7.4171372023362725,8.26610706812957,6.913533840323451,6.927015076259621,7.498333079158568,6.596857735479465,7.3291807740510615,7.108741796649967,7.428484219690098,6.99810836239973,7.756930804755597,7.764324828155614,7.142385559181674,6.996015439857945,6.8147895332115915,6.969356964526861,7.377656030037925
20241106-297-French-6,6.582511460527034,7.30181325000799,4.46431238811944,3.8361287182077373,6.510216429581636,7.500103430988172,4.226070743268611,5.17734230822276,5.368609455397123,7.592239964202258,3.7366490203523193,7.520097365446259,9.807978648418938,10.521278480793217,4.86393067530796,8.755194278377388,8.423243401971416,6.650622669740878,4.334727681835405,5.022184202891902,4.1623891746416755,7.939058155270625,5.010888002596419,5.846361176324205,6.785087011604299,7.787459469113811,4.349002483371477,7.202641175660208,6.8577100590539795,5.359495111403709,8.344461641619057,6.171684127390394,4.584503315730457,6.908878438032933,8.919722704115586,7.753334959839583,7.120407284743936,10.699801848402485,4.475535514912493,10.614671129437864,6.915233041389126,4.5054161348413855,4.205053102658966,10.044773746204477,7.691844131550992,6.697910888605138,7.48867066940612,7.540992832734481,8.878239756107149,7.919802964062676,6.7659224046187765,7.377683366567763,6.364229711017525,6.644570908833078,7.159547248550573,7.017570782971118,7.77027386717222,6.239263518943961,7.9032438912079455,8.659634654896944,5.788703477661909,8.69146227924543,8.148454904843497,6.788358031508018,8.76002745229481,4.156137722647686,7.4260080512995685,6.760395212587967,7.28048359099144,6.554017266293186,10.04426657066643,7.863086143856963,7.602947407312023,8.77392270641166,9.189524220038814,9.084680041780013,4.0475215138176015,4.857284820819451,7.147468015634849,8.562287134465837,7.7742390096257195,7.678363898598697,7.852204024369792,8.996087873538652,8.757031803970342,9.713566505814736,8.634241906624569,8.496191054755887,9.581511748389389,8.845006334913382,7.361165793426287,8.710124028873942,9.257465703974077,8.875606408091368,6.816770353956329,10.353330570449762,7.330817005723183,7.106598658894162,7.551992364169212,9.465316956309469,7.573064073860217,7.063585089094555,7.077678439223676,4.57794228811133,8.435074356894285,9.08035874226268,7.47234886846687,7.410348812623837,6.472637666547205,8.763987834168057,6.734892029766152,8.481907052621892,8.410383234448473,6.175500717973526,8.540965455704074,6.768727549574792,7.659294594572304,4.830054086850901,4.867266079349735,5.91570735532421,6.524731521414449,7.230376866001723,8.255140284713296,6.5256431918709685,6.531507401379368,6.908712953934246,7.781274836975649,8.45820592666805,6.899054839720816,7.258762206910389,8.646293261224795,7.301787062222205,7.055054057983619,6.844294350738993,3.98801142413502,7.08930130739401,7.334088512578801,5.703203839790033,7.842072347551879,7.894690253984692,7.2253194808394765,7.41821261983709,8.612532389877448,5.308567842093077,7.339767028458059,7.749464759968755,5.392384975048084,7.393098653596966,8.16324831071763,7.045054366885706,7.515751937327927,8.737837991607835,7.8529865435763275,7.481693172523978,8.361723310466344,6.692676437360954,7.988453721439961,8.552791727251893,7.857457908074067,6.482876073681052,7.944830136962509,6.68212195379451,10.389019499954681,8.985167908117687,8.665705742328667,8.45781044205331,7.173043692596944,5.689505298237363,7.075747662301541,6.766079186203158,9.78304686950092,6.857082781536915,6.410936279618577,7.513103188305388,7.144718998401686,6.4819589550383085,5.46822794936905,7.3362956718049315,5.662833936854472,7.928526875063568,7.440768091625337,8.263009679616726,6.894799897643039,6.996701611180504,7.453164766955944,6.451529322616243,7.267878710761154,7.125809413468999,7.399965135415635,7.091153401885284,7.599812631931747,7.752092129533276,7.324086573346264,7.076550127429162,6.691848042688051,6.952389379101748,7.303072454106752
20241106-297-French-15,6.464900291657243,7.337913814835561,4.428317001824279,4.067334068192768,6.373058212729519,7.524175349493461,4.437673422978375,5.2796501993040925,5.133356259997076,7.624963820237854,3.9566375885815597,7.4503294808904,9.70477778883132,10.500623526838073,4.673328221558494,8.659546911456863,8.382516105813103,6.567853758986833,4.166226145666464,5.097293520996077,4.33493719388793,7.921831286931835,5.306896698102284,5.770912173960312,6.781915966120391,7.7551240546074975,3.906707839666866,7.205291051909539,6.920521028933264,5.233733093980728,8.334316529635185,5.963385780207314,4.412427443615566,6.946793099634578,8.959673864722474,7.7528491777779625,7.08752197796737,10.718387101299793,4.653100589748482,10.631243341848602,6.921050559404526,4.8334217518173075,7.280122526453093,10.00185215912059,7.640139968340303,6.646549886895638,7.5038028633086045,7.4547147058517504,8.854336269424454,7.839433850956716,6.685300810369697,7.405843385252129,6.406315642400131,6.803929719348818,7.126008716000146,6.950946196044442,7.7933786396371945,6.153832489215355,8.003562116284078,8.651502196985392,5.724942663396883,8.69036319124705,8.094922664949278,6.593090740824639,8.790614775089923,4.385669272237153,7.409943620061775,6.840279991242618,7.414830205436246,6.624123619669248,9.996715869210208,7.824384662035473,7.672212989992629,8.84008374119827,9.13858207197756,9.024249198527967,3.866394251610326,4.7951186888437105,7.286027827049565,8.555201674094285,7.790782412146796,7.61552820605888,7.749784047405168,9.03156422689807,8.811105410432875,9.80230152950677,8.644612911641959,8.459561740567036,9.558941119216096,8.81795889058127,7.347186024208568,8.709289313982842,9.275428016987163,8.845133425647326,6.699278577926369,10.413100974139793,7.365353200222451,7.131843038665886,7.55769408817298,9.481842245175283,7.630183273155775,6.9806628459699525,7.0607532261644295,4.621271768841004,8.494090166636749,9.04776034550041,7.441203234573373,7.407721792995445,6.499313717555628,8.746271429446377,6.746815256201038,8.419680070073982,8.397222358963985,6.179040586829072,8.44118028241962,6.8248867275156275,7.716255567755988,4.813214332303805,4.71604390417718,5.6772520125623895,6.472400806906192,7.269290283554431,8.298247324621965,6.398743468811622,6.41277313122371,6.8151004693816395,7.721324381754818,8.435344574062183,6.830838566317664,7.314584273476681,8.62255516826761,7.3285728622554585,7.062316694260715,6.878666347036441,3.898476021193964,6.976896061617898,7.324229132962002,5.716645245584878,7.748082687704228,7.933030073923613,7.303380530156311,7.2773920458513865,8.585644310471029,5.209090058962735,7.322111019456547,7.826011273771113,5.3890260686217415,7.329408225189367,8.184546613450536,7.003747118862102,7.380028176463881,8.752308696832394,7.8235040306932975,7.559608230030784,8.35338620414692,6.675154912916022,7.951748573218697,8.554834330198444,7.9441250378348265,6.409712868821373,7.8768960205426355,6.7314168156110705,10.38913811110983,8.953701844909077,8.678435921759267,8.381257890620214,7.284206436489409,5.340038724857357,7.11046835598982,6.760028212591129,9.789337248573387,6.861681669373758,6.634131750404831,7.553900404666512,7.162537247111873,6.548452258015037,5.596774075905142,7.283171275159848,5.5383927074305275,7.928335924988451,7.374642035791891,8.204004083134794,6.834898969810694,6.8770574696712865,7.517203545648061,6.502456890680772,7.338033957818331,7.227369731002634,7.3928121032572225,7.046102295761683,7.666952169804875,7.830266012410518,7.281837192243884,7.074053440176293,6.666833877547767,6.995328109154041,7.304665165415347
20241106-297-French-24,6.419154037323453,7.320383337217441,4.567142029345471,4.267033078006822,6.490568242116746,7.634735382548517,4.441371975551579,5.332789377732999,4.82132851348085,7.663632411312265,4.335490779038759,7.070908587950403,9.378190518809944,10.154388360976222,4.58235056305575,8.290472856700395,8.52000712079422,6.6393731500302,4.161123478583589,5.066119831524864,4.1141127992317905,7.982341727861069,5.299997642851161,5.891950175539072,6.857797086885594,7.833658463315822,4.404239931327512,7.2757227894050915,7.1383042879755605,5.435816232725736,8.453292809485673,6.097847229426621,4.677901034606772,7.117655000142329,9.034477473491107,7.899132079259699,7.183197026956172,10.722415688653339,4.841584647624375,10.614782123645123,7.05613412727862,4.703433133067805,4.301413033764748,10.043662543911795,7.808767117200791,6.748605147161007,7.506582348261139,7.580518088051393,8.972773684965075,8.016962249709541,6.797873663378064,7.4436939453518685,6.372809427039012,6.7592734615982195,7.240413667750296,7.011287959986043,7.81326002498749,6.370422918464864,8.074158325288629,8.798867271103322,5.788962404250911,8.719604612754145,8.105313027746716,6.797607342060606,8.654404905642004,3.98843625472024,7.4303219277414465,6.885077409655719,7.468112574541663,6.747920594566526,10.035875340360409,7.848046035242007,7.483752303469624,8.844653276496942,9.240659006684393,9.110556758058276,4.006071593916393,4.939450170464611,7.406677330321707,8.6509480924672,7.876410792120399,7.686370188733531,7.904782634724807,9.08369192204422,8.860089279191014,9.596578369372692,8.741076036179022,8.527504820272512,9.605090049824552,8.881455088005564,7.400016133169818,8.784931331162577,9.338097045237303,8.953915160460605,6.878076423296995,10.201863388805915,7.386602693540795,7.212586537123483,7.678594153914953,9.49979577626335,7.6247850244045,7.178375298815488,7.136081489675643,4.536113366026624,8.556925215184673,9.163514174109222,7.535188246534652,7.483574416151367,6.625741336155847,8.884827476893712,6.838063205896265,8.529944416080577,8.538327811305264,6.344032018221145,8.51529015533932,6.737443599606694,7.643027169361635,4.962169540691288,4.923245351704373,6.01606956470916,6.572767738938707,7.401004602644185,8.32474274140435,6.674607198317943,6.539099484555152,7.0187556497991705,7.786823577423258,8.519731131612195,6.975157744697151,7.34916509565109,8.664095428901183,7.387022305653971,7.053058937614676,6.857671605774215,4.113307722487793,7.15476009586114,7.436172582870602,5.533653148844387,7.877039042441693,7.991392584894565,7.223771141767525,7.512738591427586,8.620091132130957,5.332809572660379,7.409528913553928,7.832669847541542,5.615639044792779,7.358669192709313,8.280892406134722,7.014008616900675,7.561953378553272,8.78759280899273,7.870231974584334,7.546209731702157,8.46306154053999,6.687945830815655,8.099955835429276,8.552153196510801,7.914186683484611,6.574044142169867,7.973486174766923,6.776402535368224,10.31179857568711,8.925629453200242,8.689947350251762,8.45111592921527,7.342726670718852,5.73184199782147,7.169416724686306,6.891082927743521,9.706121959555563,6.840482355044475,6.51843250419538,7.637722584778312,7.123005515021137,6.524604689661601,5.606022679106141,7.3635147603009665,5.72688014180252,8.066708528796374,7.47545370291699,8.335054083456711,6.929026508352365,7.012324496002898,7.503945883018579,6.6188749300005725,7.430794737800995,7.246344980402681,7.448926871743931,7.175271615536533,7.696237484477613,7.83529886732747,7.26862467515753,7.159557959321029,6.6982311568016435,7.042708355674365,7.450459220978219
20241106-297-French-14,6.6435770182079725,7.37389773052614,4.627670803662037,4.085827616598981,6.437456096439939,7.51797496315374,4.583413302166644,5.257013270122529,5.034120869402973,7.626323438220656,4.426546388092517,7.215646212714301,9.554986313072328,10.289358102744773,4.632262144046516,8.489396364833075,8.330052286602559,6.532886116584456,4.265685843601376,5.314272958063877,3.9690524450784697,7.899112670065888,5.507700999392845,5.784095947589359,6.768711395253979,7.828462492051134,4.568819058045255,7.166586905018874,6.897791433251528,5.480558764746702,8.37910856621683,5.9661631880412545,4.267096411366917,6.782253443618674,8.943644777931723,7.609603431669095,7.193909385401255,10.646236006610156,5.207463819221834,10.672236455290285,6.933246390176186,4.664069813520246,7.204271586674244,10.006490922742408,7.868596886742362,6.9042910481284006,7.664874703765991,7.316481727012811,8.880110977630657,7.802830646687489,6.713871426588759,7.392767081668963,6.4203773822679695,6.762665299648221,7.114621504420608,7.066621210404493,7.772611977116204,6.280187111325413,7.955693267863818,8.55188957858347,5.962685227905343,8.748697818833005,8.060439055165928,6.775589947532929,8.692600579741523,4.386335000103361,7.26875800302452,6.942961033887629,7.449116339518746,6.554104347671192,9.967221707903585,7.906236961835499,7.548226469070106,8.8239572809559,9.197423358407622,9.07342518631747,4.478918630805623,4.955976787070372,7.116794179295787,8.468900762006708,7.910351134507294,7.68225192230447,7.81851322971351,9.059080283727752,8.874912134979402,9.633252827572536,8.678728173542277,8.499374401872952,9.525654474190018,8.797010600969765,7.358966359515148,8.627600213749533,9.277895409111764,8.939294949755611,6.6971873771175,10.241551393514651,7.380212745000892,7.155245038051393,7.548896306249637,9.475815102186724,7.536340324408634,7.0935510851045,7.14547056370513,4.769234440372688,8.423833826984426,9.095944829469364,7.470791441988846,7.41761793717053,6.6937795430271745,8.756821601397482,6.757350871882813,8.482341482591611,8.342101355702553,6.223344993738027,8.525208239952542,6.828428754484462,7.6313094699315505,5.10958038299824,4.791277261193703,5.826637215362784,6.618945747247429,7.439604665807773,8.260371418201444,6.5660251923791595,6.591447858233849,6.870805694461831,7.7857025963010305,8.42535312733804,6.926674252403024,7.297386090713458,8.65308673964984,7.4123860353308055,6.887149887716047,6.721031277612704,4.089547397347429,7.009223802212057,7.381458892866615,5.837094198924624,7.729441298670432,7.93760421359448,7.116085008539839,7.24823013576836,8.615596845714446,5.471721191399999,7.244884986501234,7.797576439536629,5.509721108685697,7.250018541787288,8.137319144644714,6.913978475221136,7.438297779995438,8.771297118759652,7.834601429227912,7.445701173503771,8.185331707419534,6.6680623698854475,7.854300397435968,8.54877920809335,7.80043091560452,6.4941895470999516,7.940268926704794,6.797503232182271,10.333401323900597,8.88896283548314,8.675004875260512,8.40326507994451,7.181788447717973,5.635836815482109,7.280173962683332,6.8369186486666145,9.71391788919942,6.905772445369023,6.459676010246674,7.655972295912872,7.194831449143285,6.559113239286613,5.534894672036434,7.204271586674244,5.550814432860228,7.9481197902501615,7.417787289538939,8.077340332412895,6.875366853710265,6.935805728488448,7.437575314171174,6.5844217788685695,7.29443888623373,7.201508470155231,7.3746790928645956,7.042765302825468,7.64941278664042,7.7897382790501775,7.006247462382533,7.046947294198444,6.810150469147819,6.9656569290906445,7.322862026594346
20241106-297-French-12,6.462494617306166,7.242005340959379,4.246090224470444,7.458491428737696,6.2709772893553986,7.5022597136016325,4.164543695282893,5.152591957806163,5.1251472826411275,7.628757885174867,3.8536448675785984,7.037728639121753,9.413823019466781,10.211813275923037,4.701076812680454,8.329578310453885,8.638082708303232,6.648180431525062,4.110080374517544,4.956586052247979,4.132055949841698,7.920286165610638,5.170479229499089,5.9072048158817925,6.75648091131978,7.816977205540699,3.8221118388570146,7.176289110164078,7.1442513970345525,5.056532590339867,8.335425812609866,6.017246784967346,4.617854173408753,7.215514683995373,8.915681331194142,8.043446934752616,7.126372056004435,10.708547183987148,4.618420890861905,10.620397552640352,7.086664491159728,4.76437192170346,7.246339777507308,10.046466591743313,7.695236590186601,6.712134082793132,7.50453016503296,7.650279196873564,8.844270057161795,8.07998146232912,6.679338633217869,7.401893567816636,6.437334177669906,6.7508548381259965,7.069559774113689,7.026166908409414,7.709079770469608,6.1967789662522454,8.04510131247094,8.927303433576386,5.761856041989283,8.666875415951095,8.149946399018702,6.685268779534371,8.906894824295447,4.410401380734226,7.522627535940853,6.8177507492873435,7.335456912732431,6.656141731213787,10.05019165790707,7.77117728826256,7.7185622046281885,8.8233574518849,9.163844453892237,9.033110580220471,4.097816790966459,4.70225189674189,7.539624210741657,8.7770525241376,7.796514828944081,7.638733202737801,7.770606150202544,9.002789242926859,8.72712140994094,9.854911209484136,8.636717824245233,8.45468689288676,9.561889939422574,8.828981388603806,7.252947674084454,8.945215719254364,9.203577748795718,8.881611136164224,6.745213687450383,10.44933408818982,7.295236818353406,7.098823594594296,7.514682590616236,9.4379985080686,7.530103333946182,7.185414017774871,7.084428276545385,4.287011471962622,8.42553938268015,9.043155555033604,7.564516896514867,7.458491428737696,6.688044737896792,9.033187189102371,6.697311517051797,8.436506259266308,8.679133753239466,6.226125145152263,8.437225859361678,6.801191005768849,7.680286146418506,4.712572053301912,4.694767718621606,5.827921301203877,6.5362200527446355,7.1711028043678295,8.236592585134602,6.519828355585453,6.535696873051639,7.2031790936206015,7.727257355483641,8.347395301735776,6.888859839909964,7.307870533020002,8.57119190275077,7.381940633777791,7.074902083274652,6.993939873059932,4.466565251035035,7.249531494058118,7.373340427106408,5.884845204758798,7.981397495924613,7.865238938292447,7.230461018828818,7.631015278008487,8.610300518079132,5.370336313973293,7.465794571533347,7.771596705567927,5.5025893592793444,7.317504980001605,8.135518008487523,7.002851318378531,7.432861852669565,8.786937498273371,7.787589974291731,7.489980280270514,8.541284070978787,6.772321900996421,8.108050923104903,8.555623378697522,7.871816077134818,6.474274255940633,7.919725483139599,6.62522941014124,10.385162152811311,8.944537676765092,8.576656543791568,8.424633086141036,7.29434844604212,5.77895529023946,7.111100900061681,6.747390060293615,9.772186567196487,6.7645877384307305,6.560910843762019,7.711283179558701,7.112760333289686,6.467526968571465,5.351102093264175,7.246339777507308,5.510669654565886,7.977753920028359,7.343060351750512,8.384452336142283,6.746588063177781,6.91774107706192,7.573624584064838,6.501896576206606,7.493338548979235,7.268671198936464,7.409909865913275,7.150160925256452,7.577036425519429,7.738019749092874,7.292958354503666,7.081235337425639,6.700547312040237,7.015530637507138,7.523540633127224
20241106-297-French-5,6.178304393730997,7.132477792094539,4.437389437450351,4.2588517478872605,6.03211943770538,7.482358348706373,4.407183460110952,4.31879639592693,5.288154825394536,7.648316536530184,4.400773320696377,6.921166280300523,9.238143785460796,10.008585692226841,4.9399995686817695,8.145903454512036,8.51058398844116,6.743617424491799,4.313473674288765,5.340090560370203,4.091434814917228,7.993104947405661,5.407265142058772,5.941922583395617,6.840003212487653,7.79903023066059,4.344028309058515,7.239139859229548,6.8654316721462285,5.63459402763519,8.42976013441423,5.929654010347343,4.6383239614267175,7.024001501904371,9.019420215583134,7.879504130092094,7.1829199637730845,10.754507771431475,4.767159624997292,10.670015901016425,7.0442643226691555,4.638097631405463,3.8822829647831374,10.029450643276899,7.796896233521184,6.735549825678835,7.643460495448687,7.46282877658556,8.962093509601047,7.9672325686999566,6.849566380796505,7.5485700873311075,6.510801688575028,6.86679682690478,7.201580124555143,7.12871268212352,7.874241758656228,6.201746948058397,8.088470091690093,8.855661091035552,5.784137655608041,8.79323805892048,8.128607718112157,6.870874176493521,8.757445006256637,4.4243350267800485,7.464217939582126,6.895242560631412,7.465950032092771,6.771246332057287,10.03080277480262,7.890597543815738,7.503085843848118,8.955184527933431,9.22236545637296,9.12717070552238,3.9637758700937753,5.083143679267565,7.454306393432061,8.655802847143999,7.988574307120624,7.740941769922378,7.919060969151676,9.1386764728212,8.84926800738751,9.711942032962055,8.778040585209268,8.563894096924082,9.584251674401322,8.885356226508009,7.414483958999853,8.817883752965306,9.30161065187996,8.928590099708822,6.761278205048315,10.318868643154715,7.384982803845578,7.219493428961609,7.621712318859838,9.48960309648007,7.686449023170434,7.268447592516737,7.175070956035149,4.317731245373129,8.540854578526035,9.213773083384508,7.5152480085195075,7.417178311183236,6.812846473450302,8.902531184792872,6.7776272169840475,8.55481236166977,8.587292820299956,6.3016082105909454,8.589508375330592,6.927046082133035,7.72287771270082,4.929014667395648,5.013199159935118,5.926858286223204,6.608616142402995,7.141378132947619,8.362090689254694,6.646068920617422,6.6915223723826855,7.045179698536477,7.816302819423895,8.510974604649993,6.905113959048131,7.348488954796689,8.663173933158253,7.460304099049109,7.125563404825872,6.962114415073967,4.3801106977539215,7.138260286181378,7.485447336409816,5.841665849720986,7.946830827576842,7.99066508044225,7.363017242997301,7.445721677421639,8.616217860201745,5.326504725943003,7.217123528176309,7.910525229915538,5.5678375373344835,7.381149680535424,8.299425198433687,7.075672649429351,7.480873619321585,8.795409027178767,7.880979208244004,7.601976074772399,8.337952055594226,6.749703145984957,7.867070415132064,8.622843403397134,8.041805036657582,6.591587620628522,7.932834014330007,6.686997895172602,10.377941630248394,8.98217789258899,8.74663698893996,8.480547070349328,7.160344880970382,5.492770594380903,7.071409866322831,6.911263791238733,9.771149010020089,6.9698095562724705,6.688086479059787,7.750978931991444,7.134256839144768,6.448015605319207,5.840046870517558,7.313449989924655,5.572458541568455,8.09513459416206,7.295029443140418,8.193140331738306,6.9646642642420655,6.911809313965213,7.50084111240092,6.666716458345625,7.357738746612364,7.235045730800898,7.42218300775409,7.16297954434188,7.607399048986556,7.881857560525341,7.312106992735398,7.158103825622134,6.84806486934824,7.108655955523306,7.325755013513142
20241106-297-French-21,6.3831572206273055,7.378015148279356,4.726117131301913,4.173386208624456,6.059648283080922,7.6071671831325975,4.551627693697264,5.317591518615581,5.423125640800633,7.510753930978966,4.032114026696166,7.5970452076645705,9.850766001814177,10.515979330831767,4.935439583883859,8.820460689665897,8.45057402837794,6.598744895381201,4.382856064868397,5.25692422761353,3.9195304834203997,8.013015047623552,5.319925198179196,5.929717573701438,6.854575812622566,7.828609281188761,4.289295775004472,7.221957626452556,6.877204560458331,5.417728504061681,8.442088756359466,6.003034607747745,4.96194186820718,7.01926517107043,8.921024376581354,7.860997120691354,7.18709059726613,10.645183596910067,4.812976504273117,10.519268211202268,7.0005485156597,4.904909699537942,4.264537215814496,9.987732544788965,7.786993394257663,6.743066630022665,7.6553080996194955,7.580664346732722,8.8685750239558,8.016558469284831,6.79730873807712,7.475882161844175,6.480799007153985,6.736709100580387,7.19461088420732,7.031573015284752,7.842653671014557,6.2856872319988835,7.998862010478393,8.732427107224959,5.64839660809858,8.746308176381692,7.997390748331977,6.768700638021131,8.731856812687743,4.366290814600715,7.4235334237089665,6.831459912761964,7.471320905189732,6.698122488868777,9.974614987702346,7.8906031297369505,7.533203256659673,8.880328444547807,9.1839942616394,9.076991878273542,4.559372664289668,4.846299439438161,7.4866185809786305,8.612727789155265,7.981489106296154,7.656821832813835,7.8774964569457815,9.11861771808127,8.843274917505626,9.657758110060852,8.747579368357602,8.553285072001374,9.566015708301778,8.868235063639045,7.403201044756631,8.794446831554003,9.236309535446566,8.972910697681586,6.8995103250697385,10.322488908715231,7.376733712530583,7.205467551037854,7.599077508278125,9.439372007865012,7.56961615128216,7.2385866679704165,7.2336292160674835,4.777332318864966,8.537613080484418,9.162804505979754,7.475319602661425,7.463688591007309,6.76558121230529,8.90717954472458,6.801024063552646,8.45769140532759,8.478178478250346,6.30856492797758,8.53009756293929,6.855924375544588,7.599525958491938,5.016757409900687,4.7579464608965605,5.874089855534053,6.61769264850365,7.285391737813493,8.251430553604568,6.65504058674658,6.599518939015471,7.0460797627104395,7.7583432565385255,8.53007169106982,7.024736466357236,7.27364409737442,8.61591905105727,7.413371312836858,7.112048400547159,6.826847480968281,4.346035811128731,7.120169973265543,7.423146842827556,5.903976123800206,7.896607390315831,7.98205757241246,7.189437237671003,7.484112420147873,8.600097990201204,5.413574311168473,7.212770843364647,7.860438871834903,5.537199800432234,7.345414306930715,8.144462039921851,7.07217489455277,7.529712197754787,8.758948098975763,7.8497548131854,7.519424186668654,8.31170614495735,6.818888480566709,7.933710249882809,8.55908956625167,7.873556045453977,6.568810028511993,7.950151834403983,6.661564261694277,10.300444410842546,8.897171899103492,8.682978474462544,8.44666547434012,7.317251906192156,5.762787321622375,7.152561636128789,6.8864605233901415,9.711820573329666,6.8784117954210355,6.564019597251111,7.7642162445089795,7.151822486746797,6.485969692089556,5.781267752792814,7.337735595472663,5.46031254142603,8.060901481160002,7.3999005642276545,8.226818894896716,6.938276953009295,6.994306026322088,7.362977876081141,6.645188987231161,7.276456200008724,7.200958891984834,7.241907752923879,7.087395189082315,7.600248031378351,7.823111717190811,7.302499841187659,7.156084693717891,6.787116956478316,7.0738451928052,7.309610853219844
20241106-297-French-10,6.61457246966756,7.292948386222015,4.474719331600587,4.015941965278566,6.372502257430454,7.650326180474494,4.096235057512761,5.37878169813922,5.067475153237617,7.622739458432698,4.544095700949959,7.2438749154782665,9.532683339050577,10.318822247417843,4.720420051517856,8.44710369398659,8.362156165172959,6.559308085367675,4.348290756787566,5.271918611988961,4.283036398042979,7.950007701362739,5.5394351735569805,5.836828927258317,6.7639231439216525,7.765546929765517,4.078910464197214,7.167352774083737,6.737980151367422,5.462605045670843,8.373460065117472,6.0770292507419486,4.005367459106506,6.946213762266039,8.954229630202283,7.739906458415956,7.234181886713158,10.722064794188828,4.914496934600032,10.66943051991741,6.904375812615718,4.852467573072106,3.875374504323023,10.067113927195592,7.818417817939481,6.76038651242989,7.76161312896252,7.365064518030137,8.900044698064706,7.770550837689934,6.760027507825799,7.382043918444496,6.45609185622374,6.798375032596664,7.078947346857261,7.144807182146523,7.742591018747632,6.201908088833493,7.972302272456989,8.64998226373482,5.8240051841677385,8.748493683482856,8.035462125194286,6.696928101631575,8.714193973139919,4.372952420088736,7.295094243395792,6.9118026903807745,7.387988054499992,6.75082776138887,10.039606985411845,7.90970060839069,7.573622127774078,8.858466058172702,9.234716136546444,9.119128476237773,3.9729726919587764,4.815780911908408,7.28564806181442,8.469474080608672,7.920965665602215,7.656934590774344,7.890622559192644,9.048393306521321,8.868745075078131,9.64625423991003,8.666917076344092,8.563502985833418,9.597342461742869,8.850295103855121,7.32476226888674,8.661579688903759,9.210222356992617,8.944011643801554,6.634668663670666,10.278967333783593,7.343712620216114,7.141860043307898,7.553033267647997,9.41147267364779,7.565001474790233,7.212211062573673,7.085538425575089,4.370091499051199,8.458615932915185,9.096198320144607,7.427941061050602,7.429190935901339,6.801692829657132,8.766583129214835,6.738535507414643,8.497115885215887,8.413809639194739,6.315158689398184,8.5297311108388,6.710879290838959,7.59228855471638,4.85024686855469,4.680133099765403,5.957214395523255,6.651762480044715,7.308651416118235,8.253759623006797,6.614273686782349,6.70952200958182,6.940894666550673,7.7144657615422005,8.411578684712957,7.006802990830062,7.3151783533472345,8.597997046707798,7.356673467479422,6.9932470143425896,6.799059173873028,4.443802266057596,7.063589042593401,7.455989594171923,5.8621393239463115,7.78883397518988,7.908910932186829,7.122000211852983,7.335330291770189,8.62408077119267,5.3656493668347585,7.080964312052459,7.850086799644449,5.579497801440519,7.299461389954557,8.080443222918523,7.027334853410811,7.510356284220332,8.793533318095811,7.771970682236951,7.456707791938103,8.14079245131867,6.675802034640163,7.772269663811976,8.533835930393085,7.795457730218372,6.634652047055755,7.961748899931761,6.686773518056589,10.277151209047881,8.859898580118372,8.658700890650097,8.382298143024368,7.105846303357982,5.831773557710054,7.148488014998413,6.786239618485377,9.672376020425837,6.937696351833831,6.607696199718298,7.72274034721577,6.924125286214069,6.469086868826209,5.775218024792215,7.299706665074277,5.467270708981972,7.958817010430581,7.319687756704137,8.013724964118017,6.9132773659664615,6.938082795296526,7.444385533731729,6.566656871314739,7.134853848028522,7.085136926239406,7.391241538741383,7.010843197108919,7.535999130406547,7.80059634038627,7.119999997250659,7.027748132999863,6.790339793416673,6.963141605022627,7.283891946517358
20241106-297-French-17,6.633514006241768,7.25150136810032,4.62520352008052,4.153903712328742,6.413556519125497,7.553424834294189,3.8707153963594925,5.3318642131953675,5.093294180966873,7.445350599819959,4.39743344559134,7.537661594005068,9.809079273790001,10.535285155241237,4.414803845811614,8.78886837624407,8.474886181451717,6.709590657224968,4.322123770589531,5.297403316553155,4.014032582733284,7.9447062014956025,5.664201813234778,5.884319500527145,6.802628516857668,7.754828753647155,4.3106196148094345,7.260093874128797,6.876746699515827,5.457640605807296,8.367556139832622,5.785688459279995,4.552772848185599,7.053534044899959,8.932394226357758,7.906497930477006,7.170953335827167,10.589211904418743,4.829287256806667,10.6128744929962,6.7745069500673525,4.808155375471456,7.2176242797789465,10.009501057263762,7.808588244193968,6.889680056524878,7.782585114434452,7.52409030322053,8.8855975653936,7.9229611611862625,6.675771055391413,7.334129632729344,6.420802532831959,6.781338568441448,7.06233010663223,7.07001038724911,7.713642360100029,6.18018156150185,7.9933810831365895,8.799776756539053,5.857403200885878,8.671114576833638,8.045095829473082,6.769974149068754,8.731195114894684,4.360231496525494,7.401429695450905,6.8451465004074175,7.370061562530133,6.658194779759138,9.968249123484938,7.847892978650393,7.495729574261978,8.792725626755598,9.1576083281722,9.034019058554344,4.137511975680839,4.960265800444042,7.443442539564533,8.628386722278526,7.980395827080986,7.618020919249166,7.7919619793397965,9.061469061613293,8.856088298094994,9.678066845183961,8.685589697844113,8.477387356258568,9.511607434992982,8.74922252481702,7.340565468567933,8.800773935497222,9.175240524805359,8.857323588544627,6.6721155140998585,10.267846780733613,7.269305186489314,7.156615722712248,7.566006721644584,9.404380580376117,7.590518108608163,7.221628056831248,7.054425532944671,4.391140191415141,8.392385603128456,9.123079591144021,7.4976639478577916,7.361358980517945,6.7960723147923305,8.90696472074748,6.77065731632239,8.45932946569932,8.516678125490579,6.17618780443424,8.421024486693717,6.768913913881628,7.4062339185296295,4.935907344182535,4.819528594426471,6.026185369593761,6.64835533807525,7.2897157613173675,8.266606225098139,6.543496341816868,6.833517286251847,7.07940060004223,7.685097504821784,8.38473896943547,7.007495331812038,7.300950859134944,8.520295711257148,7.304241291630771,6.985721052455014,6.8637651920539,3.8984014742566226,7.1577940670306655,7.395425114064001,5.893698388219339,7.8968580015412755,7.831431867792089,6.986343561786997,7.511025182456221,8.54740265337447,5.449533333712333,7.156574698422056,7.741508912357403,5.58465177900722,7.160666499655341,8.145392684261726,6.949246760026053,7.434318884638936,8.693576277996193,7.775150449757521,7.4055144534064,8.289834508088529,6.774137536066157,7.877169233754714,8.515469325861126,7.801683857183722,6.539137560187249,7.848084264973059,6.597840523835368,10.253303845876435,8.864052649004195,8.662797578742273,8.36023429649296,7.195025610839246,5.678595900757043,7.160208245893655,6.881869572672793,9.644905971630875,6.833015647030271,6.446695547429149,7.761049308246725,6.997197270486178,6.445599211803819,5.7210599828176605,7.211233580514428,5.5605118542947185,7.986614039929598,7.286730398643828,8.165833481817634,6.8774118273704525,6.88009908536043,7.415019153727472,6.627541039751475,7.250203321011212,7.061586595948573,7.371638553066061,6.936201113159362,7.546222771934503,7.737477502676292,7.1048939899522745,7.053258786862871,6.763910020229452,7.014954587966133,7.247894585783815
20241106-297-French-8,6.675142405764581,7.321966251227839,4.279282404601872,4.138404456595265,6.583525530364153,7.576977970791332,4.413151917483557,5.512694795418361,5.385093079325763,7.438266989952927,4.393941571106534,7.392568110973653,9.710131973502243,10.409021984768053,4.804640529849414,8.676060436979668,8.411931229345374,6.653215210501769,4.694257053120492,5.163145445161351,3.911373093664831,7.941572694097692,5.5212283704591485,5.957429591563134,6.8696623556631415,7.797512843379214,4.190808436021318,7.28703281077023,6.74815138211562,5.565818062666042,8.318092568397564,6.096494326383407,4.754440186709778,6.980866361113019,8.929240071242823,7.785197467943261,7.225863821925313,10.623941617818197,4.7902477767323175,10.596247185195834,6.866507106114631,4.933269965910495,4.049558752799768,10.057468691844651,7.860359163670208,6.85007405123178,7.773297789540546,7.442031913958521,8.868896450942716,7.900973128263258,6.717978589794745,7.473037160771371,6.499492733713866,6.7715021378038855,7.110777381135191,7.107959533926818,7.779118516192809,6.380183097204212,7.95839475827707,8.704129852367574,5.864010300087769,8.686139083366776,7.969680936991077,6.786786567255853,8.643288964874687,4.6087139799234045,7.37058302711259,6.9001526061698755,7.557027704773726,6.740383731141743,10.021211524487452,7.9849269789789865,7.52132843838573,8.83011448193771,9.228575968714482,9.093018790577727,3.827496618908512,4.898289772059282,7.321456165313819,8.534265367310503,7.954455013725313,7.681756707551532,7.897684119161746,9.110666217124505,8.8688229404055,9.598945151737698,8.674738976804974,8.531942499941758,9.576270543939337,8.784934006326875,7.34562254673198,8.711832823280126,9.215511636461727,8.960743474300733,6.785243517529997,10.26096167771712,7.362984174799586,7.177563742892813,7.546013075257058,9.423694588289171,7.579620586427348,7.271832650977542,7.120744594143,4.708669929441987,8.568734168559939,9.150737245836124,7.4807174224547826,7.509467413866289,6.829712908581405,8.773317432888067,6.764961062077881,8.50563637792056,8.462856783883407,6.375784893115771,8.472062517905757,6.773763836674021,7.489716136633343,5.0381318453952755,4.400489789251561,5.893597745021813,6.711726194693191,7.218753416004202,8.268644434065601,6.635529967164936,6.740738053506773,6.971975469217588,7.755371623850415,8.477191293555794,7.013110969701133,7.314551528569089,8.59536067576692,7.372364123375563,7.079079608306605,6.775576234615125,4.283130104674858,7.055600083420422,7.440142741773727,5.98333962412797,7.8111994585745155,7.955638310138836,7.007063893280278,7.480903077089511,8.638443117538245,5.430419506489996,7.127190587325483,7.829703079185435,5.5972313764715835,7.257327578694305,8.19459790405264,6.996623556701351,7.573616840304966,8.791658914069552,7.806435589121599,7.579406254556089,8.134473532361307,6.809885837520134,7.794825430118641,8.547523953206275,7.955423994179171,6.652048760190242,7.972541992989822,6.71924458303077,10.236917384940497,8.824878020872376,8.66261407287761,8.394475094317192,7.300942883262561,5.717635987654607,7.1206288333409935,6.877201589884413,9.604807959790309,6.963158789719432,6.524187143219086,7.742101651273163,7.151964559249938,6.379839344461912,5.854424298186157,7.339284506146702,5.469679108540851,7.9625642073926315,7.296263551589838,8.054749287810875,6.848069574233647,6.822743738193367,7.361562700198795,6.527909784036578,7.110197746742847,7.230533339340487,7.322104669679428,6.947464587403418,7.516032400626023,7.81472826509226,6.9694291459615885,7.080015191126364,6.831646306509382,7.004005551856661,7.207010849348073
20241106-297-French-1,6.607112199050607,7.348828656441089,4.526653151886044,4.28426131372949,6.456590963112848,7.5161521893513425,4.228510798355661,5.372140587336868,5.222786181002042,7.567030832720767,3.767007850144826,7.313901018071082,9.696637070476422,10.432883838378034,4.648231531300423,8.668096769515524,8.432077355147527,6.568759775343486,4.501970236055077,5.268343769627726,4.057720469893169,7.947146495387619,5.310331256826454,5.754761500200256,6.709734940074794,7.721778432499989,4.317598156300362,7.201217774081466,6.8309164408700065,5.388365490851659,8.287981954828506,6.017962529934053,4.720784466085048,7.006375232933271,8.880758955117969,7.790091839448612,7.117436867296084,10.648870934356369,4.801200383995188,10.656000435668105,6.851969632965848,4.756274170360058,3.596650305074802,10.02781049126751,7.859662892594514,6.748193352452138,7.6789166307591765,7.5634786136919105,8.81796961221096,8.031723745903879,6.712811323422068,7.323356861312874,6.339833709993002,6.781339693564253,7.221073184766741,7.0159162894929405,7.774966056505985,6.22104775911694,7.990027485379286,8.702803013000505,5.442875223713325,8.677668034604894,8.030277586258865,6.805949178769772,8.806525751178976,4.220673540252058,7.515276851388918,6.834095347813916,7.398220928224431,6.617906478394346,10.00729926720125,7.823610989603202,7.632364518493279,8.82480049529793,9.226568081465242,9.084384511948537,4.25908961825388,4.734767224667438,7.36824960387097,8.564241081467037,7.9242455417709845,7.7013289961201945,7.826067832491591,9.067425348069303,8.830634668245692,9.736490211662531,8.641577413987681,8.4566879534571,9.474730735601817,8.75871771306039,7.349434781468455,8.746125557341296,9.288369898911345,8.914310466587668,6.747800031362627,10.338516553798259,7.3145813791287395,7.128442398413067,7.50856491757417,9.474889863615795,7.523707955019828,7.223683824448391,7.040688152226063,4.499679804048558,8.503933900951498,9.10972288428017,7.409974514630411,7.4739632990308165,6.821875797204689,8.8089719395273,6.701484265330382,8.48836734608565,8.457704576548904,6.348175131881351,8.467869735274846,6.839894975733546,7.544759755813465,4.890453281921476,4.76301774899513,5.810538053012238,6.5651792453338675,7.048210198515143,8.265019839595984,6.526032435135699,6.763885449392615,6.991786801532386,7.778208843909612,8.474739265006814,7.037280440389352,7.315769060941239,8.651906514788926,7.310779749764305,7.029780847946683,6.988086722740627,4.2968490050126,7.083061415860776,7.402389408009137,5.907755385129326,7.838986714290163,7.981536347027353,7.123973962717027,7.50551022747213,8.619976949950543,5.424971313038934,7.1292344652585635,7.80735293857478,5.465441494658141,7.232756639530943,8.177004945046932,7.069758193675022,7.4506558419314395,8.769813132076843,7.803399624250645,7.374986000678661,8.127260135782729,6.699837660765906,7.774794240848764,8.526850889872037,7.874715191442346,6.562164860629655,7.896057554147722,6.786142092048005,10.305170387647806,8.878156972861229,8.621231004111655,8.34747037121355,7.313979353497926,5.691993558037651,7.07740294000013,6.771920867242184,9.64820199967226,6.920067448848596,6.534594590506236,7.740823785115359,7.154670871800807,6.462076799763014,5.698776551886385,7.249353363859068,5.512803593135688,7.95111494364952,7.188496389661314,8.027841156665195,6.848067321620292,6.892689880979741,7.333889107897225,6.529311079150093,7.215274963649032,7.071303859566703,7.2435891462658555,6.931755195707961,7.399145294324011,7.7471760576016,7.043067998501753,7.129634994603611,6.725195291749027,6.99655135209938,7.206412568650439
20241106-297-French-4,6.747783490517938,7.379155534484404,4.711859025721275,7.445913420544173,6.533946564137851,7.591282297272177,4.429843199471254,5.562513115172706,5.087969435476445,7.4511541322110455,4.442478732240882,7.223044303320625,9.549772663509954,10.342774740993024,4.817103120175799,8.511031685063367,8.413725964103707,6.756559533631038,4.645508728701735,5.440911484926301,4.156253018730753,8.058933464426433,5.603033958785516,6.0019775628544725,6.759026987758895,7.720701323964007,4.45847063527108,7.205269145124198,6.706896127516369,5.6319321015132795,8.34919273459707,6.133099012137138,4.730107600253998,7.1123728497781,8.925261666101674,7.85022439963301,7.173487766929177,10.570508132147497,4.829593640462964,10.596307897557654,6.83245553002748,4.705739262305041,4.249567730043458,10.028652035946937,7.844087980457261,6.901986918060544,7.874435482439886,7.50259109617561,8.877509487871887,7.9319110474514245,6.837703111583599,7.474278852033038,6.376468134782265,6.811216259885676,7.166892879702699,7.116172144142681,7.801341242690101,6.266621713829262,7.965832658276261,8.742808174534524,5.969412074135458,8.715328247575103,7.959956521774245,6.860576386794487,8.737338638062075,4.773173095168833,7.443557356375194,6.906624665989024,7.491539360320072,6.607566759568119,9.92159352352121,7.908522322670211,7.555764565325442,8.849657130985516,9.226878225575316,9.103650260784901,4.238759228229036,4.853316509557723,7.419728309169427,8.63002927922314,8.042690023269062,7.705415790515025,7.848709011472128,9.092693804547396,8.907558414499965,9.708693644818862,8.703401889162567,8.51462341947257,9.487670060804124,8.76594495057073,7.4299756306054,8.735532115742739,9.225543439209536,8.905452862810927,6.824781224052252,10.291513086001952,7.336110673197092,7.179782124592806,7.609194703661427,9.436159148106182,7.627530035647028,7.320876334848073,7.134022391803073,4.315588292140276,8.493480360000055,9.12203588337182,7.488904892278856,7.445913420544173,6.8240623865640995,8.8434942579307,6.874139694396526,8.536842999782872,8.48187764717003,6.269817687340903,8.517172556089715,6.9322430040214345,7.430262587830233,5.1796170251140286,4.823339108630252,6.012103880774167,6.6298210152091155,7.205573127436133,8.305193827480714,6.691235589959024,6.783483129737334,7.030662848650831,7.701519395487892,8.436138203616727,7.047955882790847,7.239806869443528,8.58389511404577,7.436433570357492,7.0381444092783845,6.956697145465714,4.322982242377075,7.073462098077171,7.410857513982288,6.04027759801724,7.793289149332054,7.905570069001319,6.9177424419905265,7.5101379764788625,8.544994493623669,5.518937327585751,7.149546867102834,7.859683227482193,5.387890228651355,7.233880592354132,8.213611643612143,6.973112921173611,7.49920037340628,8.725313837530345,7.813460556642438,7.486395656478171,8.161720794731659,6.718132457706955,7.773515713769081,8.545409103178427,7.89392883087734,6.5337556593680395,7.964059224604711,6.778502716388502,10.238716606557421,8.773623779216514,8.686450192821182,8.374098939086407,7.186758056765332,5.646233879266023,7.069154724806146,6.916377308886533,9.573448216034645,6.926609992193261,6.746167961951841,7.8226603356425395,7.112431510107244,6.407858799387119,5.931302462634162,7.237400634831128,5.442649490954564,7.957164828994409,7.2483646225825344,8.04148455012031,6.8651934405710175,6.895927564337479,7.301180120980957,6.622017495389475,7.173875981196739,7.2135874078826125,7.299354749249807,6.862577447651491,7.515653316034741,7.865112260568485,7.041542809387458,7.069347921673279,6.857860361252018,7.082917632245849,7.135077240206294
20241106-297-French-26,6.624879868546909,7.155948280605498,4.433827004212382,3.5974876499631074,6.3932777949247654,7.541095416723682,4.431639015860978,5.2421439471351094,4.994136083280707,7.548158850146581,3.9217690558946057,7.301646580858747,9.609596904120387,10.34878911648198,4.557232037632735,8.496908478029738,8.395118779556288,6.481117972536774,4.65761034570704,5.255466053313335,3.890564176227707,7.952431409785592,5.559581377661698,5.917069136378717,6.701038857651162,7.731073800083971,4.196330968697677,7.257262442187646,6.622235942261992,5.402952530242542,8.3387765443518,5.862992647519292,4.37333947909082,7.042362900451009,8.924119580759745,7.8670038187243225,7.125212168360952,10.73440883546294,4.834776895638678,10.657131007590039,6.830687494116809,4.291971324097155,3.5593480715743926,10.061022593365621,7.844646893680782,6.657264832208745,7.749067979331269,7.43757256217917,8.907161849754239,7.866062977739409,6.739207858957419,7.341924287200307,6.40752941372187,6.789803372339396,7.088108266365602,7.059592437480776,7.798342533473739,6.321676140496369,7.918730445428516,8.776025643514878,5.9589621159111505,8.749446704882061,8.086538937207765,6.713879566863252,8.72173207311838,4.271601077039743,7.418012097260583,6.896386244183373,7.468142125234262,6.659106596843082,10.051923445456127,7.871630121873468,7.591130335107431,8.78774755826026,9.193359777601104,9.070559972231202,4.331323054836077,4.4071884566468285,7.352626442149138,8.535513774966159,7.947626222470071,7.64958226859758,7.857842043504171,9.10458897543625,8.836682931080693,9.705355001746993,8.70304156414677,8.52866235115892,9.508001778457771,8.894112310929756,7.312019570333037,8.702005560983931,9.20590507742667,8.918134109005614,6.780902040039885,10.32407693999809,7.341686304276946,7.146993144454609,7.587623488286615,9.45949836056005,7.535185091110521,7.322247257860236,7.0916797848240405,4.1549450582191145,8.408891597560295,9.155650982416102,7.4573621375544885,7.451617156916344,6.878258949328562,8.839229511589924,6.78325232230081,8.492706428062183,8.4341731294841,6.236547521173409,8.412136323917249,6.7645108009680115,7.620376424679631,5.023756300268634,4.52670783905868,6.003635654883855,6.601555071417576,7.0581851462996035,8.222944089841675,6.589996874835923,6.661937469066456,6.89325239179617,7.700654856666003,8.383222154870412,7.024143860723883,7.338776751957358,8.619872915895282,7.340804786408346,7.0048516899675555,6.739759860165975,4.263897962918403,7.009818488786108,7.405101224877468,5.885882517343658,7.796513092039067,7.867439916659734,7.104309739136165,7.399646140164782,8.634504575006238,5.295788520958096,7.016227594503998,7.851455179655738,5.50976649868821,7.312315582206426,8.147188434546422,6.99950996461141,7.468054229593772,8.773175668010248,7.828508796127797,7.4700366461641075,8.082929685428141,6.75337397057212,7.688790246181044,8.480152393373743,7.743702376807188,6.641506196339847,7.8773553903040066,6.652504388365534,10.315518370126611,8.880057124495272,8.644603598806478,8.381228734528833,7.234706724256294,5.700400436789083,6.91732435846576,6.818396102409569,9.700196873411157,6.846164940036973,6.396622713757237,7.772058122913479,7.060353115871001,6.185427355182335,5.8272537110530065,7.170960661236247,5.523647736902456,8.000442750991855,7.135910985570994,7.9623054238425,6.850284657659397,6.738035202885625,7.375512581539911,6.484824356491024,7.230728049198512,7.069642472018485,7.319353272922157,7.01528441266777,7.379567161956353,7.752631763982754,7.246005379689525,7.085562766956774,6.830558357786286,6.969259284840688,7.263639432653345
20241106-297-LMU-8,7.396492283070486,7.537579288573646,4.998074273973757,4.3493803607287145,6.243055540723987,7.561775131092901,4.8921361703448625,5.586526712252079,3.118092076120324,7.802397275858074,4.023604170538691,7.098641258165078,9.514756957232018,10.296523056870079,4.828394145540157,8.447314010477651,8.37624260955363,6.600924463914551,4.35795914678737,4.8617088041496475,4.4790207234417485,7.998017321375334,4.944125260587951,5.87475456987462,6.744989195616244,7.877186490176856,3.1741356305669393,7.177944940558375,7.197038798839277,4.49126567083313,7.792679564691012,5.901925601662284,5.297017989813085,6.822913052358921,8.376733236247604,7.594935046862748,7.08188070498798,10.764854686431084,4.794887824011447,10.710908439387087,7.022003394771335,4.62960246170827,4.275822072892979,9.909618019129805,7.865766430592351,7.761934557169683,7.332647225740238,7.345690734724885,8.270676879567091,7.801522079483894,6.564185789873619,7.133991010235986,6.090227101577823,6.837578117163547,7.078237405442226,7.453131432473176,7.643379712254006,6.042086032688014,7.926652207077292,8.533977406490722,6.351781015324558,8.628980059968379,8.121014072085778,6.911068480001615,8.71623428119111,4.595793781903995,7.353546058927395,6.878471557826587,7.529175012036792,6.291289543346783,9.882258252543677,7.957819853918809,7.581494598402551,8.849097156803408,8.956213720364637,8.822060096090349,4.5751297327271905,4.894244260742138,7.070430033426657,8.509981902937774,7.5372438924933,7.407861307946819,7.705050153564933,8.773860557796269,8.706815298155172,9.691710533361162,8.368171766231653,8.322708846321204,9.423046833550666,8.692505101149713,7.236370949564884,8.68159260250192,9.450279920286407,8.714491416275711,6.5959463686585025,10.300389533923008,7.1359518636286,6.808023603916113,7.025683171179553,9.655327915401442,7.794344783643895,6.808801276260533,7.5320685720372476,5.336225927667201,8.373769836207996,8.792115505898977,7.301609751492381,7.129206042397891,6.962789597796432,8.652281795436975,6.739730422793466,8.268199323543,8.309434993699655,6.36750207834398,8.456128416425816,6.5286915783593145,7.759821106164099,4.393415984224876,4.697870336923816,5.7219181556301635,6.226392978669666,7.381550198200299,8.415027090352211,6.990264896008235,6.767327107925574,6.769668283693236,7.936254838042177,8.350866071591218,7.071541562346085,7.201051908496246,8.786725611977301,7.2295337943086935,7.049955348335443,6.798809275923503,3.8027223639894645,6.992032759123849,7.242154213093036,6.428308993703205,7.772660300822889,7.828827538251567,7.255194866139009,7.180178961681315,8.706132411180244,5.924413885766252,7.522745151700715,7.849969866599141,5.6106970664722295,7.107616933263379,8.270371800770786,7.003690661882373,7.384605420329291,8.808070258950345,7.598327398038626,7.213701366390854,8.525601256410674,6.780084728027406,8.168546470123353,8.282699419879938,7.693293383175206,6.7719764920785925,7.681747450248646,7.1946891846654895,10.361015732361327,8.949456033909057,8.417894967781773,8.415279757323756,7.065063461965223,5.756522476799948,7.997870286938788,6.779535690689256,9.76091642623404,7.423596151468053,6.440192704735116,7.2852365542851,6.819981322842221,7.256731916795023,5.3774544683634655,7.0176550512123494,6.265495986100107,7.63972235553784,7.519744186980622,8.394567824347899,7.078167278245872,7.8247632392918725,7.517195616354166,6.400569325090851,7.4520702181359,7.017999936424112,7.455303360708783,7.0843169599046485,7.704673252730881,7.508727929032567,7.183194316023211,7.192057865241518,6.910444328336728,6.863354030347827,7.438799875397163
20241106-297-LMU-26,7.358281073629148,7.615994178886722,0.0,4.638667094264033,6.228999523954146,7.579687308133304,5.377732796683,5.368655719444015,1.490227641246193,7.66859097642058,2.604219675331477,7.299127733942349,9.585378605730568,10.387949003253729,4.315330034626688,8.52547969951198,8.379907263365341,6.655366022293187,4.531245151607292,5.002009532520763,4.446076796035016,8.027549946074764,4.92999231249052,6.076869643318678,6.8042714684165295,7.887069688514427,3.60090123961939,7.3000836948856955,7.102644069944075,5.070679495658913,7.790482299959741,5.919931623622963,4.959002847008488,6.816848086436139,8.432922540723014,7.69109060222746,7.206925778058504,10.672318811423931,4.654854180343771,10.691236929944365,6.97677360583569,4.9421463072745855,3.688478352497762,9.96561435181458,7.900648379750343,7.589479312604137,7.410388921186209,7.373302938033555,8.38014834085717,7.834208961372697,6.587695419531077,7.230464848028637,6.175546718801808,6.7853354207177405,7.0181294989714145,7.516188790573656,7.68557493913614,6.147826143082103,7.853458290101124,8.534874146421101,6.292465629181401,8.713424575370976,8.094723002031307,6.91847395272325,8.756774442911857,4.421982190357281,7.408781517669496,6.939998277315442,7.5031837982831195,6.458173609049447,9.879246963323402,7.929369114622392,7.517734655004849,8.864985669298342,8.940604430911595,8.798779779282734,4.616411783360386,4.9856057380571865,7.10377644739808,8.495290055693122,7.597605551982977,7.387946160832781,7.752499844891246,8.800788743112827,8.70162704720368,9.691372907101647,8.4439567797688,8.399095788038402,9.430274907422259,8.747247484435599,7.260944688381939,8.693957515421575,9.454451721586583,8.797590155029187,6.612768164332633,10.297489131898203,7.23602900018286,6.904587104240512,7.001401482717502,9.660428115203501,7.764595517603531,6.909237882948747,7.505052142206509,5.015249427476095,8.425457180840882,8.839142351555008,7.360898508733359,7.205523582541063,7.051868740220768,8.625184542592677,6.798479464115576,8.231670446485012,8.275105563322601,6.390955935933461,8.514364122797941,6.452714503593021,7.679506086369448,4.550349744739587,4.739480357889297,5.801964546602982,6.33378943082475,7.494205955876292,8.455192239884884,7.01404396363315,6.786295396969229,6.781148153266153,7.938757873530866,8.403111345684861,7.127008705477311,7.219193448958966,8.835543008177362,7.16739010023967,7.012206829816213,6.826448984925406,3.896086483880285,7.069517284962833,7.288851449856637,6.446638415369262,7.745312499160497,7.838339125263319,7.253144293745446,7.176458671946699,8.70015334600225,5.90123540590785,7.400035395879777,7.868740195346171,5.605384543370373,7.116183683689129,8.369682933727573,7.06693960519404,7.408307799006501,8.850726131853559,7.613792054061046,7.253262494486228,8.415046693584818,6.833238225733845,8.064567366397625,8.340615111761942,7.689031888306686,6.858168399730763,7.65306933063728,7.340906425089124,10.353284055162128,8.971515324944331,8.471629586426289,8.501120363465873,7.0602478202187555,5.7027636217802575,7.930484119214489,6.671829685626801,9.754673584783937,7.54983723939555,6.58243193668257,7.449776134762434,6.935199736046021,7.2559749275863075,5.364371631733328,7.030781616273488,6.089026162009567,7.746186476216773,7.524528553708476,8.269702966303132,7.067686680105064,7.69082621245476,7.45658290368506,6.423733538374646,7.332386551479038,7.175597163409386,7.402122554106277,7.111337042769404,7.664937677842589,7.5996597757723885,7.18709639628195,7.1964409494065915,6.904330769857664,6.829149965581694,7.292187284514151
20241106-297-LMU-24,7.27028921112753,7.621600938924095,0.0,4.103522495935969,6.25762842656722,7.605808817022451,5.118482718761281,5.479102354418864,2.677342827855297,7.66511986943142,3.5597547873390556,7.148096957119254,9.429833055801929,10.21064224708534,4.658376362886575,8.38502355303905,8.427817201859401,6.777761622964453,4.691088646964982,4.868073733583671,4.628432466160863,8.05137811178308,5.04073647441955,6.0129668586669665,6.6931578268673535,7.892695735047962,3.5047333627161055,7.231484191118408,7.171638759614155,4.987158035752196,7.825359037326948,6.1751282399088625,5.065309296110893,6.924284071446572,8.434299684957342,7.717635050580851,7.158535317297395,10.755385779097004,4.717033647153219,10.679728002551903,7.051262928896568,4.227073905249255,4.31955720240133,9.916425525407272,7.815051272949345,7.534625642922167,7.312648606175577,7.427946134900985,8.368014241997557,7.957572327335754,6.619222410337335,7.251310078662802,6.252057147765384,6.815876122231587,7.09849078720546,7.450315766674299,7.663431846054167,6.236335266933991,7.822349703064078,8.549774371807395,6.46078504238274,8.769658787101472,8.16624604226697,7.055902199653403,8.788104394598573,4.8810881190371544,7.475343204293456,6.9138154994969465,7.453046955182781,6.46098527078121,9.864174651510625,7.928761076971751,7.579461000775424,8.903610586851476,9.051042704596851,8.871411770365773,4.571604935899103,5.135590190933403,7.2085536322741754,8.538532243258944,7.684971784976339,7.466315847741018,7.765040337885512,8.741175096418036,8.660930607293674,9.724654129322108,8.400035264482181,8.373190618668517,9.414663737650697,8.719788672076739,7.216659951354127,8.735101242102203,9.530290370919777,8.747724609513305,6.700676124231055,10.331472318656644,7.179834103907707,6.8018744942084775,6.981641983332828,9.731583793033305,7.859817512267545,6.838801320442376,7.502427804643688,5.06104257378948,8.426369057994226,8.80646653942063,7.383677579084104,7.115564089700285,7.052004775982903,8.706522709159145,6.741004898990219,8.253577737540875,8.376675619173264,6.426154611505301,8.506747072782328,6.5925295030363555,7.717662985485763,4.341121324784979,4.775265372420037,5.780891558310524,6.360581127455072,7.399603507717859,8.530911358154547,6.969959840802529,6.8645827976999465,6.7785323499514964,8.039296557606145,8.357171619135444,7.204792505029591,7.192301653399937,8.922971136387767,7.218225544883887,7.011219342868042,6.837699329098122,4.115401125736311,7.121047399021869,7.251279234011562,6.400964631296678,7.810550993322089,7.9144157992416835,7.2953854652559045,7.099170077448731,8.675359985579584,5.919656046145236,7.479784135990199,7.8702506138602955,5.618705599425914,7.175596125853804,8.46768858352798,7.073468090474045,7.2922317982648215,8.825920171569074,7.646959307210169,7.332075713910083,8.456882214598233,6.897694944491869,8.113187914781577,8.375711477702533,7.7273868056169865,6.928195834011496,7.771586019984773,7.350595425038335,10.366549850185471,8.986324924471955,8.510847040250248,8.45813349507133,7.186594811908281,5.722730221265202,7.8909785639993295,6.69293471157674,9.770549360619313,7.546724815192837,6.715827299882253,7.429836224401741,6.901041503576813,7.249515804348739,5.197662362827815,6.984769159539167,6.106442417434796,7.701523193781544,7.5169096231575985,8.355235907438418,7.242432831920381,7.667224068268975,7.511571318814535,6.346710788554276,7.406901185979241,7.188644413925304,7.445190094179904,7.152153794992977,7.6795967634066,7.563953224049095,7.1514843096905425,7.164440871218863,6.820329448041935,6.861880775569516,7.38883502284393
20241106-297-LMU-10,7.183926918519454,7.525149032545681,1.4407418008228143,4.458132545106472,6.254841899627849,7.481758178836787,5.200757654706603,5.369249498655247,2.140258479295517,7.644660458978998,6.632304314106673,7.634274293423072,9.926211778235569,10.59501337506307,4.589775312061866,8.897061785894978,8.481223441602353,6.716255248558536,4.721799861796788,5.060423429245197,4.637137588851244,8.064278239603969,4.727084308415889,6.094355378931707,6.76080056576886,7.832996086963859,4.176175685718867,7.1738301820445445,7.163511932485902,5.082988684298377,7.794111640821095,6.10716998871497,5.185278570161015,6.969612347774915,8.379559993702948,7.783488775428306,7.194710881476899,10.715317540156429,4.479743889819428,10.596215697121629,7.025486947936261,5.08487138668417,4.379879158447649,9.953557935825518,7.801546888941715,7.493649398840662,7.231654491024628,7.513510864603634,8.365141509552757,7.896671556820537,6.634854020713405,7.278603489107093,6.250957078114592,6.817568559380399,7.04092497289568,7.392107094335874,7.694732494783278,6.1186208438623435,7.933199509491326,8.64217462628518,6.563043500559648,8.717667378354957,8.111456726386114,7.011234113852179,8.778789686763306,4.787563353318428,7.414706179654257,6.90641749389179,7.477338332582907,6.53288131653234,9.946834504629859,7.8871003299749045,7.57237276722317,8.860857320059733,8.963575963997824,8.834941085127161,4.190855632691032,5.001036711442185,7.229729021295336,8.573389227327702,7.563508035753549,7.446920838237998,7.732563975862298,8.72175835902296,8.632320631025383,9.711293602554168,8.342525585709433,8.355924234075324,9.447572410426664,8.729696102647596,7.135591253091867,8.760522738766827,9.4827335622938,8.748828357165921,6.667303226359337,10.283028784210433,7.177275027183296,6.8383314600590035,7.051617816168905,9.665198350284914,7.851250504914278,6.930948476363284,7.490362250644206,4.940724961143592,8.428533026143178,8.790567553245712,7.381897685068352,7.270042605306878,7.053899790479351,8.78362677873814,6.78902404817182,8.248690521705875,8.392454843343321,6.379117995093371,8.491884985607442,6.546008649008048,7.651687100135603,4.473973639262646,4.758545384161277,5.669810751330814,6.310762462466099,7.346295890688667,8.538017941339032,7.02387229311806,6.728420596705412,6.901003255529024,7.965153659766511,8.387010249469897,7.080234298200978,7.215643044773174,8.836048622226407,7.183653737232534,6.979882648078637,6.832048880573017,3.9876061134384737,7.103078441647453,7.298108654420411,6.486788687377512,7.8311931431595365,7.881343074534174,7.320907666089785,7.254189465052689,8.615263456825367,5.986489297499497,7.460163871788797,7.81715765169181,5.614056717419568,7.213861261042974,8.43839798333921,7.117648160174673,7.429571344711767,8.785002988173282,7.72980995526637,7.429363692218958,8.53535610657143,6.866650221638516,8.149452717821372,8.339062199188435,7.727534556979147,6.900200656673925,7.770705924164461,7.2519169425938435,10.366855276329222,8.927732783140582,8.502162381988693,8.46955750215305,7.020912908032222,5.785383174690198,7.84956022887048,6.759188825450557,9.705897072007069,7.44762664253917,6.6666563458514565,7.3910957955467715,6.878008122437333,7.247224552338242,5.1058690028152585,7.09063579931551,6.085067504756749,7.618277257845986,7.517091443015168,8.440931111671441,7.06861034925705,7.754235958893805,7.4963871632249575,6.491263445554059,7.3368948751792695,7.071117504109166,7.459560170987213,7.084399848680547,7.615277392311156,7.604701088628744,7.253161505584972,7.2056163790353835,6.867814497369931,6.850824854982883,7.365460872208909
20241106-297-LMU-17,7.140409685604228,7.560797789837422,0.0,4.281759648900573,6.207366383711967,7.379259779655315,4.743897909194619,5.381434733388881,0.0,7.653449395500641,3.6103386169781992,7.794831432402558,10.08184313312227,10.753520609148655,4.468160848145437,9.057310252212533,8.433611593391905,6.575371833030044,4.2032707104512115,5.041068227100953,4.381662166908781,8.035394769066931,4.715228977583818,5.939099242034914,6.738280814709952,7.825640390439005,2.7319482551400727,7.151775734542542,7.02788603708187,4.99604167276644,7.745343726222138,6.047869885385807,4.933642136255816,7.007543745815623,8.334736302314383,7.763450881344185,7.065546110271947,10.688925870575218,4.543785566356747,10.612421210175969,6.9755748238659,4.6085597814428025,4.068888895515183,9.826789490642483,7.665791355316009,7.371883404701709,7.224803609271928,7.597584324074112,8.261854133542403,8.005444342941162,6.4793120858113955,7.156991790114998,6.243088834027777,6.754289115109332,7.006697320700545,7.338526245656285,7.578239792331958,5.974660554461811,7.819774152941954,8.648191868491514,6.301111438682669,8.650755149020553,8.11733847933831,7.031535041319246,8.922864491460297,4.356504985835869,7.521090376536699,6.691625122441024,7.416216915365875,6.298206214822636,9.832011306411465,7.775877853679142,7.746259692568128,8.804115307991134,8.9688082117576,8.782150469529393,4.315713042250814,4.791824682912683,7.270016178630698,8.53947867438202,7.552269626561894,7.344803806023259,7.568727208554708,8.656024420962895,8.517197052245068,9.862590780926066,8.302599323560575,8.266287001530278,9.383013781712172,8.647219463899178,7.093894630759574,8.69424698787198,9.479968577403268,8.63905672165746,6.462061225701568,10.497597065852293,7.099902386234498,6.733148090886348,6.981269747897292,9.691042260625595,7.837012381763282,6.826886708071904,7.335356388112664,5.1688547795460345,8.348644987298961,8.723171703124448,7.264248229726324,7.068759610387483,7.093294220347242,8.813632177500631,6.667998707741759,8.194495099604513,8.424252425793847,6.318977477382077,8.450555107856125,6.552032096555119,7.678859018651806,4.288965493307207,4.616317687095018,5.661111242754983,6.194663461426385,7.189891960007871,8.502153518281627,6.855686451442327,6.704489081599788,6.894527310431542,7.961860686771933,8.323060448471594,7.003685873969489,7.1272691893122015,8.849867251807218,7.150075644969585,6.8875808043638305,6.909614030608219,4.008738408200519,7.0379855207801105,7.2032023038519855,6.237739532490589,7.78364448315435,7.820487986500677,7.266039644229929,7.353049446230418,8.548781959822586,5.936748376499276,7.482979007736204,7.812755052939088,5.5532339352562285,7.115687770565229,8.401633909427376,7.066715067078026,7.314085236780799,8.773483128755842,7.612327369203007,7.249273010954662,8.4494606829606,6.894737820514617,8.066370345168947,8.361693754380623,7.614519043277975,6.938974791467022,7.712627052754463,7.152489400650633,10.3647096937032,8.933651457290253,8.377811609353508,8.46357290608817,7.046529691973499,5.683083042072979,7.774826292006876,6.680411413109909,9.753130750505116,7.475996738271802,6.444117176885362,7.377589722873695,6.811892813447902,7.1851402782015645,5.233038974734778,6.886081460333888,5.948194620822832,7.637976892422077,7.236307857362288,8.292911331802046,7.1157904175061715,7.60454541762767,7.468425992483882,6.49277868289551,7.3172020598561955,7.005736136857235,7.4117257577017925,7.05789830768875,7.513868511608453,7.565215553346463,7.342341083398859,7.121397838310149,6.772351029314645,6.756501553763455,7.291518723781987
20241106-297-LMU-12,7.145032861177092,7.523959149537086,2.0561483245455836,4.448674083514061,6.253776052121507,7.513307083697874,5.028167812049885,5.314784779494376,2.7096370857295384,7.66708214107432,3.2891692503596492,7.790127994121558,10.074911328582191,10.784739317018031,4.452167913224824,9.04703172023492,8.295091247320338,6.705956630968562,4.407451407650977,4.924454553325418,4.462351682064821,7.991554696189428,4.95194764130675,5.978746042929345,6.714993597437032,7.790488898671971,3.8442426666606897,7.167266390168524,6.99871345357091,4.760221936602932,7.817288592528204,6.118168528502471,5.179315712251913,6.946763675278309,8.405238521334521,7.683982489822672,7.098713967422078,10.682776853410651,4.385046890065033,10.601004272681953,6.938289166145423,4.7658396147005915,4.156986897934773,9.87766342859772,7.791229137560999,7.3736787309796386,7.222667646359625,7.5232976286747935,8.36739965328425,7.942847551975812,6.6495945874658915,7.21883399298249,6.253115771088428,6.734699667277961,6.98390519617555,7.345950140300973,7.606739605406522,6.082373029681683,7.882172489908299,8.62775869118176,6.304989603585126,8.6842654614102,8.151309620109156,7.049985563431455,8.941254706770026,4.429245467936488,7.5511163397106795,6.846904437161783,7.419685301316393,6.309932132952611,9.878655589796036,7.89787741698218,7.715695127164825,8.82071082448505,8.98651720261955,8.833319118361041,4.3300330360150845,4.686745879022801,7.253684010387496,8.480260393281535,7.605050674899479,7.410770647935793,7.615816308093962,8.673674365585741,8.517056816286043,9.873442434499562,8.32495157568764,8.234780866729329,9.426189263509645,8.697491773406734,7.147890415729217,8.646198229137577,9.498473170976348,8.63766184719714,6.61616343565865,10.457492370485241,7.199111010338131,6.753598695595628,7.085118430136611,9.701075986643263,7.775626774801368,6.898773433853393,7.427836105369429,5.13476030116566,8.329378234668017,8.7563433675831,7.334260780120697,7.166444642069299,7.1274436415912135,8.731009434641328,6.714886032726356,8.23362584118514,8.37070983058777,6.387420202329066,8.45042552400933,6.50215992562922,7.678588667812911,4.426743561552747,4.1526273311519635,5.611964716134576,6.2479306177995,7.167142548845691,8.46067666045947,6.959842982513333,6.670949313856156,6.890690054850698,7.993974894327635,8.289835244575668,7.058286580407548,7.125246300529662,8.883568065984655,7.153406558959032,6.886150471087586,6.942021486355243,4.216543279057162,6.949647407134479,7.269951172824499,6.330080212311687,7.728661778250517,7.741921900571598,7.305641138911024,7.219907961164139,8.598612767499905,5.9524348740815,7.338990822540068,7.804866630111849,5.680225913044913,7.17475061283225,8.35552665433749,7.066562003469633,7.31026989327663,8.80132478461595,7.634543825290654,7.212400928408312,8.379262645739354,6.740212849966428,7.996377966921247,8.307106468758969,7.704447861780379,6.974535550589839,7.653550301368864,7.296363236989373,10.365576978442482,8.985924750137324,8.429236913336116,8.444321522168558,7.1569989544679276,5.555951731670623,7.785797655215842,6.654982702554836,9.776934393328967,7.389995490604838,6.628563411180943,7.353084224607038,6.76885230208368,7.178250891498786,5.1219672966538665,7.044844887531824,5.858684036481027,7.637703564465894,7.23728370031432,8.25109622104456,7.1130393811023085,7.589658015805537,7.501881381902646,6.3346486555977854,7.33195807201501,7.111372242986611,7.340167983172899,7.166782331053062,7.446520330855023,7.5644416430156625,7.3237779371377725,7.131624367633233,6.786527787854998,6.7361639269401445,7.299385023651304
20241106-297-LMU-20,7.176437335578255,7.603504722077037,2.4659819337493736,4.652759779719191,6.2483346161374,7.532257989036271,4.8733066797083735,5.516127996104626,0.0,7.653203155061307,4.178465649302967,7.642578488832538,9.891945660166424,10.601123144423807,4.276637786713784,8.895843001454187,8.35609752877746,6.718249238344533,4.213025036975698,5.1911763223194765,4.49688673849884,8.014456379430026,4.963484051705017,5.948792628354846,6.7180231625898195,7.877573623271182,3.8633303267350434,7.169566646136114,6.9658332568220755,5.1068873070392495,7.867763950637916,6.046976483660452,5.216458908313455,6.829155893108082,8.459123471004093,7.645246121232777,7.181270667816516,10.686113842334922,4.304971950896103,10.60599575313151,6.950640457143597,4.792390557470495,4.123026294392105,9.891778281441976,7.791667992005472,7.293607918386838,7.292345492767805,7.493452882986464,8.383151154785056,7.983339800845501,6.700637382148838,7.351584652035192,6.311225759105471,6.805349307611734,7.099930889675953,7.412105506443066,7.671995600899212,6.208578568238432,7.91764084605881,8.58659254508799,6.373910370781258,8.698597845043965,8.129025731216176,7.049512010641648,8.807695579741305,4.434632130208684,7.507509286811006,6.990823709644735,7.3924210323289286,6.453900301667964,9.903466786546316,7.805856080342787,7.644164031468231,8.871410658830843,9.030915829962334,8.902454095618873,4.216485780265156,5.040618469263394,7.235834618974944,8.490699688429324,7.619432425605864,7.461516904700826,7.616047944028822,8.709187372539388,8.584657315624261,9.789722783822231,8.382563902844911,8.31384457473831,9.450553679531605,8.73876422928327,7.220374961015507,8.665323748904852,9.567558651550266,8.696948301752505,6.688758819590264,10.389115196126795,7.212739103436077,6.832767846550939,6.968490364271284,9.76628389764432,7.891786191374463,7.0154112356942155,7.461553243490866,5.1696710700044335,8.424698469783724,8.776392464710288,7.47220555170311,7.217982707216021,7.188981259101264,8.77188084306308,6.7975760258329405,8.292686770901097,8.372411699542644,6.447843560268207,8.405244834474422,6.632507030615062,7.666623604768808,4.389674052229774,4.591654267668674,5.7234551490694106,6.330796891353128,7.241463019435925,8.53276531249205,6.984297332613929,6.7686453520859455,6.932583079764827,8.114276176131288,8.366665542967663,7.119365767084054,7.206248656062158,8.959078665969695,7.143853620625289,7.048116200642831,6.9125993375174835,4.07883735307389,6.883774914006184,7.3474988403577175,6.344002436760153,7.798650353117422,7.8615682277944465,7.2408103456527355,7.357152792668633,8.654870456491444,5.985297650050048,7.262233825037044,7.779577092731582,5.495611786836941,7.2379102852733235,8.462286855338453,7.0408255242419155,7.367905232474053,8.824138905375161,7.687857584304768,7.381269546599081,8.332131668839397,6.931551224197841,7.942266170813771,8.2684319280344,7.761907336991536,6.9971422462279875,7.703382730668621,7.37190021410901,10.372225679311054,8.991784947482298,8.408013193448324,8.479621276363702,7.145590701167072,5.811203868096266,7.749481934403739,6.706782797796599,9.766041333611634,7.532062949799716,6.688484300154634,7.50637079757881,6.910428595760767,7.162488805099402,5.204947034572592,7.101285773912998,5.950176316224922,7.677531091274852,7.40617554807833,8.191891481853196,7.191450471122902,7.585370305061609,7.5596778097183535,6.380534772562623,7.306467713395956,7.162113179672494,7.479827305428447,7.122139643913218,7.526587917606096,7.691931892244388,7.173943115739451,7.117200810818406,6.827251624662314,6.840292253192199,7.322281138126807
20241106-297-LMU-14,7.221634496552317,7.580107337705253,5.02917988207089,4.333909876159424,6.387970471738355,7.504402054437384,4.810322743203667,5.3244279342166,1.9999545562408585,7.667262597619141,4.212332039468893,7.2752483291446035,9.591604174582436,10.389137489024991,4.723213141221106,8.560570005376885,8.443210086715789,6.771347405669216,4.935907151218588,5.2073497665547634,4.619804688473658,8.118523965273706,5.034538978149987,6.023195449210566,6.830426959814462,7.875134153953529,3.864906344184242,7.242221551334904,6.957728950741914,5.28667501712735,7.861110221004603,6.073852513211739,5.3002446855718,6.979315120675595,8.483180721486791,7.751719338059299,7.174741078913542,10.7639328655916,4.6476410316271926,10.680395006166865,6.898804861611227,5.0016345322924565,4.3841802770829865,9.947695721699073,7.7764043553042015,7.466335935937731,7.424563605130589,7.4016355067926725,8.403348594298937,7.821178934543913,6.769339736659061,7.26966956029882,6.21721757676496,6.86489971475833,7.072180035905384,7.51143627824377,7.756460463609743,6.216230854211555,8.003867276962527,8.664455398116388,6.363417633113852,8.746761598645564,8.161821281602883,7.03452936476736,8.683741002703435,4.953324932124752,7.362010086018143,6.855765577579339,7.516073468911308,6.4605740343949,9.982820873729837,7.943465272090453,7.5156619017073805,8.879449275857754,9.024535855056417,8.889728024514243,4.302327547697016,5.006886186491163,7.254497031891249,8.55882602360336,7.710220113293537,7.486656874394898,7.714557382183564,8.75236062595977,8.628033541725511,9.626314287278252,8.42262195537208,8.36241435265124,9.49112420532444,8.767048323442802,7.149178585159407,8.642279819102708,9.527007241952973,8.763107846117306,6.664469890915852,10.28793236562285,7.306855940452576,6.768097636702785,7.017705600406777,9.73719349590314,7.8598609703694935,7.010197249070287,7.544241025454574,5.016067708728488,8.429707133207595,8.825414336858454,7.422264729258967,7.2247133890039335,7.305876529090619,8.777463093385,6.7814442639119275,8.259952511550107,8.388593140143703,6.507296235206043,8.552454139263281,6.714908372392618,7.756617535570354,4.5980081839402995,4.6474498702726885,5.653809018125966,6.427887765609176,7.206297289416911,8.553377283982911,7.002716191148568,6.9045414654616994,6.880081325644098,8.04877619955783,8.393840808506916,7.168188155779581,7.306716124375011,8.921348544128112,7.182842151741084,7.079086124341783,6.754035101784296,4.023255801603452,7.009920734313591,7.327705020782618,6.440531301240293,7.742096887888505,7.899121207888129,7.3101173502929955,7.383868761778057,8.642546426591409,5.9495597644099,7.281239386618454,7.884127760077813,5.622844106048097,7.244248559184175,8.434114707506307,7.064040627340966,7.350472152997155,8.827432474760714,7.715409936961106,7.371172785127944,8.314415944409305,7.01923525166206,7.947606998067806,8.347424292934603,7.781512783124694,7.177811986529666,7.798371177622748,7.32745803184284,10.45383812491449,9.046939891608359,8.491898064006309,8.484812800662985,7.169696061242085,5.905845518012821,7.851987555266255,6.745581249915462,9.843520009680669,7.50723484238311,6.6717110491509635,7.5086162649232735,6.970936971895927,7.229482399705527,5.252122230518726,7.096201751311357,5.9706903727466205,7.710543448160394,7.340665795114804,8.18348449565337,7.152374410359366,7.596905478423351,7.574912283738762,6.423785961854483,7.294103472153705,7.119590082913956,7.428243139237132,7.160525025895625,7.514238360937772,7.641607709021657,7.27376346730296,7.264758275182086,6.76624054091275,6.864583990055086,7.397657427121348
20241106-297-LMU-25,7.1731270688980375,7.618263775070903,1.840823645854598,4.597821381895562,6.354090928743412,7.420944032807079,4.678215080994043,5.46213331184671,2.449238883287887,7.765465325055508,4.183546153979311,6.987588392727949,9.238217863858177,10.008660877956165,4.43916626916148,8.117394234147252,8.419183949560374,6.7838893903702475,4.670375829801492,5.087189071657861,4.674900494610857,8.076313157665288,4.946444047680311,5.973508023837944,6.7473720531679815,7.914622115316144,4.0645851500837615,7.275551866176052,6.824137003490776,4.961042694687894,7.834744095589577,6.106902047044023,5.4234515433456565,6.925508753088005,8.456522039812969,7.775784585275451,7.141520830459348,10.804024882052092,4.434705244777532,10.731440936864244,7.025878078266118,4.80176982494918,4.346302008297017,9.996102590584233,7.821825695305715,7.494293226750047,7.472522242095008,7.51847461002139,8.420836735620652,7.982243144902871,6.696267459028236,7.301606230785394,6.18120870019271,6.831560771233703,7.142525914125865,7.3924772990526595,7.715794827671607,6.043532619932776,7.99221481359585,8.644106529143324,6.281753696032714,8.779122074903503,8.263656100607836,7.07419185529399,8.721741949826932,4.715203447493319,7.5177370835082264,6.841708333931547,7.455386159604468,6.57131779182204,9.938668626866658,7.845439354717012,7.574556438772991,8.916899822415672,9.080959642221083,8.978489988582444,4.999009164432306,4.811651770736669,7.296552566462421,8.54508318774954,7.768680160802997,7.557928489721163,7.648688811964363,8.753175009782314,8.6010181760878,9.67849415177177,8.396450901960115,8.328784978161382,9.54283228354465,8.784627499762522,7.269786665716799,8.730146871903866,9.61726105564252,8.669784332584086,6.661393871980726,10.292840396002925,7.276969669695673,6.912438559250602,7.108763562091618,9.799646399279498,7.913459035196606,7.080440590152428,7.479543995785196,5.062440196061567,8.426176997252812,8.836988935219555,7.381513635268664,7.314286091694757,7.316368943066257,8.755360902405817,6.8055818727791495,8.37560640518981,8.401157928699092,6.626056715101254,8.551798736274497,6.709132152557958,7.817769764536815,4.563946997237571,4.823978748884852,5.7298937911591965,6.275421807112992,7.187238029791154,8.576727213436842,6.972955232101165,6.856434118500931,6.763288476157528,8.109078553206512,8.424194748553944,7.257381013856202,7.295881586983555,8.968678700696488,7.165785597544824,7.040461851281386,6.9112060677115315,4.013915467473977,7.085067993117205,7.299769526600966,6.398319162435868,7.86671867899082,7.891343039147723,7.322072033974769,7.3844389449751775,8.68782475984468,6.054660132577654,7.3258202621047355,7.916681699478638,5.619735023977934,7.347136171972029,8.488943348671528,7.0734653349187,7.389633890948629,8.856350962029785,7.6646774593234515,7.363607721726149,8.36627264974917,6.992459496076831,8.007248186768416,8.398737633379376,7.728966452612918,7.176342963296382,7.782848273556427,7.296317507753419,10.499791364555007,9.054839629475593,8.555724055820724,8.542156742314639,7.19662023460599,5.9836984395806665,7.821805910587933,6.789671059179733,9.851602720295112,7.53648980834732,6.537417790063955,7.547804631383466,7.058545797393399,7.216126188479877,5.440755338793713,7.117920665403661,6.011672195527205,7.678285499030196,7.296537223111996,8.155828053057517,7.285580898379824,7.6666499249855065,7.631472670032934,6.4035693685106185,7.357815975016714,7.156800048504635,7.530142459618834,7.227800903547765,7.494013048620109,7.694789745642158,7.305091446293218,7.18215669545908,6.908378716503378,6.860554086260547,7.350483560361293
20241106-297-LMU-5,6.465492931440205,7.530171351174994,0.0,4.1253856906475495,5.977085307621718,7.3666131732747875,4.793912218818444,4.130139158719865,0.0,7.640702439098121,2.83838462529289,7.565463918880059,9.874615078140359,10.594123513480536,4.529118101460193,8.772531277202635,8.372685064688946,6.634161228936308,4.809495768859911,5.216611868312459,4.579418380498165,8.027652519392591,4.895092697540312,6.21994544939105,6.737116295736374,7.807269660322791,2.986273260895777,7.249537206071893,6.736264765067738,5.02587802590402,7.8943434088236835,6.026315180404033,5.35696789048252,6.982245100704642,8.478087184023794,7.804851139113183,7.15539431896658,10.782148277284938,4.4270059707998755,10.703106819241293,7.08747553819272,5.003496122874453,4.50139367626936,9.926666596269369,7.747426458769267,7.365943614819369,7.392483405185831,7.41354851279267,8.425994285824736,7.822400888185911,6.5726236595044965,7.147166183572267,6.205855527008505,6.780754480294261,7.0814831746534,7.375590757031509,7.620201536783328,6.092015640351018,7.908501277482508,8.681789993502642,6.3182453880091325,8.71269787699727,8.238409084964303,6.946657548219057,8.823084993742789,4.810199592150745,7.4335628554391935,6.848075839282798,7.426363672749807,6.473250463311648,9.923727438074026,7.8776220852222725,7.614412782470415,8.870974790673106,8.986042405361431,8.828905322198652,4.868277149344441,4.551876763518082,7.216799216609959,8.477391305645574,7.71408181936584,7.449708888876684,7.666559986616133,8.75766757507844,8.5762168207233,9.77325831922071,8.405640562145509,8.381644368314335,9.465384945892573,8.759197024301729,7.166556362499723,8.654867726004534,9.487194667819828,8.693072005118161,6.724330174271805,10.381515874560437,7.185179953258998,6.839956490714082,7.0517533924000855,9.689027000398783,7.722668613416849,7.031486048303774,7.381773018540858,4.8660977702330515,8.383601521622047,8.819843462360557,7.4213707237282724,7.184013515268037,7.351559201863185,8.809946322098227,6.694080378740673,8.296408820932488,8.469268490028133,6.508673798229183,8.528042809600349,6.514586209162045,7.808061936735708,4.654438841612958,4.82791660652837,5.6439904739503515,6.416694683982397,7.037866475178487,8.47632755069656,6.922892785171937,6.819323848425694,6.828233347723606,7.950802489808697,8.326298346127363,7.154204881085203,7.246733846293097,8.827882639515165,7.152982641441487,7.047448960831594,6.860990648589604,3.8300723915070125,6.988363776356304,7.16363914979,6.3229204296901,7.760149775876468,7.841952938574176,7.397365520883382,7.296224998542844,8.573609498868102,5.973869232371016,7.203560262615763,7.850747294433143,5.576459428252077,7.281266252915523,8.33032720265736,6.794735688601895,7.321774869547917,8.737151830733863,7.65818767206609,7.332293795605161,8.245597423771615,7.078060201984781,7.920894585920254,8.376932582169815,7.725351366796719,7.159264011065696,7.716084690901609,7.253842783691451,10.471640184199746,9.0154213399154,8.48092802045381,8.405470261051853,7.2206148447362235,5.925259775577383,7.76517999623771,6.7373862320010796,9.801589684503703,7.410471472266558,6.624077067002913,7.457527986855731,6.868207505929959,7.136661395032542,5.260611534594265,7.1149237926516085,5.865580478550778,7.726635803922542,7.221132995781333,8.141343563053008,7.061619184323629,7.610575484312799,7.639195996673042,6.320812948865568,7.346626848800272,7.125067585242135,7.470125579222735,7.287046932860168,7.4151038751738385,7.545985351518274,7.315395588318491,7.187703620839529,6.805445235824852,6.85675540978733,7.412227009249873
20241106-297-LMU-3,7.194617941923382,7.544604932396122,0.0,4.242019546449081,5.982846799041771,7.431321029647308,4.836976329370603,5.33403314549595,0.0,7.622809754726579,4.1709044817477965,7.618436220600932,9.861903420073014,10.561668624807524,4.3723877277000645,8.824322067556277,8.49348434616211,6.744065405991642,4.660805989086655,5.27645652772813,4.7361670556973525,8.054519046708917,5.008280899422066,6.07719003972111,6.8247504154893965,7.880177363952901,4.048053038495702,7.225174738532097,6.861001938574948,5.194750239819661,7.849251739439022,6.232819526555525,5.287487490902995,7.136425497155939,8.414730248315553,7.9271877197043095,7.129521815985636,10.732626173506961,4.437086496888011,10.654307463899533,6.951975150499611,4.889029622812726,4.280406120735848,9.961355821384798,7.8404233422412215,7.314959629346392,7.502004992154738,7.561284533462606,8.372593750376108,7.981037871827742,6.65533274079564,7.263051242007548,6.23514433127181,6.832575107368536,7.076082561740599,7.482055764850582,7.725913175162474,6.261821709135015,7.9214700451035664,8.811868514326623,6.471574767430649,8.711189498443428,8.148746901748476,7.014674539304504,8.770359975457286,4.884088001870826,7.397887040097566,6.897363365330688,7.499750820284927,6.569104307673794,9.908863132352066,7.904945643242542,7.559585603081932,8.889326785772916,8.954397422473502,8.853304977151899,4.552740417641059,5.033204930437826,7.483837777950579,8.650356878412623,7.852458634803498,7.519781078830972,7.724118525347047,8.736507802911314,8.664718713028703,9.701317545639563,8.323331586425429,8.409515324626277,9.511270461801953,8.745059656281668,7.2081715316656885,8.824525587520304,9.45422346885951,8.776129571705159,6.740763275564216,10.36006076725832,7.193933106492974,6.764642873260041,7.116548672949098,9.66026939148331,7.802370753668647,7.165494046854539,7.533954679095094,5.283870440094918,8.387324132170397,8.76862558849253,7.395960140725509,7.242157676922228,7.348627266476481,8.903255286703926,6.807100646162115,8.284269708904807,8.559893669970261,6.554881974739901,8.538015559938763,6.484068210596931,7.647177723379994,4.55712174748452,4.724916881176031,5.574737245484797,6.476777487754032,7.131879728373891,8.47072891278862,7.049200506641423,6.8987171295192535,7.0617383174563075,7.996307971684551,8.36418639958074,7.249836472685516,7.252359889884688,8.813857469692358,7.211544624433149,7.053408533145338,6.848727125856243,4.366910980508356,7.143155756099614,7.2794057906547245,6.37471154898229,7.910691367656924,7.87811750730098,7.15674846868907,7.502605212216344,8.678752150458205,5.997045116040489,7.204104555292432,7.9027608862045655,5.42786619560227,7.209032060865226,8.402857253690291,7.0258974531461265,7.381057640953977,8.843926349025056,7.695812127757908,7.27986263525414,8.302511872264644,7.080934378425666,7.919974975493495,8.385338080479077,7.62322332514552,7.148763461728603,7.707061207271906,7.258785339443468,10.354937075160823,8.939157929179972,8.504887947716409,8.469272078323929,7.023635228584697,5.670278517205384,7.749407464073423,6.715584841986919,9.720095748785628,7.453123377213561,6.637587402261007,7.615794745249933,6.905447210597804,7.1011834987019204,5.421519140855839,7.104328722266632,5.841303686025042,7.622600307819747,7.212937852332761,8.179295999161969,7.070358682789376,7.495644907127634,7.483916374936743,6.458077474661133,7.29868312142717,7.054705110405545,7.299658675755382,7.083942374237733,7.3931857657354545,7.521913680315406,7.210365393120163,7.214850555429823,6.837926273988401,6.849389095001617,7.341513044427147
20241106-297-LMU-7,7.0825890058413705,7.599804475458087,2.730607320831448,4.093636484596357,6.289909085525907,7.422922478171865,4.9575347620960715,5.399850717298665,2.249790183060381,7.583637616826455,4.261535891581323,7.575057304953666,9.923305046629139,10.611027726429885,4.666270667322229,8.789500447295872,8.404106824873594,6.734874026462721,5.078275844974851,5.268978713816138,4.482352822138953,8.036155874703343,4.853341183751149,6.067269368623631,6.775485737598959,7.87125656585754,3.697277031538278,7.250680965001952,6.761547895408454,5.169534698375991,7.891666183820007,5.909439243764002,4.9753664303164005,6.958819844973007,8.459119167210456,7.8357717315022635,7.199601106728022,10.681822526950288,4.4938533553332425,10.589183109701649,6.918749801370729,4.659091172786476,4.343157812718567,9.975333717260897,7.81408282148616,7.221666797363659,7.482698286998222,7.4792787648930465,8.392199942648217,7.918749408962683,6.722230521702696,7.298438924807121,6.173502478959049,6.8235744245603955,7.1230796259255795,7.389496459601102,7.692098300751898,6.179915678776813,7.9356965940303015,8.713987996231339,6.383461640844931,8.730518066820208,8.15435539531801,7.052854685451354,8.808720278548636,4.85977945275856,7.48620739136294,6.879183331212673,7.476994951312966,6.53120367999668,9.974723871430957,7.934848226590687,7.5904394763809355,8.89219137107506,8.995029031298918,8.925816892313053,4.654606558171717,4.919855563597032,7.349524125139046,8.54693580536736,7.723252783213367,7.422601888877953,7.71949603175455,8.744363520872147,8.597098349128276,9.742554890361928,8.37401294408172,8.34424286148395,9.52855868110971,8.802492120677469,7.185408282840971,8.706341591484549,9.481718031739108,8.74321299244457,6.6089694777929076,10.343241322975837,7.244413947309634,6.859383847077672,7.064474971360679,9.671824499358273,7.865285235888832,7.097389497277792,7.489466804773092,4.915580784753983,8.448801138768912,8.798665790390373,7.4513229375525745,7.232831183598131,7.338601730662008,8.839090260137782,6.76199987216983,8.261872828761334,8.455622338170498,6.382795227701679,8.515901294183891,6.608081824343358,7.691947821414696,4.708325107012331,4.73692378592875,5.779350927580724,6.45519008778755,7.020254848450517,8.548973305598933,6.965902569213907,6.8576390583603235,7.012482190586674,8.007648884229994,8.422505472648181,7.2275880218213455,7.34209013616267,8.850212602312194,7.2183792311492345,7.023693014323389,6.877076465107589,4.025008740873325,7.0450939472389065,7.30375031449318,6.308288073343041,7.8127078930087785,7.898818269096929,7.258564246950129,7.426842678057193,8.697714110393601,6.012759815188261,7.204114839223586,7.850281574302336,5.583212480642591,7.362157135493917,8.440761452622448,7.142659571323472,7.376365334443073,8.856969201244489,7.736304678582985,7.3886582879434135,8.20983458817957,7.032568736094809,7.814863133074357,8.31310373557083,7.71399896669879,7.15188217715742,7.75958241774568,7.269156274845408,10.364476120123511,8.995722093978797,8.4490852527561,8.539273028130408,7.084063575875916,5.934928344535044,7.663287092123882,6.623851129591621,9.769349985306652,7.499054591105058,6.5359367296580215,7.55663722530931,6.877700391796077,7.038837177891504,5.50827359455306,7.123734684150795,5.821229708163218,7.700924088259012,7.116635089972998,8.104162195117619,7.091070469536195,7.505099291992407,7.39672624058825,6.437999116696495,7.23885002074028,7.158743132541255,7.204847634355952,7.028608532245475,7.3392145248107195,7.697644083436142,7.35412505036714,7.207216061538241,6.917279962607531,6.895431231543665,7.325501471591351
20241106-297-LMU-19,7.1222338355931285,7.59274231094258,0.0,4.505868101390976,6.379427488771015,7.513581838632238,4.835606861692327,5.408449120668007,1.7673569232169608,7.638423632441844,3.9719048524996285,7.38230426033566,9.690508631417483,10.471383068538557,4.623470865213474,8.686640264087334,8.311954049370865,6.57071432134899,5.068136993221718,5.238592004356387,4.6133370102580935,8.045964203765624,5.044058594886126,5.997640418759017,6.708826006897039,7.812341905925807,4.000756242564558,7.261925047384786,6.646963269736667,5.061131533298976,7.837174000712625,5.970618487080839,5.047038064053467,6.931926624661016,8.437359094040339,7.773565410116518,7.134559198440635,10.766381500901723,4.5199739886094665,10.677935083918701,6.9309767828661775,4.97179042422734,4.5265436307217435,9.888080902849392,7.769489485877214,7.259000857541411,7.497246668949114,7.473388128700167,8.381646845379288,7.887996838367214,6.617454348542382,7.199992699566737,6.238075300471876,6.801403278924233,7.1238710454893415,7.406215881809368,7.6779545962145725,6.040315441974816,7.916415329926278,8.702228275092738,6.2800777649592945,8.751304755078069,8.214819481267671,7.019870610582806,8.73320550053025,4.851766045858428,7.363961436836922,6.788920668221556,7.419909947530158,6.509587418612081,9.915658298844882,7.91474207044428,7.570234359686317,8.877016469187103,9.030991511788756,8.92754796620682,4.969290066156404,4.867087719722258,7.300889740269051,8.455972664800512,7.822269864504376,7.5093336928299355,7.689882268534606,8.791692914793751,8.63264730783671,9.684977430588932,8.370922247481026,8.258363839800401,9.454720328589586,8.744295067165313,7.183343103675053,8.646247943647396,9.542154209404703,8.73456284642427,6.666149492154408,10.324180219340267,7.231828461920594,6.921875933434537,7.086462644116284,9.723535081626492,7.809473982222823,7.14407987393492,7.492372241161383,4.987440170854948,8.45487127492928,8.853341574132205,7.391673975816819,7.254308249366923,7.280121336938323,8.814442358666197,6.7730005375828854,8.31666747615685,8.463693853731494,6.504726845710044,8.544056057996738,6.67530152850859,7.750999997957247,4.662903246681692,4.737842266426208,5.400623657137999,6.432685659896854,7.109096817007138,8.474177465566685,6.979840029094648,6.931151960724583,6.9586022650718515,8.027780712721684,8.4336679160714,7.285912114203861,7.243691493172524,8.90005570074997,7.170920405417241,7.0197755670012025,6.712126552975925,3.9810344494864216,6.973033093330154,7.254920665152215,6.304492998625153,7.760554979800489,7.905497106853702,7.3312627957844425,7.365294616418734,8.609612364388134,5.937165607924949,7.143179500811397,7.89030060412794,5.500152161859881,7.219216294898103,8.397010651525699,7.127185571644257,7.305690634597606,8.752728154395548,7.696979411838632,7.256458444928681,8.183353070003374,6.986883861513477,7.849288978879654,8.33338223577193,7.644204408787518,7.180324906052149,7.73298151184204,7.194743670838133,10.442784641303053,9.054369112630948,8.493561195540059,8.454653866116262,7.166228934926266,5.657034304910212,7.665815041002074,6.6273268829867495,9.83883275327506,7.414634183687808,6.657290007718859,7.619740747352059,6.944922530977951,7.034293657128516,5.416145481822819,7.129807051110006,5.840379355569452,7.713429750366521,7.198091076541859,8.072487815697569,7.178510677684423,7.509615039949498,7.530486303689901,6.426057284462786,7.2878464155585965,7.1958562041705365,7.526198093800575,7.169859617874961,7.331130016734879,7.62209813741095,7.388400971187808,7.1620913286871275,6.86922511524838,6.787196511897845,7.2898970384397535
20241106-297-LMU-11,7.383879186463923,7.490695732884398,0.0,4.350888692695654,6.262961097762527,7.438130812754793,4.885035293481075,5.338734814469185,1.6697708554621444,7.731734161999298,3.664637436655511,7.110090754837157,9.452297273572917,10.213657047218797,4.533466259537395,8.314325537237004,8.30907002252884,6.603787783280121,4.699353521655017,5.25434638120471,4.794455307559769,8.126639378122366,5.404632723240361,5.875456321754492,6.784906996222308,7.875011864110739,6.054499035252964,7.267820458290461,6.643336198755417,5.085394908677701,7.8779585605298985,6.09665806768192,5.259322084879952,6.818162527010063,8.407654551683992,7.691464211369071,7.192919505876952,10.772929131475678,4.694026770851464,10.81755513545307,6.830675964738325,4.716062023480715,4.290795931663393,9.9536643753845,7.854304420438895,7.516571677765932,7.77038335904012,7.162584950200593,8.397921913502618,7.581127325816988,6.566821446358203,7.141172939315109,6.233628561614337,6.677628290415201,7.038417387827006,7.462426090989572,7.641142755239566,6.099742221383386,7.844125707502394,8.556600376834805,6.500483342104615,8.783938958115897,8.199647138213313,6.915139484841772,8.516161121154212,4.936828850400546,7.155880726336548,6.877581320475124,7.511533062926401,6.489388553089325,9.858431105295162,7.897869678279751,7.297520926992928,8.8651498702889,8.917919144510423,8.843743646520482,5.031364163965369,4.958031041226049,7.21798302745415,8.416552238223279,7.941176398567522,7.405122931726458,7.70239243299839,8.76598177049503,8.72954155258559,9.513193111944489,8.391759312872422,8.353818422778655,9.386674543070004,8.648101603493373,7.272232778667614,8.595697172056385,9.481777903175237,8.698850166884126,6.594189511622386,10.142349911267706,7.106049786218289,6.740078086431908,7.031099920699134,9.707576681747787,7.714690908038446,7.141963020987657,7.469886530889455,5.167167311159736,8.343102674609343,8.822341531685511,7.367092181353352,7.133575728171552,7.459317441372959,8.657527100827117,6.624166359975785,8.226917870772363,8.353994874812667,6.511819270439346,8.493295040031523,6.43822496347057,7.654701201375653,4.550925531456733,4.534195349535246,5.7443721609022536,6.491826710848776,7.200255202946851,8.394492203946657,6.946901409092166,7.01014137138464,6.780164473143733,7.942693742269729,8.291549446751734,7.228168234152688,7.242667456868969,8.840787672197239,7.259167036942533,7.062697536831013,6.616969590640567,4.059707854998034,6.944545068132026,7.221280183610971,6.38322521295299,7.671600182845899,7.823308556692344,7.13058354004771,7.283212417321275,8.80371004518133,5.807595030701748,6.9759788382707395,7.870888339062956,5.469816287617819,7.134794160131371,8.315147917289844,7.025165816160188,7.29254884894882,8.893032823502114,7.588916691695405,7.238212990132637,8.018814929083273,7.013552430612328,7.692873663253307,8.259958114260519,7.589417087495909,7.261170023174401,7.669493964966339,7.159506059428413,10.416608594654893,9.024899197289095,8.426051238227604,8.463835031096318,7.259788175883795,5.83727280525406,7.782996241685165,6.620199293544697,9.816937645811345,7.434788290677392,6.57620434154141,7.628871298485911,6.864513847144382,7.047598906619867,5.528578152215486,6.940108297830792,5.6276828375961605,7.694735392199078,7.107458633292753,7.928515417610201,7.129067748218319,7.600758825675312,7.508653712279253,6.437309369871834,7.234520883543835,7.073983979985966,7.47539830200694,7.120578595187965,7.451411348451165,7.534474433859844,7.4778927233577575,7.194189611842173,6.884672273499389,6.729225980818027,7.091692916086799
20241106-297-LMU-2,7.272198152474624,7.639316031253881,5.260230939805188,4.613729450083272,6.261679677273887,7.480484165388819,4.926220812161361,5.48028711411739,2.7068745479064247,7.573983367898162,4.427784600096155,7.296049798395437,9.607079233948856,10.349464090691566,4.801121495555133,8.55373039892606,8.466872080472093,6.768017104430461,4.935048013534751,5.465024507321335,4.6773394843773195,8.132775429111653,5.097599763806654,6.049028960546045,6.809550527749637,7.82353311043474,3.133166413296149,7.288092327573209,6.955268016269083,5.452468568314851,7.836110420423348,6.1733671805416535,5.219175367149287,7.043536430712765,8.441226635952042,7.866159363557441,7.295820850822893,10.629589956574081,4.657747556732502,10.664689553998507,6.87740961674818,5.254082173817071,4.20248826634906,9.972117749453743,7.8989357835647995,7.582893984851229,7.710606748762898,7.573389725754391,8.403071079191616,7.973755659817362,6.719809268033934,7.299869343030288,6.161022586220796,6.821296278357062,7.0953544597952245,7.531661540487414,7.651888749699708,6.101145291965947,7.87206154425254,8.762379499280907,6.475275819801171,8.776365743924547,8.090346470102974,6.982874002042415,8.686258781415788,5.011788120143113,7.403277611192161,6.906832876972868,7.5116520078464255,6.61529453223239,9.87164702553915,7.967290591731158,7.498097788270457,8.88746640468654,9.056285869797483,8.90157403167949,4.619669694286063,5.151377216749202,7.4271436800622075,8.607219473687069,7.926455410631825,7.421977701330515,7.6805365202625016,8.772413488577763,8.680608678329405,9.63191015887868,8.404925524979701,8.361455814455793,9.412758204868684,8.725219490175256,7.261656933802605,8.777270754710313,9.482608818291059,8.742095671057518,6.7650459010604695,10.245284615868638,7.24820537887288,6.919252737403426,7.109723454977974,9.694535579012275,7.840707931582363,7.13110034340031,7.541115117120824,4.922874631330633,8.422264159939322,8.812425317850591,7.482695910041267,7.315386912274525,7.4283795859776465,8.847381743322227,6.881459818205313,8.313464649342276,8.48187245305966,6.5461026548457095,8.527552840096705,6.599295195470058,7.550684211143902,4.675974072044367,4.350456690878356,5.785851314985899,6.472237956952314,7.197312129236225,8.496499404279161,6.999902387012436,7.0204938191497686,7.095354977006909,7.991356566526741,8.439749228871388,7.175080199593755,7.143820160608031,8.860667613141041,7.233789197925276,7.029100686253624,6.861000268499083,4.133595113743078,7.129881716159097,7.3520658636107346,6.5111023480534715,7.899578375684514,7.856642032480725,7.154601373985363,7.4710156720017595,8.638882588549569,5.926221612329981,7.152036748269215,7.866472140917209,5.6593408453880025,7.189387466637519,8.392588231197136,7.068858313871901,7.414610483925867,8.865038619147818,7.693177239006114,7.268906091548183,8.252268587263206,6.9986030280591764,7.8718486180767355,8.334769900336308,7.662860628562754,7.263810939377485,7.729773864310465,7.255475511478639,10.309058399455182,8.922697673947656,8.452827761903533,8.496795177464556,7.109969396548368,5.728919079994316,7.760269065091351,6.800358350237949,9.715271979136935,7.453571887594717,6.558905076957114,7.6129379300577815,6.914642327545076,7.143985002332411,5.612349847928184,7.152430035610774,5.9189868726073644,7.687836734489169,7.230718007409984,8.102851385312269,7.114035260332252,7.623953226269442,7.457066229284041,6.469599303297226,7.230323204908291,7.110317515261262,7.44651850100687,7.090002513871072,7.427671892198731,7.652457863300165,7.236390811501435,7.214615897109293,6.875644303104825,6.865586002532249,7.192144709025682
20241106-297-LMU-1,7.181859393910478,7.6489136570396195,0.0,4.475589779138233,5.9966787452621695,7.482030572596862,4.846041497368148,5.346656649484817,0.0,7.518843583537996,4.643341479014164,7.419882972707021,9.810781728830797,10.546135661999651,4.75473055116679,8.775633532900578,8.347122834519435,6.718128791693564,4.990076544386845,5.147440381264433,4.685323935993019,8.070210341972938,5.1103848707674056,6.188318919323683,6.881706183681235,7.847198778867163,3.588401207201005,7.3325672705977505,6.6951334536998806,5.286952917307276,7.890881957423331,6.178093987331992,5.2447813776934575,7.009154230924918,8.443889215271152,7.819780123473403,7.134405001929394,10.731897471783666,4.3337010260538475,10.641734134609997,6.850755437299334,5.124655688286976,4.3512735889013525,9.895531522006355,7.812933979345886,7.357599844638349,7.5305440976983,7.462729760625529,8.402028517281689,7.90502990702611,6.724784249831293,7.262181438168911,6.285805141777445,6.824977768020289,7.130177541533234,7.471719114436408,7.677978191941858,6.177507383510958,7.908356347387499,8.734665901001344,6.473195598081612,8.803521632388096,8.160787102441065,7.1067306287659004,8.730932627687226,4.796066978589008,7.391051830225374,6.941285809450024,7.528298666027397,6.486335275593163,9.913413617512498,7.910007779538706,7.621584657217851,8.972285556150107,9.084213604692042,8.954217331444212,4.692861607690892,4.831010319166146,7.410223926906155,8.500219908666738,7.879116867904489,7.550969017367934,7.691136295264387,8.773488874840744,8.682113549557968,9.693138006688049,8.399676531145811,8.337173360581208,9.445762868102664,8.77439763727844,7.307495427014717,8.715995862189509,9.563441802447521,8.779317499820582,6.730708316634144,10.331835951063358,7.27634609035273,6.862005722480743,7.051697164648067,9.719146257377936,7.838866211123965,7.157247670978627,7.522875902857425,4.9886665612125904,8.510781718286378,8.82232727505999,7.364058101971727,7.285451335095565,7.363608015605435,8.816412622259207,6.812369410059982,8.346345534560323,8.524164791941967,6.554413764627416,8.502769213605998,6.610794246863745,7.696106018073357,4.620317011367337,4.639138405956499,5.189111427536382,6.456890067390938,7.089275847767525,8.56618864709518,7.039196186667259,6.925703398790966,7.019864576930705,8.004348865637994,8.470549713812895,7.231918847069238,7.134690354871663,8.864582552247938,7.255293977106903,7.053036579796149,6.814673832793407,4.326548122344685,6.9816512309502,7.317458211954477,6.335811068471489,7.75099477141224,7.953364099513489,7.189843222613044,7.4914062989466315,8.68342678084956,5.9902795982294235,7.112849845707632,7.8610826851346705,5.49387504229057,7.126140084903303,8.470213393999204,7.051810679003774,7.437231776917794,8.893563379762242,7.724806469066829,7.265913363578837,8.21187714866343,6.968111018180014,7.807436374796258,8.399152645572093,7.686592468986412,7.277742050800843,7.762905937550193,7.252798468749961,10.345705170307987,8.93086771350253,8.494783409940808,8.537374721901427,7.137631505792947,5.921345917728311,7.679357931142809,6.775689810662248,9.727601826146355,7.384810640176973,6.563375185597215,7.731899930332053,6.84439285994005,6.968850336456926,5.528317424264033,7.050696327635691,5.820958695656776,7.638047671660953,7.1490190040220805,8.088510678783749,7.1887387146594035,7.469324712839279,7.474917320704283,6.433864260497261,7.161657479758259,7.044574277201693,7.326999076269358,7.055850301216676,7.356691246242277,7.698975068424322,7.308830027525529,7.2380647654029096,6.834814166980851,6.805842997677622,7.249441018813326
20241106-297-LMU-13,7.303228751437561,7.603600369385693,2.062972937249,4.836266068160442,6.007402336601536,7.44097346379551,4.860260682452101,5.141366231474361,3.4664877770744806,7.525373624818179,3.1793664247427675,7.255572455287473,9.608269847898592,10.360667124138617,4.820863191011942,8.578334851510055,8.398027211599917,6.800424042903554,5.0737614778274285,5.370806287402293,4.601184015721581,8.0153723643234,5.401789176866788,6.0787312052771,6.839562899546895,7.8010421583713905,4.070128949899772,7.296877811194812,6.819091743997277,5.167433763089366,7.840148923953508,6.217872321638871,5.232589896471353,6.978880998903025,8.43918323613317,7.767820464294169,7.251026660808938,10.61148124172626,4.673747116368149,10.638304060674766,6.789738013281343,5.1360898651957365,4.481659786111778,9.952308675664085,8.009472214239068,7.544390300040112,7.692602144333153,7.488758371541373,8.376729731059049,7.966632266505232,6.695612845546289,7.26083996521345,6.399686244358109,6.866963634282891,7.199017595186785,7.592419348690379,7.67509585305876,6.237867785379699,7.9332362067405136,8.688221398057294,6.43775196864149,8.784397914314143,8.057765799459476,7.049501040815479,8.634250320777065,4.908442677602079,7.360860622755932,6.895297954638583,7.627444571670034,6.6070945891618935,9.914221084956855,8.03650415851233,7.454131463477947,8.905215311069405,9.03458228414651,8.887405481428505,4.920885405241964,4.966477662824582,7.3136391154899005,8.501249199764104,7.955466296774634,7.502609338627089,7.710319493535672,8.821042940653424,8.704407745577026,9.591329497447687,8.440338451896384,8.392878447489654,9.461119946635884,8.763344171894545,7.278431199846412,8.671332453383318,9.515630125378717,8.782000810587094,6.733861467123967,10.234319346301518,7.197956337888407,6.944674870348327,7.030589140991573,9.711037747114082,7.856310061061208,7.209121174118031,7.500289786547989,5.017981799047854,8.479367598993809,8.804790885134082,7.417248780934914,7.392530933382942,7.372269921469639,8.76939385978939,6.81140136719203,8.329322925536387,8.426609440518291,6.465875285578901,8.542003608285745,6.620987127207996,7.455726988687895,4.754729870182314,4.816985933196628,5.7363365859413,6.464065150002705,7.1255848489229665,8.482613632982385,7.031497704239792,6.932092490478641,6.933466035246588,8.044345787796928,8.442363615662916,7.291235681653795,7.23688820740023,8.89412432052268,7.2098683075553955,7.044162743759787,6.825160747598508,4.137511706865223,7.027965024044112,7.372415629338602,6.541291997173085,7.752362963972818,7.957405649428334,6.957188182560117,7.414487518188955,8.670121223953034,6.049481086174204,7.11901169770698,7.911470250161013,5.742025193252114,7.177144901854828,8.401090068981937,7.056630023159825,7.476855134333645,8.810571083071382,7.686819720094107,7.343796394493935,8.125628090206845,6.85923500650211,7.749209001459169,8.379491056089673,7.7497239073224184,7.228345728701657,7.7462638734084015,7.3933163486110285,10.283506911788525,8.846927075639034,8.506755864805418,8.479866233602488,7.152551019973294,6.002691870900749,7.657170730433176,6.7244729974931055,9.62379017816327,7.621599126945936,6.705148574070515,7.566822462042567,6.9502916776548345,6.993129410744488,5.5842247211928235,7.194100021203786,5.8298355502140415,7.709008995244847,7.0650516436270845,7.963864374247051,7.227839058332775,7.498051397252011,7.2841946204589405,6.466861801826893,7.151527316565754,7.0817208585605185,7.393317539979111,7.010466688057406,7.32481773023981,7.719801329974994,6.887469178126864,7.14611416410759,6.924474925666573,6.878143919281047,7.2088325961395725
20241106-297-LMU-22,7.131327911721362,7.493498894814388,2.260793998410556,7.222858299604911,5.144787134308629,7.404624092451585,4.576366040875963,5.374370601312812,3.4583582462528835,7.609578181541593,2.516222455391258,7.340726337506873,9.714106289420773,10.473741098645808,4.610424783540335,8.64459914149545,8.42562944247998,6.623705167590859,4.651794941976063,5.15539855701291,4.633593751859863,8.085968900344765,5.002605067629596,6.0888349930482555,6.777272810653856,7.922439049403233,3.9331876091179727,7.22868058027063,6.779670883623686,5.195254201561078,7.853038606392232,6.2114919075490675,5.247063994282871,7.039174548282213,8.432435356946566,7.914421787287737,7.097418395243941,10.78316749743114,4.16741842499103,10.69775213059174,6.9985809863176645,5.0885856911195075,4.109960368195679,9.920665723251894,7.801071468839332,7.2497425780971,7.534801978509572,7.409504181869658,8.389342888769255,7.961306650855465,6.616266997321915,7.182673405530249,6.292906729207671,6.789022218313927,7.1326117861992815,7.458307502822491,7.664558545980791,6.127119044357898,7.943931770861587,8.797946135290703,6.340293020901587,8.790571387136234,8.217301178105332,6.9915349786576755,8.74876645006338,4.876951937078753,7.465682339997197,6.919880143708147,7.477599304515025,6.5933600915082655,9.918687518621452,7.910848319734107,7.555206875891566,8.899546704793547,9.085932253505348,8.934786576516917,4.8320610205782115,5.091429117647041,7.419104327538951,8.604136530366938,7.898397430788386,7.553338934590033,7.712996044427183,8.762846636829035,8.69825952234592,9.705452817574884,8.388156775776215,8.422430742372457,9.478314441448225,8.778661585523418,7.180635870777819,8.729975497747862,9.517733694881276,8.826307514819332,6.717863234614044,10.316108778320396,7.2360325931841265,6.931782322076967,7.018107234915651,9.727953958242319,7.772866510549649,7.178720398638548,7.473348392145676,5.04389536519501,8.451399331052581,8.862700010676447,7.405000635581174,7.222858299604911,7.465740048401053,8.920658364933917,6.742513791262273,8.358738869456179,8.553953188400671,6.570029576195428,8.42575933686101,6.554880436009443,7.669794873929262,4.905618017346929,4.456520008305204,5.75531912953533,6.494639216478879,6.99087851366961,8.486121223057854,6.934226432506502,6.967001123456368,7.120109369103079,8.03947441103775,8.350547573697224,7.302244154605633,7.205094422200651,8.85143455582346,7.193983703255251,7.006235369251883,6.880791120300859,3.738804275391741,6.986512530076338,7.275155904431079,6.382130937009943,7.820812564933305,7.840521274744572,7.318170856927346,7.473459761637818,8.665648527766614,5.975757919583376,7.169683953673638,7.813889955825933,5.401859094210182,7.292300985325255,8.404672866201631,7.057739124118883,7.349208723511041,8.814654928372772,7.69199163943482,7.1836008983379696,8.228126521016275,7.078223150517557,7.802081512480769,8.363062566399956,7.61092633140914,7.313815746444998,7.78545129408945,7.181698134788196,10.406641799565397,9.013874160195078,8.496244101130502,8.473030634462324,7.215280506610538,5.908994674978459,7.675530470987667,6.717377684458305,9.79836371643162,7.3453708589916475,6.5362961714141745,7.661077199803245,6.932710515708841,7.086140680653627,5.533525272847673,7.094304833944624,5.737207000298163,7.702711799022892,7.145867192627555,8.133369345760084,7.064943838713364,7.5001680139144264,7.468555526815366,6.36475802231474,7.29385767533924,7.063216057438922,7.386146480257671,7.107674533949149,7.384955903760438,7.545585664418584,7.276379445826787,7.200913930944108,6.869674887298284,6.957863482380784,7.342515917186444
20241106-297-LMU-4,7.279493933961287,7.583721705077705,5.004055201085183,7.173986088668878,6.10379882224056,7.4998584455829445,4.712573032214601,5.414623303860618,1.5057022693776905,7.6723139321347205,3.5474735832375632,7.331421493481219,9.592245981050283,10.330128869098314,4.479850905885698,8.497862901369723,8.400604304493966,6.698521121420447,4.843077146867908,5.202191290997139,4.689453640122778,8.08625865429702,5.281928943350971,5.893983658103439,6.807974173671879,7.7996255132408985,4.360884359782799,7.180040707634324,6.63817975044384,5.317111006147034,7.793193118795046,6.172022995141444,5.116437167799844,6.960498543211194,8.410183291708925,7.746969881826495,7.154218827038093,10.75576197738578,4.117561893780644,10.76573993986365,6.921485294936246,4.792530317212928,4.153348068844154,10.002315686165078,7.842097528930756,7.45413758317192,7.75569008035271,7.459624513746147,8.35793805521212,7.883250000668272,6.608279882230351,7.217565236901344,6.289124829741512,6.785370320908028,7.088261001835479,7.45405222491981,7.645113918623046,6.004008380744814,7.947481771312863,8.666312167352078,6.335582100430358,8.715038983945304,8.13166037624886,7.022762378147491,8.699613753866778,4.742654620576493,7.403642482020375,6.873123510024642,7.503351279946042,6.450184727764444,9.888100936288179,7.928993998441525,7.531697717194559,8.858108321602653,9.028227085096947,8.911408007025097,4.991455459769884,4.675456838842383,7.297579701352287,8.521844277074202,7.957687992906398,7.514477793626165,7.673723015097206,8.815658995896124,8.641840645410346,9.67640918681478,8.3830939566308,8.321530178745585,9.438924349053496,8.737465278525043,7.219021884874693,8.700840446740147,9.465678927186671,8.710824236648962,6.485283863702268,10.280488313794862,7.195079759105527,6.752125109179696,7.108359227159678,9.682511123858514,7.832949269927906,7.235876140429897,7.445972090235687,5.024931163411177,8.379570525276888,8.800849630267933,7.376674150559999,7.173986088668878,7.509145291429201,8.779922377613048,6.816680400817615,8.327329105564917,8.411875060834088,6.580605527585068,8.520810852902525,6.484400556980755,7.685591980440491,4.512657370389659,4.331869966484017,5.85865876702481,6.51464998068702,7.063082119355664,8.495420054020062,6.971876051246797,6.996808211246244,6.927031726449313,8.002536516946305,8.350088049736945,7.302845394989021,7.247732289398854,8.833520706754863,7.175810485727098,7.018826284634794,6.746493142283759,4.256327500978013,6.990074972827818,7.2964006329130005,6.412407791746262,7.793895291005627,7.798887954128481,7.323614819441853,7.342727560583571,8.682751656401772,5.788559176076127,7.006423228679402,7.82584773956145,5.491381441186702,7.254184885908204,8.380432453469602,7.057417234983069,7.393530923081086,8.830354567353869,7.67883914516855,7.239107001489865,8.038587459406918,7.076275516761889,7.687773295518349,8.334578375553022,7.619392368596084,7.3081319316701965,7.753923533459199,7.2537319440488846,10.424104080969244,8.963182080527101,8.452828343821254,8.4847803519924,7.07358934147133,5.952203203913112,7.769019814450222,6.6511613834823065,9.765986271505096,7.492709841236407,6.595887203408665,7.632886563714421,6.86319962194244,7.1451711789289165,5.535147830400163,6.919036408192423,5.877297794260704,7.655948990863744,7.077427516779124,7.990017306613409,7.117240538617033,7.538273517191904,7.400688155586377,6.384382130152584,7.247607129398075,7.015490853246328,7.338068706465539,7.014193637742784,7.424193642958918,7.551415546516884,7.175669826846737,7.201038605469713,6.900472656313053,6.839254032954787,7.205225068421052
20241106-297-LMU-15,7.22721348097842,7.564949702850378,3.9201670310085808,4.422453914048216,6.148801876913741,7.456403617487313,4.5822282642286885,5.2768305953611065,0.0,7.597218834806631,3.9438313141448518,7.541823339756435,9.885171933613204,10.603159411035035,4.827576382975648,8.848344966588524,8.451617777965303,6.768640758090658,4.918129819068093,5.252578600002957,4.847712155088609,8.097350614528745,4.9682359560320215,6.155035250170717,6.840715145596648,7.8340140070907465,4.439383850678548,7.174922794967489,6.801315104060149,5.2815709405177955,7.80172673620395,6.246083658055735,5.213101393957373,7.181239263470086,8.447090702635313,7.944059389996258,7.178545885118493,10.729153346930323,4.155394457786794,10.584414515135267,6.800992049399179,4.993912692594963,4.4105018380162635,9.883739030103891,7.826888791442328,7.266122298131045,7.500238877020226,7.552008982289028,8.361758260408036,7.976107342601808,6.749928435537212,7.380702836278442,6.254536803511918,6.9199908322557775,7.132441560792658,7.50211835799041,7.709807655511123,6.208101143290975,7.837388811316018,8.820137537651858,6.470712156846556,8.74917865456234,8.16266654357009,7.0840974597649495,8.781812338553536,4.805578268326703,7.442424411680025,6.935268453634138,7.566836733557219,6.568293384876983,9.895964365029077,7.991070746437783,7.622146169614615,8.88029688472039,9.09707419262097,8.950230993408415,4.99030424865103,4.852379796950848,7.3426801978882175,8.58583143643786,7.85077858135627,7.530891297989938,7.670869970034348,8.801581774645316,8.600627744381306,9.732926837923474,8.400708403351922,8.358226493414648,9.438018655869627,8.721418033491029,7.244468704399326,8.757037199648,9.553331517889884,8.734861795846205,6.5946847275132905,10.309310121762078,7.275649098011559,6.881133251189966,7.042642546316505,9.708151563255477,7.882220558846863,7.140060951135895,7.528257108117764,4.999344989237619,8.439725929446684,8.82421777317166,7.484887494995402,7.269700732184397,7.493003762433039,8.903687732803261,6.873078916164446,8.36940668779026,8.478570117536531,6.6009438584202185,8.558795908254806,6.712144340485706,7.695552560346598,4.74307859534072,4.646958176952896,5.405860140594388,6.337202953540244,7.057979498750177,8.564720591441246,7.025038245478687,6.922012025802633,7.045895487832583,8.01815967435375,8.419050997034995,7.252070746672134,7.147603824732345,8.886473329467725,7.236008936630461,7.088728371866858,6.793283205604862,4.242679414454923,7.101157607859992,7.350979102839802,6.360099173052022,7.862749924817639,7.871938660500549,7.286288551187142,7.4100467449757605,8.65125849447253,6.013226172720086,7.134559444450873,7.892513137342375,5.74644562440443,7.244423323154664,8.458008077058686,7.07379884760034,7.442922961345483,8.774616322479703,7.746042797089504,7.327049663786622,8.214476288780793,6.993881548980835,7.834634180191646,8.343062087004299,7.667186772434279,7.267647512326696,7.758989637903062,7.300946235085248,10.366761599032799,8.939922338103907,8.460330424369824,8.49644020108847,7.02880168130603,5.88270736479805,7.692735170456152,6.805133629544735,9.727324784088996,7.499342222598932,6.778615846498901,7.631774687722795,6.903663002918864,7.055822782558113,5.479279950026734,7.060529527972112,5.708465401673207,7.701735847920513,7.081156239458359,8.002953983741659,7.101918192221468,7.491820973602804,7.436660376712846,6.463388866968961,7.165042467501213,7.226317637091429,7.328268889314142,7.084359483221371,7.360882074145133,7.66439084590693,7.3335355878853346,7.274567901676637,6.822253819313617,6.877883767014169,7.246857714361158
20241106-297-LMU-16,6.675913011554888,6.203095906609493,0.0,4.638070488810079,5.4031208748766835,6.343583264170149,4.305616791307726,4.986852468155939,1.632428169907397,7.550709644952137,3.539874549442475,7.457784241252956,9.754379284347095,10.466327824893428,4.983612324212804,8.720317674859233,8.389393565816002,6.6684304674811585,4.977646966916799,5.557981288085386,4.828117207133304,8.12531308233538,5.394543672283144,6.056818992656041,6.920552988700858,7.911046090744895,4.112963979797416,7.312366770342816,6.708140289823002,5.477034602118657,7.9138394037090105,6.074147191888411,5.424400654353486,6.9530732384922675,8.492816300213557,7.8055063519424195,7.2516929295457535,10.674437730363925,4.357974418103333,10.686947989070928,6.1673574252185785,4.862635616586436,4.277573888073088,10.020334483740672,7.983853495084095,7.4595645925215015,7.782498656180884,7.415799330127433,8.435744041917383,7.924918471557968,6.844603016389567,7.109830859844169,6.422013526238794,6.903876329455804,7.244395204234344,7.572634041540981,7.762357748156678,6.290706139182074,7.912706768864277,8.715914029828449,6.310902715991261,8.788371901953871,8.148619896087428,7.04725252647701,8.679579759136905,4.950195423883582,7.429256551754743,7.060936366291532,7.592005577980024,6.649876195183098,9.929700765487878,8.001736126555327,7.535224986411982,8.920686474223311,9.086169146318092,8.973160933424541,5.2301763294315995,4.87327998786712,7.335592765312362,8.563727960877408,7.911871866415383,7.5805688844511385,7.755733100907864,8.874447982776276,8.768712034239593,9.646620710748353,8.493792043598692,8.41617055624767,9.503685225583283,8.761360650685083,7.280247592963718,8.70815256116187,9.50184393168794,8.779370024465976,6.806538767858464,10.305866326569186,7.291814498490879,6.9510554935655,7.10033306326922,9.69687542550557,7.858143832804142,7.192154733384262,7.605657503851394,4.9066191776607395,8.50175292372701,8.89958379146027,7.426275362320174,7.330715870278525,7.465222685442151,8.813823958837421,6.864659640962132,8.390741700114342,8.45361281270892,6.580541974619665,8.554340051717565,6.682975762667019,7.562462027886359,4.835740249231254,5.023959889234489,4.101452410558084,6.513210298053761,7.069913648062353,8.554823698736756,7.1523124856506675,6.921054029475904,6.913570947913545,7.997330489841495,8.525349629074254,7.2674329485998275,7.20680222308266,8.873208809038879,7.268240222898455,7.113521710866224,6.83878806459092,4.19062008799791,7.015202719203625,7.406207084741555,6.517540691866246,7.784876940957124,7.937748077475546,7.078216176136419,7.407677645775212,8.726085499088313,6.027368337307659,7.0025778222820705,7.9435599103661225,5.656091084385933,7.165533475921883,8.504085346064983,7.038567214219959,7.522822555976902,8.8987179986238,7.731405419124553,7.369005509252242,8.109865531877356,7.074273187351454,7.691728398592134,8.424903522096681,7.728877735320121,7.376310324546219,7.827031368809036,7.355233041482215,10.34200930987671,8.936146554316808,8.528194101651824,8.573928556948047,7.195313711520112,5.9404261317591756,7.7219591837972965,6.775415759947881,9.749581800048087,7.6174459659049845,6.792158976069524,7.815376922277792,7.019185068254524,7.073179901499658,5.560590596913525,7.1334260958759925,5.654341839326209,7.782157333154007,7.229708952516685,7.959835670373863,7.1503171728326995,7.567240637259112,7.488045937348701,6.4691222337632555,7.123616641764261,7.144829167510692,7.346562521104987,7.099560181787581,7.420892395522499,7.705735766791607,7.18676335966811,7.18932748339537,6.939713128096267,6.907773101080768,7.1917608027860265
20241106-297-LMU-18,7.187004606661852,7.220451903301854,0.0,4.434183723159028,4.245006372786981,7.452332929359367,4.640873540140328,4.834693095574908,0.0,7.672028149058593,4.012740297787875,7.164598994749889,9.56930558074633,10.29743530789303,4.699878133911889,8.504680828669734,8.58801735313895,6.65556662612974,5.041040196908102,5.1244092398508085,4.50302827467057,8.054518539420803,5.077564223177516,6.062877892667574,6.742278268923801,7.7941937345318655,4.210023818719666,7.175238275308446,6.9214182060654155,5.217051137135473,7.724772962800474,6.124762996935949,5.26229197995973,7.105786577571057,8.470123491598144,7.975599520772646,7.078298013923629,10.787532685408285,3.808499067907993,10.707525315657081,6.960302688097836,5.137719915277999,3.6918146480683784,9.924172673741502,7.873455230578237,7.251745515823364,7.506652285702982,7.6267896924452945,8.357011245860301,8.060959743390484,6.658955645371007,7.182455257301147,6.127302543993297,6.85725608864087,7.082380401927801,7.446416647615972,7.582060990457934,6.062158700719321,7.935486355736192,8.87406505835494,6.3202043677777455,8.744458711840474,8.205580318326705,6.963700149268977,8.859704813168438,4.936382098410242,7.539015608737667,6.807788822384674,7.558765528933564,6.522811017752863,9.918580038164523,7.908554488718733,7.696008706045581,8.898810487632508,8.983614381131979,8.827066920165748,4.938650150116474,4.806003340607694,7.538857716490277,8.710651874008272,7.8681431772343435,7.403025023455489,7.726778048378988,8.739222773082364,8.641462247291495,9.732712842688333,8.351444066477121,8.368937176477116,9.478482704875333,8.756387492463258,7.1746643198188345,8.899390994256178,9.42581196699199,8.749777506144358,6.695545473492926,10.41142191350375,7.164282650694463,6.77038480378814,6.90215412498813,9.62510173445381,7.7661221888032,7.225470903494132,7.4486206658317204,5.175697308038726,8.42803497253874,8.811603364727022,7.345938941699807,7.245917645483453,7.406308059273297,9.006323844659821,6.716471990071377,8.223443584311413,8.620333108589664,6.546305838573883,8.5201073182434,6.69967433366576,7.671274836353858,4.44854731919216,4.71962847199213,5.710029140350399,6.448283781459567,6.937600097069842,8.445519350977198,6.944785174163511,6.975334353988782,7.205954720939559,7.965217478781226,8.358532415580623,7.24260067070996,7.197623194965023,8.779238602383703,7.18161290833412,7.070695632768079,6.92701040512679,4.190816824827951,7.217045206339307,7.27586416101848,6.489102964868572,7.965098349996344,7.845700392949275,7.313380710689778,7.604627081042032,8.576023873153469,5.944543811240407,7.200830153029255,7.908923103545817,5.7448868187868944,7.209073017785539,8.322633429495847,7.005613188683317,7.3381107359310915,8.809810142906729,7.649429919943952,7.259678943421314,8.264150147375737,7.073600608725877,7.883264775579668,8.305514337195264,7.647612975491629,7.3442821219655485,7.646345929746396,7.105752337058807,10.452897821372671,9.064070543552859,8.36093226193819,8.405332430920904,7.230756651205511,5.915553004808663,7.742008783886713,6.687937066619493,9.847045812228316,7.418064691270225,6.584347660066575,7.656338179161243,6.826109407708924,7.015667432927868,5.419209910979271,6.999895220161475,5.819279302415548,7.669829145250972,7.04229744250633,8.114783810572664,7.109233303685339,7.518489272460192,7.439935864967913,6.452446308529458,7.228346882882983,7.0766481723798735,7.380359435817306,7.078130817553725,7.367005870055635,7.546522088652969,7.024362605162749,7.264723449127257,6.969358973327715,6.875886001860252,7.416886313288443
20241106-297-Dunn-18,6.768387864452404,6.780386934961894,2.4031399082459974,4.724355428420206,5.653005277087415,7.5084300118085245,4.59722359443156,5.580869026366189,5.885566060496478,7.574247893343156,4.614238733182628,7.275331953880686,9.53929689716405,10.28367411316183,4.955589255235431,8.484270948994611,8.288292550535044,6.920374830335902,4.853071170525155,5.434051653053958,4.202534925662784,8.088056320409233,5.170009910517549,6.162789263610446,6.918673000651328,7.884700726797711,4.256939959658566,7.2874550085316745,6.597676679717824,5.463324139362465,8.295704093847126,6.27849268985724,4.90688447309276,6.924413138319803,8.830205654967939,7.656199109203777,7.263193079587869,10.714457398545774,4.65688084079329,10.622188701059654,6.669271219737821,5.11081227825963,4.142522750161718,10.073008345837488,7.9195985911087154,6.842837519799536,7.5696093850588575,7.3345775447262715,8.787372892766825,7.771493972503809,6.770553921159061,7.357591611612229,6.474605247857275,6.916894321273996,7.356446313165742,7.369559623936202,7.81529222622941,6.255953812736227,8.072746274616865,8.58023349452121,5.94992371128529,8.743878246208677,8.086339711608689,7.272940129094697,8.621996501474769,4.168253733264603,7.317234445131511,7.0253174987728295,7.626982162031325,6.443486627901834,10.074242641222318,8.023271973228438,7.5008929048971975,8.865798272708656,9.302774829358103,9.188223608290247,4.678694373401353,4.998920868051441,7.0960650630414515,8.365436026499736,7.917599983253359,7.805613782240034,7.678952766572023,8.959099198671874,8.674970856606082,9.631203843632766,8.582061909342224,8.344911247723683,9.588653895248779,8.877616680371279,7.527388496833029,8.53368950489656,9.554972581967396,8.788615897369896,6.66997732972216,10.234228723758099,7.345972992071825,7.036876730264796,7.465494609677611,9.744065738786132,7.98994913304461,7.190138950149315,7.433556430036078,4.652866503681316,8.694410829473671,9.011805759663243,7.461239769319566,7.470041024842978,6.858922985517649,8.681410449028007,6.888675577331634,8.60123905472045,8.340810301313072,6.412724378170135,8.569702216957065,6.9126338870642865,7.652470336680235,4.8902359052343725,5.142771669672144,5.688658836842804,6.462721554045272,7.042599652668967,8.752217466510254,6.9582324405508515,6.697314694877965,6.749518259354176,8.060294705852108,8.635613851491593,7.1354982712208175,7.349456972665134,8.928688760027018,7.529926400667811,7.063455310336638,6.6864862803312075,4.128983047240338,6.862052598224066,7.404930393657338,5.996141759381079,7.725684306786423,8.147098564482393,7.215469415237843,7.159015385062217,8.66147661569666,5.656631108976981,7.013667761556021,7.886507420434406,5.638846893778689,7.367677570310865,8.605978032960698,7.184183112700135,7.458022439085681,8.893015025112346,7.8842966471670755,7.3301729163524945,8.029187794387042,6.882160251682998,7.608276273713547,8.600754050032977,7.716943791988322,6.757435062169202,8.034592402922637,7.231224330003829,10.355034573284977,8.907962381081601,8.740153961974832,8.517351452612644,7.25476183405212,5.956834067656969,7.130627350299307,7.055996680470114,9.70579541996111,7.4242505423453995,6.741327872673543,7.7579257679147355,7.2154067925218985,6.574148509113229,5.389849124649636,7.397933330717451,5.71043040915609,7.8873016436094225,7.3031439438144785,7.859816332440972,7.188666429494898,7.049786472175597,7.377670726965053,6.669893144535187,6.950903996298331,7.174337460409238,7.234907380897374,7.043618393739431,7.453662897211472,7.666426181983492,7.27508199124904,7.304501128342927,6.78701701114276,6.897678265431229,7.141417377676866
20241106-297-Dunn-27,6.662562902391916,7.616468902380468,0.0,4.277353449406382,6.267274378095796,7.524294014025916,4.508198621307478,5.43371190712379,4.184265769838671,7.557135639278594,3.7473125373618283,6.036768932490032,8.364262290747662,9.218234495944786,4.807396029765094,7.276458418085826,8.717790636389026,6.560538784306876,4.743535293683098,5.365932503476902,4.323959493994603,8.01836482670074,5.349065722511001,6.081260991300203,6.687114085006884,7.834628278542608,4.566989504469309,7.209658707950092,7.013427745389659,5.35525485036076,8.101758520440564,6.058016332246804,4.835300682701897,7.286666924526849,8.710784049205671,8.161277016126943,7.145913753627119,10.744415742382525,4.545164437536255,10.710957610283728,7.2012096818783276,4.909384673892641,3.985032875043323,10.08071729671154,7.907867627434267,6.82309448544894,7.699727079958615,7.766105213646342,8.604972002194684,8.199643268761587,6.6177939733790065,7.14731054239006,6.25064326725452,6.806776631996297,7.152266691531531,7.339100317118947,7.680296936245594,6.040220025184976,8.036557494886754,9.00987168967952,6.006388018529177,8.614764928975642,8.06372016631894,7.151212273491381,8.6289697894959,4.013241072564041,7.567970368564224,6.912947099520342,7.497937627126758,6.441940121679752,10.042268243652904,7.959728098822193,7.486168161020365,8.749467043087082,9.196925582370266,9.05959357176641,4.723605885077758,4.7929141187863475,7.698489874319922,8.866208226451512,7.8771766018443445,7.683941045944303,7.614878369453754,8.95705955646971,8.662831514738587,9.602709723742082,8.567947254955003,8.305108627825472,9.537317521868815,8.822120333646508,7.387658232634578,9.022023530297226,9.488522026040803,8.739259515792458,6.636940350263387,10.242140885835438,7.120248726200299,7.039581823404989,7.386127978200107,9.697344804721704,7.901520039335749,7.283082475762018,7.320796415053539,4.4721470635104605,8.560515303304681,9.000188712081897,7.381595521697675,7.483781222055509,6.934823421606053,9.141750777268664,6.678798551953621,8.497558890277716,8.771777551017486,6.32818679189026,8.379283998386187,6.759860381175803,7.601899860420122,4.836470109967031,4.858195488370948,5.5202464545579355,6.429351323139509,7.0799031732691144,8.62258906558353,6.82826080939744,6.849974461334761,7.316308743115626,7.988808916935041,8.492494114043096,7.075823566560316,7.360628776009953,8.863017902259486,7.403311167009752,6.928216402804448,7.042903608615074,4.394851391368034,7.385334418520117,7.295414592882586,6.110467014870512,8.14831193976481,7.999302640031362,7.159961585466343,7.76187132847375,8.640924724615289,5.491505810581272,7.282144548734723,7.722792000056475,5.524904690809823,7.265723408817034,8.525325251451003,7.069597046929349,7.406948273738713,8.80691802068072,7.738847021667577,7.147023222990561,8.45047458746011,6.893371215948259,7.996618580137453,8.508765242890858,7.509630864946112,6.759694479678537,7.889133933414308,7.115961462573398,10.341361887957833,8.908465800371355,8.677792295270093,8.443081298711123,7.277601213060875,5.771380194811218,7.119784936378211,6.8922980680581185,9.67415266132268,7.339259348575939,6.724888557453804,7.759366998878627,7.071325308989662,6.455218728250209,5.550789694707781,7.27215238656518,5.547038900383369,7.90146373400191,7.150527430758107,8.255383266401363,7.088267153059931,6.9334048819657355,7.386138338045426,6.580847728351116,7.427178875533991,7.11026717006938,7.321965431458728,6.984653984477475,7.378185161977876,7.530713818518833,7.179182293307021,7.122877234016306,6.867280714963326,6.794985945508215,7.431058835115753
20241106-297-French-3,3.0516373265706176,6.364319527629745,4.704008099260197,4.184146583871889,5.564852483754758,5.563432274049542,4.518437669108387,3.6962374477553412,5.320952193890158,7.620123859353071,4.478635244490329,7.341424447879489,9.731528064969726,10.464655314983847,4.743414233514301,8.595967877073393,8.333327664761525,6.782811114500383,4.628213240190449,5.284779127246077,3.041753453996185,7.975158001883361,5.324702043678644,5.7910773325990235,6.742224725694227,7.862510278934395,4.213083137096066,7.307618923828453,6.730448186451983,5.418989383358441,8.351604138051604,6.003330644398063,4.645063276418498,6.979992978948463,8.941976860544159,7.846874234598848,7.181864326899044,10.67622045715713,4.675654215621239,10.591901425340481,6.939164625373693,4.846142241056167,4.252700279814416,9.993336747817569,7.7512729927082855,6.719488328755912,7.561587446996179,7.490935064268724,8.936323964115847,7.947918767303791,6.808370123254609,7.514691475188199,6.438017248745216,6.672960770836573,7.1871431891067195,7.1555118759028025,7.814033954818199,6.3171328288493465,8.00126048723038,8.717261850506182,5.852117430807992,8.703258614193334,8.144522221948517,6.949481339347396,8.804345704277218,4.481504380695789,7.564589923665684,6.874420785315208,7.434767911457896,6.734144296665992,9.996601316973825,7.857503921943192,7.61235419292484,8.84943579321112,9.28717843823072,9.097368800642009,4.109018801508364,4.882887285779407,7.383029580203382,8.458513069409895,7.869906811253058,7.729228412074285,7.7812735559613415,9.076520087206672,8.75685249850228,9.811119658794455,8.725174793622099,8.484078906743528,9.550171309234331,8.821766846313004,7.358990442211837,8.719944108047105,9.392920495470982,8.852513806690512,6.735705808266798,10.39976313305415,7.3642833453350915,7.01964591032986,7.629979782613808,9.607988449932893,7.788144048189801,7.236080421028152,7.133205230739928,4.606201479559948,8.522301458555576,9.14988870202542,7.646699780435922,7.5095438818457625,6.862141586472301,8.835922490541902,6.8283442135447485,8.593708011525587,8.47004619260903,6.188043699456759,8.48472987428445,6.80256519560649,7.722642859470303,4.922170206534964,4.611001146848805,5.783777227714181,6.619465687323971,7.218496709114657,8.480512819246552,6.698919626881662,6.666331626183911,6.968944667235611,7.926445496947623,8.4439508197504,7.073468098889232,7.396575085815662,8.753998045208046,7.362615472764,7.03462677426382,6.956159209716113,3.8173593316183063,7.02284805562268,7.400042107061163,5.940975317358864,7.753220821686568,7.940003154147992,7.29404194699693,7.447956556520895,8.634881770127254,5.476723534153618,7.218719725331606,7.861648504630066,5.497026394347781,7.384808416638401,8.365948151283357,7.1424828929337885,7.490697649522492,8.810443357679228,7.835396193987279,7.630898858555659,8.269700571773974,6.908341363812876,7.884993149639399,8.6029693170067,8.027391350435332,6.599150777370577,7.983184088404285,6.894601255329971,10.36619115344401,8.984781529769462,8.65707150380424,8.488561282961367,7.2877044307029175,5.45516719017977,7.194975950767906,6.86155590421336,9.769279518052054,7.073687740137157,6.753628517537099,7.737117827286499,7.193661824460478,6.455117590523082,5.625740973798471,7.355931450576119,5.752363482178354,8.021091704261778,7.440479339581289,8.148723927744735,6.950418304304598,6.935634053938434,7.588902398323007,6.567245206969577,7.315557050104782,7.339272032940615,7.465610710776073,7.147807923189295,7.620445018297836,7.900843337234183,7.270247981412372,6.433344239460717,6.721370308373148,7.027317878723356,7.350603709081118
20241106-297-French-22,6.04603855389984,6.993124763512656,4.251086045937718,7.466207232020163,5.251461012609836,7.508679256139875,4.1094802934019965,5.073247445666597,5.079786599271008,7.624357433642066,3.5764617125110134,7.414928647809509,9.771142071377232,10.504840793978307,4.680327608476855,8.709585122489408,8.425678018977859,6.58767393421113,4.5053510306610995,5.445405150786586,3.887027736236288,8.030867265567444,5.420331795799536,5.989023187615586,6.856241399937246,7.771652727825801,4.325170306785796,7.255095160143531,6.65997411386182,5.641460440833553,8.378013847978455,6.057857680782229,4.556976773671125,7.0733904621900985,9.014856276808482,7.856263470025977,7.230151329423922,10.673854982972536,4.698849115329779,10.595192429903049,6.876453731413553,4.837456977942517,4.423845658763913,10.06892863030424,7.785055285599911,6.612421683798128,7.644565626283203,7.5147909801888835,8.95380574603417,7.929019906081748,6.74483597076439,7.27661566527415,6.463299651137066,6.724427494205749,7.258399413120095,7.100191919623193,7.824950904597592,6.2854526629720935,7.964720735869638,8.792493400051667,5.855126473073094,8.809716326016424,8.132971106632272,6.865181542602658,8.804074239310141,4.2023010872546465,7.432092888538879,6.931692177665288,7.460706283083957,6.733888388461977,10.008648857300518,7.864215895404797,7.577282347898029,8.877157430711248,9.238785194894914,9.129639358958826,3.9949691600235706,4.7448954899635405,7.430944535860402,8.511335066277598,7.950875367183402,7.7285111326938765,7.927206089513202,9.058706587466308,8.841903748913682,9.726532525715752,8.694566829597772,8.56572392120868,9.528866213190073,8.79720560440276,7.350447969841968,8.677390158539446,9.2814106292595,8.942241826339307,6.869098925475492,10.333613746560795,7.414862255534513,7.134772710043278,7.693461237490363,9.451285836395938,7.625362730732228,7.325663919195688,7.108212477729379,4.267599289821242,8.554521725966756,9.129097339768503,7.465545444212828,7.466207232020163,6.774776455312974,8.891240433726495,6.739195769691531,8.57173002638575,8.518716107429038,6.35309589730577,8.526109923466327,6.871556428698754,7.672678074307209,5.0461197478501925,4.807131401242182,5.507279211321409,6.6200501944901715,7.07780309432669,8.284823864886963,6.698931526085773,6.577336032183385,7.003986608359049,7.774678515663351,8.557814574380192,6.986754301050855,7.329583578119909,8.619250653768669,7.465919346127725,7.03252812039925,6.859894335814947,4.55104069822765,7.148609400686149,7.512192152021267,5.8016811937400945,7.795597194834379,7.98791794921737,7.204108901844747,7.500135055040523,8.600116473057149,5.492524411510578,7.135227107731384,7.816261480186406,5.4617908090999885,7.332720077706268,8.15151083549336,7.0585913184146385,7.528451223622053,8.826470331682462,7.887623306363198,7.442124807752657,8.164840689411891,6.807305290332941,7.766538757035633,8.586389402255445,7.865095405749747,6.637084240529983,7.979371633854569,6.709417218669732,10.352951715682996,8.963090955091827,8.693845303956778,8.435970603208434,7.31752237515351,5.684925474370209,7.024731586603514,6.928385215446943,9.757398236307207,6.846568862847398,6.582267572333048,7.807800753498873,7.168788126047249,6.274224162829605,5.795663790690448,7.2574754582703145,5.403909712924368,8.036469850067974,7.238747648887421,8.05649225489269,6.911190053971696,6.844554204100904,7.4272967459308274,6.666483243014965,7.235566784708702,7.135853333601554,7.304712557789067,6.957339805335917,7.412502160271446,6.795109420229516,6.951079230298832,7.141812880221932,6.798838084179974,7.000914686504141,7.206452087326602
20241106-297-French-23,6.317276808766215,5.138350757077005,4.665498052337624,7.419535474691033,0.0,6.688819894261366,3.398787986423866,5.335926017231265,5.350502211120541,7.583644362750843,3.30657274708034,7.369908470970826,9.65219734715391,10.406670902211903,4.7690920855274035,8.639064980089811,8.370891281828845,6.74388470537322,4.7657365725105505,5.332783583957005,3.8181877513456612,7.97603734419086,5.4077811857548355,5.938425203609657,6.800103899205546,7.824950414048279,4.10040037466682,7.31621654390663,6.764160740803424,5.666482137133033,8.399126356246994,6.092716674247438,4.603951543350299,7.034807575946653,9.029438588797374,7.822656737270127,7.208040770138282,10.687451795995647,4.932635418876729,10.631990346412344,6.568715905966299,4.639362035791463,4.184489366269708,10.05376118318629,7.856042246982119,6.773754789224914,7.771951852883244,7.505753916618554,8.956420814889809,7.919136231348842,6.929051941723465,7.470376339121069,6.410758174856423,6.762731508548086,7.2427863981992,7.104477149830833,7.855844212516799,6.2932073779808695,8.069462329583741,8.729708101409756,5.930197508972876,8.741447853162207,8.078178133996913,6.871869102933413,8.822293103644864,4.37704679618062,7.500076530494411,6.984124436399078,7.486885697355865,6.651241495870582,10.018608601421475,7.959506141407655,7.650241327512956,8.91775705206461,9.257438467182615,9.122311121402266,4.480704785428475,4.842630876350824,7.372163066348031,8.504131993678323,8.031796254647771,7.690074059409092,7.935378852539535,9.072715327022161,8.860554749127708,9.755036097786626,8.699955539989904,8.510800080640127,9.571151250519897,8.87649412000917,7.43823345712288,8.702585251631689,9.287009963580516,8.97636763617091,6.872047250570719,10.344382804606278,7.419402659734985,7.197065998360223,7.660114307829179,9.500234739808903,7.700410943231339,7.357457599070811,7.079099221024738,4.118086058344835,8.572797398063845,9.111614164540352,7.474529058299464,7.419535474691033,6.9192321426239145,8.834780783518323,6.887189442400885,8.518568277469333,8.462266698757734,6.39136263412454,8.502654465159013,6.744249753524612,7.558058012005446,5.121480405264426,4.998695552757714,5.238790635339019,6.617347354376027,7.178688289570191,8.360347420402574,6.633901093422488,6.691109079995908,7.042977283696738,7.79830824215358,8.518690993430416,6.962065635718276,7.310495353410904,8.653199256758834,7.414490615631502,7.1403241150031365,6.827755998390691,4.131506799595674,6.969383401839458,7.460775366647628,5.919061548091239,7.735893483779227,8.015536730027225,7.169130267516173,7.474493783870011,8.585950506284014,5.510004122454548,7.060559230282138,7.935506303840009,5.533259067439439,7.291879756842928,8.289055793682659,7.001844242468548,7.516319042596068,8.789354540962814,7.876763507009545,7.528536997856206,8.102828619550532,6.6682250555925,7.72006839144076,8.545904491737469,7.876835117491105,6.771184092906925,7.96265919393094,6.808096409385905,10.302520360850723,8.88231621038162,8.690734228648438,8.428489539117436,7.104440376083689,5.723383462637817,7.035433298200082,6.9878589042062265,9.693754694725039,7.0168818158956405,6.7367646220913855,7.773200628420318,7.144578780689832,6.322044293959843,5.678945536769198,7.324139161087753,5.450437345947042,8.012470035893667,7.267147141779089,7.983667893268859,6.942885043166845,6.777941800717874,7.369963950840447,6.604431983369718,7.2130569196798895,7.248414468870203,7.304088171518354,6.993091778793353,7.4543996879153305,7.650397891551861,6.7162417310727225,7.154698128730417,6.772408622596928,7.018159480023759,7.259833873562376
20241106-297-LMU-9,4.195283232439155,6.2731337837137575,2.6842386152807514,4.407987110705375,4.02862605980255,3.603819230590151,4.899682840846225,0.0,2.561444186010135,7.688481943478539,4.294357648143854,7.199853935881461,9.533174571435048,10.293170497422278,4.507799632946026,8.478085476550588,8.192616256198104,6.723859143509382,5.0444773807430385,5.36486887360509,4.212213183577396,6.7994323253207405,5.097747561791123,5.960870701635236,6.813786761679852,7.952854763867154,4.2673256462172215,7.297939857145578,6.61872676647716,5.136576203473045,7.870865973811707,6.279674048043913,5.208109387158628,6.988463073528297,8.52965484500586,7.796281566870825,7.267448585076866,10.840225314975514,4.70610880343415,10.763675817464513,7.067704703984264,4.612193867487904,4.041615337633344,9.991963551153752,7.878341469589144,7.5196893202398885,7.5093206820998155,7.449259284141319,8.43584998432802,7.849934461919184,6.667155732392776,6.518971418522681,6.29732830263334,6.864414685929889,7.073374124028924,7.373315529383118,7.72369664126883,6.133988910519432,8.006927981732893,8.712423336478828,6.494971248195412,8.786475757769672,8.23820883303526,6.981410603707127,8.794621052674437,4.9601737943792825,7.354203849676131,6.920795919874444,7.565970291219211,6.604507941199331,9.992830461709573,7.961908033257282,7.579469932681357,8.939021557623034,9.116943036570303,9.006488001505463,4.624877383376325,5.009769588637307,7.278914354823655,8.573728274351474,7.849471744663748,7.5782499874637255,7.675082640064493,8.83091195089751,8.68242275193227,9.746514085880928,8.499007832089436,8.456474594615106,9.531407157194764,8.838972577476524,7.29905963522092,8.596409384251123,9.649587260129584,8.769323199446033,6.752057121460505,10.367937542130644,7.367351017828953,6.932385403093235,7.145778006873974,9.843831080547814,7.924205639846083,7.1543987908950415,7.578632315126791,5.043360463213219,8.500535200473465,8.928745432201705,7.550445827037589,7.2876633255419625,7.509933301356116,8.834796183582123,6.79378855813222,8.412910606835311,8.468590678039211,6.55434704076668,8.563934096762782,6.736318614951712,7.8352790810005954,4.671099321782673,4.723355124076331,4.897067051909385,6.437210932305758,7.173490169161657,8.58836354813671,7.123837356643631,6.976134727743792,6.968373774642494,8.124543711408135,8.435139143901157,7.358690121681163,7.291832048264886,9.007295051846695,7.269338064035367,7.120282329909564,6.805435281333027,4.3320405788734675,5.846193796388833,7.341833367790521,6.423843848099816,7.795889957303247,7.968641714360203,7.374656260878803,7.395277267287566,8.728985586889946,5.9866532906867045,7.1417645226996616,7.930647479994919,5.437453365193243,7.367997897342302,8.491809410171419,7.059263670271726,7.395439419708603,8.878936274629407,7.769922163238992,7.457463087934405,8.241465094466678,7.100441186653106,7.820141954965168,8.432887915333648,7.785330689265886,7.177014767590148,7.776365020552291,7.37242277121345,10.455594362252244,9.061232374014894,8.559177024093435,8.535808326809397,7.2660211409815,5.8607777640445216,7.857162019357402,6.79606945790975,9.862933067711003,7.488968479078724,6.611691450577165,7.654497423242161,6.94972777826672,7.217345186876663,5.290938517630441,7.150789881596231,5.874194427268043,7.729632183218936,7.388034834957183,8.083912958610721,7.318914747450345,7.672845324826993,7.688547563405559,6.467808622450665,7.285189121675835,7.229753873866215,7.567429732916651,7.27574629745087,7.488033024463577,7.347827735375683,7.421691815149897,7.1851994639278205,6.838795115038095,6.96147579339171,7.32896487301378
20241106-297-LMU-21,6.984454481766639,7.516845181331302,2.2414632505876337,4.586521621831446,6.198641568302046,7.37641633753621,7.366544646707518,5.259072253674619,1.899185235160391,7.669063219126422,2.733015513834935,6.72396842281594,9.109761668920731,9.984876832103087,4.433331097316197,8.09755179432391,8.83521371839571,6.433720745739864,4.9220504416614785,5.0652562808135775,4.258053989383446,7.906592150490289,5.014448246786096,5.850010564210712,6.656973708280988,7.799047658902444,6.0998878613083125,7.2059754371156375,7.152530266948944,5.2069153643278066,7.717588923475576,5.829209057131147,5.0149093445035415,7.457667036479673,8.328966254062115,8.229093959748296,7.107402289714749,10.744490116145883,4.704078498326701,10.665544700281815,7.2686645349380425,4.920446706199535,4.017402699207317,9.953246130731417,7.688877500176636,7.208519964303426,7.379706710988212,7.8866172939951085,8.285637336065601,8.30453337226145,6.564112185850096,7.10501417138973,6.195753514220031,6.598552897549084,6.99756684507983,7.322334127660203,7.494410386054792,6.112052187614926,7.801380595830667,9.085410764819807,6.205424294589774,8.569230095863595,8.157361550255184,6.9137475669585955,9.082321437031304,4.877179622066331,7.776929186380306,6.720921833853891,7.383467495985826,6.4250437574064145,9.88804401378565,7.73294102050123,7.882748590180248,8.795706162386082,8.938084737188941,8.834080901069143,4.656454770094898,4.5615682594337486,7.708901591283202,8.980417845418689,7.830882027541874,7.3983878025455985,7.582779224465119,8.668848111690886,8.50789240880737,10.050562516867437,8.309955319110323,8.277303726706881,9.414762129056083,8.630431105004785,7.04418294676629,9.147673139905748,9.433779169049538,8.662389997623977,6.576293881807033,10.642562714778098,7.078421492217056,6.844658610987733,6.8694471432138,9.645382065040625,7.661966389285986,7.0909590873908925,7.281943192375635,4.790528929904657,8.249905540354083,8.742450819519183,7.023809941178719,7.14075365424281,7.301491428219102,9.237623174133196,6.6707772953945295,8.202883486562412,8.864354158195734,6.357554011812718,8.3928641609351,6.424261281799364,7.681147848626793,4.815253774495729,4.73202199050731,5.58736346526378,6.3209610755110806,7.05496074904077,8.43168476602167,6.8377883802041595,6.756136358913358,7.4371376609455915,7.950057444067875,8.266148901393361,7.072519185321502,7.188689823419298,8.794514824105581,7.03753032340075,6.861432390376541,7.117323062985755,3.714222079483994,7.400080979806846,7.2024845814229135,6.140050065863556,8.271311551331062,7.7145570841518145,7.259382076780896,7.866905270550851,8.539530118998211,5.820339901615487,7.5823356341448775,7.741810994252316,5.50547479330555,7.222359845717966,8.323104699247267,6.97657291799062,7.308727878541269,8.744861303767822,7.481270177422258,7.149655647450272,8.632496593057384,6.971982925155179,8.26129912719289,8.26634860944896,7.529633554086163,7.110130240377986,7.568257456429543,7.196454564410151,10.422180834337945,8.981583688676118,8.377912666983246,8.397955888588143,7.125615977827897,5.694641299315778,7.636582399985665,6.415165291167685,9.797550161071646,7.316184173340642,6.477462028617261,7.5613460193825945,6.742388157021411,6.949266833910205,5.385597669494306,6.943673229148966,5.761201874237176,7.576299924415266,7.203973847313532,8.488959279217747,7.061955690445283,7.48150348599593,7.502204872671489,6.293927597196557,7.5281807835998125,6.80857632923136,7.377890583203276,7.095829135315792,7.403473082817828,7.403082837849538,7.445177179876401,7.057221801626338,6.823926875628167,6.754747068289208,7.6972994136690325
