feature,qc_mean_intensity,qc_std_intensity,qc_cv_pct,qc_log_sd,qc_detection_rate,Dunn_mean_intensity,Dunn_std_intensity,Dunn_cv_pct,Dunn_log_sd,Dunn_detection_rate,French_mean_intensity,French_std_intensity,French_cv_pct,French_log_sd,French_detection_rate,LMU_mean_intensity,LMU_std_intensity,LMU_cv_pct,LMU_log_sd,LMU_detection_rate,bio_cv_pct_median,bio_cv_pct_max,bio_log_sd_median,bio_detection_rate_median,bio_detection_rate_min,d_ratio_cv,d_ratio_log,mz,mz max,mz min,mz std,rt,rt end,rt max,rt min,rt start,rt std,detection_rate__Dunn,detection_rate__French,detection_rate__LMU,blank_mean_intensity,blank_detection_rate,qc_mean_intensity_cont,bio_mean_intensity,blank_to_qc_ratio,blank_to_bio_ratio,blank_dominant_flag,carryover_spearman_rho,n_blank_contexts,bio_detection_rate_max,passes_mz_500,passes_qc_cv_30,passes_detection_70_any_class,passes_detection_70_all_classes,blank_dominant_veto,potential_carryover_flag,retained_main,retained_high_confidence,exclusion_reason
FT-145,1085.0013862206085,173.3565501749655,15.977541814837615,0.1556454618677374,0.9090909090909091,860.100180918337,165.60026338976036,19.253601738921557,0.19499243586553006,0.9629629629629629,679.7249247934143,196.23195167673936,28.86931823728242,0.71295336553404,1.0,1138.012470849773,491.3327394622425,43.174635783679605,1.0975387745376597,1.0,28.86931823728242,43.174635783679605,0.71295336553404,1.0,0.9629629629629629,0.5534436831349864,0.21831085929603639,1632.0422244647154,1632.143549164095,1631.944909954586,0.0498037752269419,1455.2449080604651,1465.325859832764,1457.0759410058563,1452.9375087822204,1445.226665496828,1.1451980467965952,0.9629629629629629,1.0,1.0,0.0,0.0,1057.5379063408889,881.3136327924005,0.0009446992819149,0.0011333838250182,False,,5,1.0,True,True,True,True,False,False,True,True,retained
FT-015,1948.2048682113164,335.9240659414338,17.242748512883658,0.17935910360191146,0.9090909090909091,2066.3966469167967,570.9602390147946,27.63071842314039,0.8069407118605975,1.0,1411.6876752169676,378.9761476769072,26.845608581137533,0.48398044216786573,1.0,1632.9332523941323,670.5500900217854,41.06414570458746,1.034697073242102,1.0,27.63071842314039,41.06414570458746,0.8069407118605975,1.0,1.0,0.6240427139398252,0.22227048526075174,1685.172273985871,1685.2705514689096,1685.0893153104369,0.0491659417086484,962.883033571473,978.8590223892908,965.5223748060172,960.160472210801,950.0644366637516,1.3022834918697654,1.0,1.0,1.0,0.0,0.0,1659.047450135412,1708.2639694258492,0.0006023924195169,0.0005850471418618,False,,5,1.0,True,True,True,True,False,False,True,True,retained
FT-174,28.534948565135387,6.840222093642689,23.971383996115623,0.2488077418313656,0.9090909090909091,42.781426247569684,85.14422754511979,199.02147967765953,0.9665892576199262,0.37037037037037035,97.2041630102426,23.251326409421583,23.920093223755806,0.23893785005894214,1.0,85.63914429270048,73.76357206909495,86.13300924280983,1.1430564060057398,0.38461538461538464,86.13300924280983,199.02147967765953,0.9665892576199262,0.38461538461538464,0.37037037037037035,0.2783065889238822,0.257407931931724,1210.8304701216448,1210.9006110405176,1210.7634042850927,0.0393243797493412,928.6948296247882,936.6544350710782,933.2542365417872,923.4052741038936,921.7589794505756,2.2293708605911333,0.37037037037037035,1.0,0.38461538461538464,0.0,0.0,37.48465694808375,49.21328013165891,0.025984381291199,0.0199150503089622,False,,5,1.0,True,True,True,False,False,False,True,True,retained
FT-188,84.0586923610034,24.55222090585828,29.20842594173946,0.28582272151155025,1.0,153.37385402380642,282.51253530013986,184.19862831137357,0.5913674936175541,1.0,360.94833375547785,635.3992200826013,176.03605853270082,1.3522059763956265,1.0,204.0093915709096,337.47004082368125,165.41887519250966,0.8827058541398851,1.0,176.03605853270082,184.19862831137357,0.8827058541398851,1.0,1.0,0.16592297160705652,0.32380290690386093,931.123316275561,931.1738081023892,931.07426737904,0.0254915780131796,1102.1879690833632,1107.124431889231,1104.963450062722,1099.1332192776542,1093.916465014947,1.3268034181666346,1.0,1.0,1.0,0.0,0.0,78.81477712077168,238.3543660396056,0.0125290082372447,0.0041779058245151,False,,5,1.0,True,True,True,True,False,False,True,True,retained
FT-028,555.7034288030117,136.73290474117934,24.605373595715037,0.2716816191609109,0.9090909090909091,639.3515506917423,184.40183354408424,28.84200927401707,0.8176455099697597,1.0,573.1177919836174,155.02991656993234,27.050271120245363,0.35067550159509286,0.9615384615384616,413.5039091888864,171.46050287180628,41.465267694357884,0.7372262169052736,0.9615384615384616,28.84200927401707,41.465267694357884,0.7372262169052736,0.9615384615384616,0.9615384615384616,0.8531088580531491,0.3685186621568822,1845.2675702568588,1845.3714278358416,1845.1623419189225,0.0547059411325117,1057.465322843472,1063.011718921446,1060.0061878004767,1054.8746688276972,1047.5546058911905,1.2638959113625776,1.0,0.9615384615384616,0.9615384615384616,0.0,0.0,421.6582446569468,530.7346126327803,0.0023659777435825,0.0018806374011439,False,,5,1.0,True,True,True,True,False,False,True,True,retained
FT-156,2067.210688115104,388.60493586114484,18.79851618876242,0.18430251143014958,0.9090909090909091,1988.40151440123,464.98202001143517,23.38471463855507,0.43148637839489484,1.0,1868.9123200001716,482.22812415002306,25.802608233112764,0.444972533041154,1.0,1538.7698878048118,564.4279108071868,36.680462444738374,1.0449765627870082,0.9615384615384616,25.802608233112764,36.680462444738374,0.444972533041154,1.0,0.9615384615384616,0.728551006120307,0.41418851219992964,1560.001369125993,1560.0914572782103,1559.9171022035998,0.0453103280372081,1419.237135066407,1434.9778151004848,1421.147539593874,1416.8768402638188,1406.173628949106,1.0870526004769543,1.0,1.0,0.9615384615384616,0.0,0.0,1732.6610796448415,1781.617827898203,0.0005768140103859,0.0005609727359111,False,,5,1.0,True,True,True,True,False,False,True,True,retained
FT-217,113.99744515007,25.211088899547768,22.115485892125964,0.23214185646176905,1.0,109.45642950639582,32.71733236158546,29.890735984288348,0.30738318357804045,1.0,112.3975742635556,178.924854739174,159.18924933346145,0.5770913220586236,1.0,163.51959818131456,204.238495617062,124.90153956383706,0.5285792074738542,1.0,124.90153956383706,159.18924933346145,0.5285792074738542,1.0,1.0,0.17706335701989293,0.43918083265364116,1089.0287993120237,1089.0950065180127,1088.970820326633,0.030458456101534,1473.4388815633502,1483.5051296283675,1476.2821695524506,1470.872925663907,1466.9955052957894,1.2981758393010991,1.0,1.0,1.0,0.0,0.0,115.9467520052329,128.2173427878394,0.0085509001562972,0.0077388992717633,False,,5,1.0,True,True,True,True,False,False,True,True,retained
FT-146,261.6091094216664,47.00097804719745,17.9661091125999,0.1758773658218541,0.9090909090909091,261.9596697911767,65.71144256136327,25.084564587268602,0.2872472934526396,0.9629629629629629,194.7691029998359,63.56732097576573,32.63727151622159,0.4567167706769161,1.0,198.96817836037116,49.36386104631966,24.809927624161006,0.338700797787478,0.8846153846153846,25.084564587268602,32.63727151622159,0.338700797787478,0.9629629629629629,0.8846153846153846,0.7162216848570855,0.519270598034465,1633.038705134174,1633.107167277146,1632.9691329723976,0.0425022110452064,1439.0391430336188,1445.0717250636355,1440.7764451317369,1436.86510091518,1430.602291920149,0.996074966973379,0.9629629629629629,1.0,0.8846153846153846,0.0,0.0,214.16382200172248,208.24324297284636,0.0046476214760304,0.0047791268467855,False,,5,1.0,True,True,True,True,False,False,True,True,retained
FT-172,73.04771150881156,18.844066246113535,25.79692896175183,0.2557618923329953,0.8181818181818182,172.0618625851469,224.13242358192284,130.26269750567658,1.5112433042831999,0.6666666666666666,189.97026294726518,38.22021388502828,20.11905089358013,0.20230135916244532,1.0,22.948212248870828,10.210735726801877,44.49468924231472,0.4072489990891061,0.2692307692307692,44.49468924231472,130.26269750567658,0.4072489990891061,0.6666666666666666,0.2692307692307692,0.5797754608704806,0.6280233785842517,886.6352611425967,886.6797677782474,886.5887702166918,0.0241624875229154,674.1885161473726,683.2720027250376,679.4295417213385,668.2875055110654,665.7916876848988,2.238306369755907,0.6666666666666666,1.0,0.2692307692307692,0.0,0.0,44.86338354956652,104.85633871737188,0.0218038862945917,0.0094467654192152,False,,5,1.0,True,True,True,False,False,False,True,True,retained
FT-089,2103.1511880187813,232.5006999647917,11.054873339078059,0.10944766949141685,1.0,2038.935859110151,319.7756490021742,15.683457994688135,0.1873448944478679,1.0,1983.580024250205,138.7781667026422,6.996348269594038,0.0712517773303911,1.0,1989.8190370672141,284.7717931253494,14.311441785433582,0.16815920930720862,1.0,14.311441785433582,15.683457994688135,0.16815920930720862,1.0,1.0,0.7724500092177916,0.6508574222150857,1233.2816716646137,1233.3544547572506,1233.2180624334412,0.0354944446073147,1299.4896330327,1318.851755163174,1301.5338470303554,1296.9599185364402,1284.7912920438337,1.2163430138721094,1.0,1.0,1.0,0.0,0.0,2032.678384664808,2004.552453040848,0.0004917198351227,0.0004986157297874,False,,5,1.0,True,True,True,True,False,False,True,True,retained
FT-079,71.47372902399326,20.764956361815123,29.052571686646527,0.28669719679724565,1.0,89.28751929112467,24.88581714288769,27.871551747055182,0.31387457053121043,1.0,62.65457214130426,23.916145705811246,38.17142929629045,0.41628193334548497,1.0,80.95084998642987,161.69266039604543,199.74176975677295,0.8223924024236376,0.9615384615384616,38.17142929629045,199.74176975677295,0.41628193334548497,1.0,0.9615384615384616,0.7611077767389207,0.6887091988191257,1077.2093617269695,1077.2780627278853,1077.1457095383691,0.033821129808481,1186.4594094558372,1193.3994246262791,1189.5073639083237,1183.6673357354396,1179.0351316011868,1.4609631651882211,1.0,1.0,0.9615384615384616,2.55112722212645,0.3333333333333333,85.72907572772174,76.87344777391537,0.0409450601465522,0.04560125849874,False,0.3535533905932737,5,1.0,True,True,True,True,False,False,True,True,retained
FT-002,1375.0627606749038,288.0754338021132,20.949984396401003,0.24494092417141836,1.0,1439.636430766677,450.079252450003,31.263396982133454,0.43985395738291505,1.0,1606.1515481488566,344.3016937438306,21.436438805581563,0.21465792447493906,1.0,1593.6030149750613,493.28334676682425,30.953966711373457,0.3413215147327254,1.0,30.953966711373457,31.263396982133454,0.3413215147327254,1.0,1.0,0.6768109752054273,0.7176252114175146,889.6499309783783,889.7022159640214,889.6015469549808,0.0255523760494532,609.0997423566134,627.7172511456954,611.7465009922388,606.4265533909693,596.7890463679698,1.324647395195849,1.0,1.0,1.0,0.0,0.0,1466.5399815071848,1545.1114211635718,0.000681412440275,0.0006467839162894,False,,5,1.0,True,True,True,True,False,False,True,True,retained
FT-006,14237.665886413428,2793.4597523051384,19.62020863947125,0.23333716530172546,1.0,14353.00281365266,4482.013535674623,31.2270093851811,0.4300291955618134,1.0,16234.006148135048,3248.81288554222,20.012391617305394,0.2028509278892641,1.0,16153.435788884508,4743.407375695724,29.36469638836683,0.32425750651606167,1.0,29.36469638836683,31.2270093851811,0.32425750651606167,1.0,1.0,0.6681563595952597,0.7196045137359601,887.6403722304062,887.6915980212889,887.5931182401197,0.0264112827320949,609.3874587233016,637.95713424683,612.0491366757302,606.703800297612,594.2041830964115,1.275730582215387,1.0,1.0,1.0,0.0,0.0,15002.78195670832,15564.614763685193,6.664986220710114e-05,6.424416993365496e-05,False,,5,1.0,True,True,True,True,False,False,True,True,retained
FT-005,30133.94500837972,5345.247283314719,17.73829242015375,0.2121248988977114,1.0,30292.07643437917,8830.42094827246,29.150926538170932,0.4041830115391308,1.0,33741.45757326203,5823.609372125243,17.25950741600471,0.1775964155562451,1.0,33604.26137529538,8872.61190006485,26.40323440225254,0.2891473850239668,1.0,26.40323440225254,29.150926538170932,0.2891473850239668,1.0,1.0,0.6718227073968045,0.7336220553408388,886.6324598613013,886.683374655879,886.5806672354295,0.0260289685536768,609.4612894305731,638.0671635917994,612.0676440481267,606.7118780336342,593.3752149084339,1.2871308303822482,1.0,1.0,1.0,0.0,0.0,31389.31168830916,32517.40197962949,3.185696306330194e-05,3.0751818635689115e-05,False,,5,1.0,True,True,True,True,False,False,True,True,retained
FT-051,130.10013630036502,20.627778593957842,15.855308980102864,0.15470617373565587,1.0,142.9059654289295,29.160715138683127,20.405526844983555,0.20884716129778402,1.0,110.27678130247513,19.12185369597076,17.339872881782753,0.16354172943017536,1.0,99.34108019766782,27.14648683125351,27.326546859806356,0.2569963402982306,1.0,20.405526844983555,27.326546859806356,0.20884716129778402,1.0,1.0,0.7770105178147211,0.7407626360555056,1069.2050570468462,1069.267470109953,1069.1500824304103,0.0309242309640597,1157.7638325982018,1163.3854165077216,1160.088364981479,1155.2213391757566,1149.20816373825,1.1956236333629695,1.0,1.0,1.0,0.0,0.0,112.01591078476524,117.82943627322548,0.008848311649715,0.0084154232432836,False,,5,1.0,True,True,True,True,False,False,True,True,retained
FT-004,4927.071786112868,1017.7322477937986,20.655924897670747,0.2500675052057238,1.0,4984.858382333048,1549.4631335959764,31.083393243175465,0.44899996491227245,1.0,5633.607046559093,1219.6645374404723,21.64979785349817,0.2186352319383048,1.0,5642.504715364699,1733.473738644778,30.721706513146195,0.33667046735737677,1.0,30.721706513146195,31.083393243175465,0.33667046735737677,1.0,1.0,0.6723560388428235,0.7427663827141582,888.6453654740943,888.696941107057,888.6002022302245,0.0261611624589508,609.2556518766722,632.996441523236,612.0087323125949,606.7788089451603,595.4616877237953,1.2546838991479563,1.0,1.0,1.0,0.0,0.0,5192.6804661605365,5414.811166240645,0.0001925416872515,0.0001846445471056,False,,5,1.0,True,True,True,True,False,False,True,True,retained
FT-168,4272.505543503742,647.1068858692253,15.14584075503748,0.15490918456199929,1.0,4228.6050966851,811.5313554095404,19.191467087946293,0.2069617323617849,1.0,4544.164145292001,573.1416536814055,12.612696974760718,0.12384637248116254,1.0,4226.153285283751,1065.088414705093,25.20231384919067,0.5655774027785154,1.0,19.191467087946293,25.20231384919067,0.2069617323617849,1.0,1.0,0.7891966093905465,0.7484919206764573,1336.3262451050714,1336.405389862383,1336.2566589899025,0.0391003658010661,1551.2877356272045,1571.0304137199175,1553.9989897891342,1548.747391469725,1537.806266046342,1.2870543607151437,1.0,1.0,1.0,0.0,0.0,4360.541664934453,4331.653048170472,0.0002292767275479,0.0002308054646614,False,,5,1.0,True,True,True,True,False,False,True,True,retained
FT-040,886.5293864385967,118.68696932945446,13.387821221160955,0.14142913887199393,1.0,951.0122073465504,173.75886699485983,18.270939705355623,0.18831046072111868,1.0,753.6994522024642,116.15019627125176,15.410678080213152,0.150496224795471,1.0,789.8296231670555,152.89654677833602,19.358168178758866,0.19919749777504636,1.0,18.270939705355623,19.358168178758866,0.18831046072111868,1.0,1.0,0.7327385146608898,0.7510423920710684,1024.6859401518484,1024.745883352035,1024.635571164931,0.0299810881909713,1107.6170160866384,1125.2454211495194,1110.1572639572094,1104.5491052697555,1102.7951743386006,1.4042236421118546,1.0,1.0,1.0,0.0,0.0,780.9964350724675,833.0263994679034,0.0012787782081223,0.0011990028141051,False,,5,1.0,True,True,True,True,False,False,True,True,retained
FT-245,102.27264637167883,23.94401701317341,23.41194626582377,0.23756329123363698,1.0,98.14780253491524,28.042501259829134,28.571705667942236,0.2995754866079673,1.0,72.38617095643076,25.493013967975468,35.21807222448569,0.36243324309929353,1.0,121.74430209413163,37.588003177106906,30.874548155891677,0.31529674118057377,1.0,30.874548155891677,35.21807222448569,0.31529674118057377,1.0,1.0,0.7582927577631983,0.753459393028049,1083.02130840629,1083.085385012217,1082.9524375265098,0.0367501395346961,1473.1330249701502,1482.318571374777,1476.1689162150667,1469.9701177376287,1466.9295087773758,1.491661240294952,1.0,1.0,1.0,0.0,0.0,88.51679395190241,97.43522743996624,0.011171088193097,0.010158964691882,False,,5,1.0,True,True,True,True,False,False,True,True,retained
FT-243,191.9783482780277,33.9596297754927,17.68930198644669,0.18579019150268766,1.0,203.45385559039389,41.27843794233053,20.28884526299412,0.20683192917787016,1.0,170.64969018079324,41.52366171149954,24.332690945707363,0.24480925266499842,1.0,176.92273689744272,46.469376127861416,26.26535002948685,0.2454882273931065,1.0,24.332690945707363,26.26535002948685,0.24480925266499842,1.0,1.0,0.7269768076994105,0.758918176009166,1083.0184165320716,1083.081155245212,1082.9536937910798,0.0367099381181748,1438.918439562102,1444.8087708493492,1440.6161703055536,1436.2722954248684,1431.0281680492635,1.1621010653959112,1.0,1.0,1.0,0.0,0.0,161.443969675892,183.92578740474397,0.0061559687441472,0.0054075746494528,False,,5,1.0,True,True,True,True,False,False,True,True,retained
FT-238,77.6716780384699,14.379820606504387,18.513595907355345,0.2083849271706473,1.0,60.38118484345158,16.487280292249793,27.305327537039645,0.2921114397875644,1.0,53.77688656031649,12.374878358330772,23.011518795256084,0.2619713772785836,1.0,93.97777325423417,22.833771100379494,24.296990990208123,0.2506508361585895,1.0,24.296990990208123,27.305327537039645,0.2619713772785836,1.0,1.0,0.7619707277669268,0.7954492179084443,1083.34221048445,1083.4156648006433,1083.2876061219467,0.0332555834962821,1423.037280138564,1429.8039524371825,1425.2939780948373,1420.203550145215,1414.9106421837485,1.413257598599415,1.0,1.0,1.0,0.0,0.0,74.77722454767705,69.2647233664748,0.0131965772825425,0.0142318926495215,False,,5,1.0,True,True,True,True,False,False,True,True,retained
FT-110,3057.572263320515,912.4749291047112,29.843119001667223,0.46777113043224944,1.0,3226.9030056594324,793.9168322069155,24.603058437595493,0.653333578222849,1.0,2825.3568334846327,355.54610274710154,12.58411321831485,0.12015801757686403,1.0,2853.9472494059855,850.404097986457,29.797470789393824,0.5732015101014872,1.0,24.603058437595493,29.797470789393824,0.5732015101014872,1.0,1.0,1.2129841124168728,0.8160675123647686,1397.397689304656,1397.4807202889865,1397.32751164411,0.0396415334606327,1341.878177208506,1358.4040985107413,1343.935126354734,1339.536640575101,1327.251101175941,1.0627275704614252,1.0,1.0,1.0,0.0,0.0,2824.110301241298,2972.0036368096294,0.0003539684802963,0.0003363601670777,False,,5,1.0,True,True,True,True,False,False,True,True,retained
FT-202,180.79833832393186,36.35545102564704,20.10828825235655,0.21988760898972223,1.0,170.54677305128698,45.58314942362598,26.727652835693455,0.2761820550416628,1.0,206.5152695907976,54.47476663338082,26.378081747330626,0.2620040403370905,1.0,153.77264659607332,40.78064140551163,26.520088135462313,0.23066235851324282,1.0,26.520088135462313,26.727652835693455,0.2620040403370905,1.0,1.0,0.7582285605404159,0.8392527409379569,1033.9870057402484,1034.0472286109705,1033.928817254043,0.0317203756271548,1386.1519996372765,1394.7988818241977,1389.2728290402838,1383.1683020518017,1377.1626443129362,1.4789205614544831,1.0,1.0,1.0,0.8118030693812693,0.1666666666666666,157.84461632562994,176.86390750941004,0.0114061345690627,0.0101864571331618,False,0.0,5,1.0,True,True,True,True,False,False,True,True,retained
FT-060,400.7886016215288,69.83598077931343,17.424642441618307,0.1793481241270795,1.0,429.4710455346248,94.39164729852023,21.978582323522478,0.2548115972073745,1.0,356.3431608640206,54.006261886152025,15.155689183202997,0.15315736229536206,1.0,398.06766440561483,83.15382079225036,20.889368373191946,0.21144502276670624,1.0,20.889368373191946,21.978582323522478,0.21144502276670624,1.0,1.0,0.8341392678957186,0.8482021557204483,1251.815294797806,1251.8928041654049,1251.7555207167077,0.038755507110193,1252.0156980757831,1259.4881563062756,1254.194200130937,1249.5033644892535,1243.0116841700158,1.2070818965472034,1.0,1.0,1.0,0.0,0.0,369.7445069546533,395.068350461334,0.0026972752967107,0.0025248167363921,False,,5,1.0,True,True,True,True,False,False,True,True,retained
FT-069,924.0848528841284,133.00049018131477,14.39267073431749,0.14839400053324545,1.0,963.5270914734795,167.26846340223193,17.36001663912072,0.17788949017574895,1.0,880.6997002504892,111.29518142855169,12.637131748415156,0.12381388931197862,1.0,864.6323305632338,151.8128953212514,17.55808682545543,0.17444343436628443,1.0,17.36001663912072,17.55808682545543,0.17444343436628443,1.0,1.0,0.8290701001912447,0.8506711706997114,1150.7568385346326,1150.8215253510546,1150.6976302094158,0.0348052353991313,1199.4452906242605,1210.6137862572284,1201.2154408063195,1197.1823084180112,1184.9031991225047,1.0329515176038833,1.0,1.0,1.0,0.0,0.0,837.8789706795819,903.719800897984,0.0011920670739783,0.0011053145946484,False,,5,1.0,True,True,True,True,False,False,True,True,retained
FT-095,2754.065463448269,524.5629975517419,19.046860160504497,0.1818524673668541,1.0,2754.034399961064,519.7633846100945,18.872799287381554,0.22344427542434617,1.0,2421.396406298692,255.86849521679514,10.566980877282775,0.10522228961238901,1.0,2458.75815225543,430.6424203795125,17.514631115080686,0.20628180981171867,1.0,17.514631115080686,18.872799287381554,0.20628180981171867,1.0,1.0,1.0874828042541251,0.8815729682265141,1296.8385481999308,1296.9145054717983,1296.7740241235522,0.036768193553219,1325.9004245551305,1343.095463462498,1328.046641465988,1323.3579718833523,1306.2086665112035,1.192316158113339,1.0,1.0,1.0,0.0,0.0,2506.461190989754,2547.379080017163,0.0003988097616798,0.0003924062977291,False,,5,1.0,True,True,True,True,False,False,True,True,retained
FT-225,67.83135853454345,19.44863422762497,28.672039964702545,0.308022619944372,1.0,80.73975326922363,26.92942968746948,33.35337129118332,0.3466794905088786,1.0,65.78898030292068,17.277471594322904,26.26195377215153,0.2715956800775632,1.0,69.38107808751514,81.67884672190607,117.7249604263556,0.7119806126003634,1.0,33.35337129118332,117.7249604263556,0.3466794905088786,1.0,1.0,0.8596444333734189,0.88849392126496,1077.7143327045933,1077.774000301872,1077.655267159494,0.0311261598865204,1186.9637374633428,1193.886183441663,1190.5084643354585,1183.6865880769894,1179.1995339315472,1.6444793093376109,1.0,1.0,1.0,0.0,0.0,56.88954332566981,72.08094754962491,0.0172742768823428,0.0136834569546455,False,,5,1.0,True,True,True,True,False,False,True,True,retained
FT-066,1444.0545926452266,195.26008462013652,13.521655317923825,0.1386496435118967,1.0,1467.200533485155,234.80167129530037,16.003379629201593,0.1634155737458739,1.0,1370.4015117600438,165.70220828686985,12.091507989804683,0.1191002032664035,1.0,1356.8324626653,217.7398718523021,16.047660845656935,0.15578423191971302,1.0,16.003379629201593,16.047660845656935,0.15578423191971302,1.0,1.0,0.8449249865478833,0.8900107655526587,1150.2523051364865,1150.3219915217664,1150.1924882958133,0.0327477740464124,1199.6136168612857,1211.804089112715,1201.579446951864,1197.0687593819969,1184.1168776425466,1.0672118534282304,1.0,1.0,1.0,0.0,0.0,1313.9452043548083,1399.0189587235209,0.0007604879630635,0.0007142760415985,False,,5,1.0,True,True,True,True,False,False,True,True,retained
FT-159,1069.713385107761,298.8936910512389,27.94147434372141,0.270728387483183,1.0,1004.2222939698863,301.79672512746885,30.052780837438654,0.5499986215498742,1.0,1047.5708897310249,202.59123229530567,19.339142990821667,0.20221278465125633,1.0,933.4698175111224,254.90342394134504,27.307087937881594,0.3032184463030614,1.0,27.307087937881594,30.052780837438654,0.3032184463030614,1.0,1.0,1.0232315656390356,0.8928493328291606,1343.8406591266526,1343.9145274628254,1343.7677461186618,0.0377960318667136,1551.4018781172863,1565.4921889631703,1553.8324037844404,1548.6513125167294,1538.0750452329032,1.2893645633100164,1.0,1.0,1.0,0.0,0.0,1213.416491655562,995.2032952592753,0.0008234407280131,0.0010038111746455,False,,5,1.0,True,True,True,True,False,False,True,True,retained
FT-206,198.7698817395667,36.364019776469185,18.29453207811143,0.20182592068289873,1.0,188.6426636835975,40.62467727436547,21.53525426385176,0.21941381640744262,1.0,217.8586346343642,49.0157388128015,22.498873590695837,0.22490055207517734,1.0,168.16508787552533,44.587460351738784,26.514100468191188,0.26763242655107533,1.0,22.498873590695837,26.514100468191188,0.22490055207517734,1.0,1.0,0.8131310220648973,0.8974007347720273,1034.6560763743712,1034.7123139359592,1034.6014150768017,0.0298462974025474,1386.0386461317642,1395.2626547813416,1388.8838369044424,1383.0236739106767,1376.8958172798157,1.443510211018104,1.0,1.0,1.0,0.0,0.0,164.53404527072766,191.51859119891463,0.0060410533577217,0.005194303541141,False,,5,1.0,True,True,True,True,False,False,True,True,retained
FT-043,3673.4484500965063,515.6823455472766,14.038099419463173,0.14437538917049136,1.0,3876.9053153964496,617.4300280197714,15.925847494076173,0.1593609127292718,1.0,4275.790561019544,477.8174094852651,11.174948881764957,0.108745086451523,1.0,2479.727802149605,391.10122052108386,15.77194158899414,0.1613811788650551,1.0,15.77194158899414,15.925847494076173,0.1593609127292718,1.0,1.0,0.8900679310947446,0.9059648736811743,1005.172041771252,1005.2308196005796,1005.1142487241556,0.029859711948434,1156.3855354906916,1177.111414619113,1158.8826604052406,1153.7486667864507,1140.2857042395556,1.3065927903911043,1.0,1.0,1.0,0.0,0.0,3118.8095264918284,3548.3534298493914,0.0003205323887591,0.0002817414551028,False,,5,1.0,True,True,True,True,False,False,True,True,retained
FT-038,483.19473611175033,85.39446478785928,17.6728880523462,0.1817703839288994,1.0,639.112857653513,507.7790029695238,79.450600451667,0.3907956941146937,1.0,413.86352127777786,61.064671389588604,14.754784669365213,0.1478343687389213,1.0,438.18500502963366,85.02436825023963,19.403760346497844,0.19852343838383932,1.0,19.403760346497844,79.450600451667,0.19852343838383932,1.0,1.0,0.9107970690606861,0.9156117051400835,1025.690862799387,1025.7477618544551,1025.6366460844254,0.030538553488754,1107.23462155222,1121.1202767189984,1109.9813621005935,1104.387069581245,1102.96307424481,1.4209852699776997,1.0,1.0,1.0,0.0,0.0,423.7966793550052,498.8520106409816,0.002354067365871,0.0020005921326947,False,,5,1.0,True,True,True,True,False,False,True,True,retained
FT-115,139.8000252545429,30.149390976812633,21.56608407038389,0.22385160184138705,1.0,129.58792378319725,31.86225846519408,24.587367043938574,0.24400077283519925,1.0,94.63121562935763,25.29950592898983,26.73484194484036,0.25860736912001187,1.0,177.61194427190546,34.084432892518635,19.190394560592672,0.19428187386171553,1.0,24.587367043938574,26.73484194484036,0.24400077283519925,1.0,1.0,0.8771205160700805,0.9174216919082417,1151.2577144686827,1151.3262326936172,1151.1904885859722,0.0345722197950819,1279.5426959634483,1288.5432278668477,1281.9849407416823,1276.8114177037737,1271.368124220108,1.3332454669452618,1.0,1.0,1.0,0.0,0.0,133.8988169299706,133.8885582225211,0.0074129634548175,0.0074135272344621,False,,5,1.0,True,True,True,True,False,False,True,True,retained
FT-158,984.5967368662833,143.59764913315124,14.584412456025948,0.15345636179525998,1.0,988.1466796263403,203.06819794960268,20.550410393160586,0.20066332385806415,1.0,1066.708522918447,175.02912508890694,16.408336610083357,0.1619257321850824,1.0,1052.9436143684175,179.121852018199,17.01153315086496,0.16591747582781363,1.0,17.01153315086496,20.550410393160586,0.16591747582781363,1.0,1.0,0.8573249880939977,0.9248957111336145,1256.286883804324,1256.3617691443733,1256.218970839692,0.0384284633284264,1499.1705919535325,1512.5175795444216,1501.7481985790696,1496.5087130770617,1486.488871019942,1.2082867332128768,1.0,1.0,1.0,0.0,0.0,994.754597744716,1035.3280496122743,0.0010042635025385,0.0009649454150875,False,,5,1.0,True,True,True,True,False,False,True,True,retained
FT-046,6610.777976966396,882.4985701415895,13.349390543993996,0.13698114873580447,1.0,6917.041036523019,1029.6813517947776,14.88615357864591,0.14775407658157283,1.0,7712.581031773899,751.1978769822063,9.739902555155783,0.09684001659269682,1.0,4497.696904549683,660.8527451943933,14.693136492276794,0.14963272383291795,1.0,14.693136492276794,14.88615357864591,0.14775407658157283,1.0,1.0,0.9085460106499986,0.9270887944684166,1004.1671268211272,1004.2261217749128,1004.1153691754812,0.0293680548858246,1156.358765017695,1178.0238250061675,1158.835709078045,1153.6774251130128,1138.0932935777616,1.2480085387190163,1.0,1.0,1.0,0.0,0.0,5583.736964527925,6382.624485196641,0.0001790594626661,0.0001566508184055,False,,5,1.0,True,True,True,True,False,False,True,True,retained
FT-161,2252.563161035589,320.3131827392607,14.21994234301517,0.15300226476552495,1.0,2289.2257960955617,420.4224160972272,18.365266406410747,0.17124685018169145,1.0,2404.156180008782,392.6592100237592,16.332516717874995,0.1649602797032179,1.0,2394.185734845982,383.955309576996,16.03698927734593,0.15959729489675437,1.0,16.332516717874995,18.365266406410747,0.1649602797032179,1.0,1.0,0.8706522447610456,0.9275097316808218,1255.783773964013,1255.857464327852,1255.718137993478,0.0376269232141806,1499.2176641397284,1516.2742759870457,1501.9539524350391,1496.516673083489,1484.1305376135774,1.3130847980307403,1.0,1.0,1.0,0.0,0.0,2261.558763434563,2361.594763048152,0.0004419774708887,0.0004232634456151,False,,5,1.0,True,True,True,True,False,False,True,True,retained
FT-063,1353.3149118790946,183.8754122947832,13.587038070796833,0.1470859695382142,1.0,1403.740408274534,220.23408296643822,15.689089070047368,0.15844014845996326,1.0,1292.5027699691805,162.33883923725097,12.560038013777092,0.12666216545658773,1.0,1273.2629893831324,228.5484794232739,17.949825081619668,0.17467946867666256,1.0,15.689089070047368,17.949825081619668,0.15844014845996326,1.0,1.0,0.8660182888971139,0.9283377412094626,1149.7527620467906,1149.8187882192658,1149.690158497745,0.032753424332895,1199.627733531914,1211.340092005355,1201.7405156059112,1197.2342172171689,1184.739180146977,1.1315627824245194,1.0,1.0,1.0,0.0,0.0,1224.2201682630816,1324.1886172983866,0.0008161798392672,0.0007546095604402,False,,5,1.0,True,True,True,True,False,False,True,True,retained
FT-101,45626.17676693369,4279.033789591016,9.378462305638827,0.09102140528646145,1.0,45557.49099681806,4420.148442554461,9.702352666575042,0.09737031856704914,1.0,43120.127373938994,2960.1820920723767,6.8649660201640685,0.06866352877885512,1.0,44610.31605518913,4225.289315579831,9.471552074082068,0.09736926272243067,1.0,9.471552074082068,9.702352666575042,0.09736926272243067,1.0,1.0,0.9901716458173765,0.9348063520408388,1222.7800653728018,1222.853415898867,1222.7169146828526,0.0354924396049877,1300.021420828775,1340.6451712215658,1302.407113605227,1297.540546705481,1283.5628868551817,1.204843434452595,1.0,1.0,1.0,0.0,0.0,43239.0845382071,44443.59222875214,2.3126689290267146e-05,2.2499925184443003e-05,False,,5,1.0,True,True,True,True,False,False,True,True,retained
FT-200,128.16086591180053,38.031503265032036,29.67481765549639,0.28635423227854145,1.0,112.08920837006771,35.737109706901926,31.882738959948938,0.30571548885347327,1.0,132.16427975693648,30.004812585437374,22.702664169637416,0.2281400024537738,1.0,84.36630293131853,23.53272136508822,27.893507890521047,0.3063415606593952,1.0,27.893507890521047,31.882738959948938,0.30571548885347327,1.0,1.0,1.0638610881057624,0.9366690361435646,1039.6606356714726,1039.7152117448236,1039.609987920612,0.0285971293977563,1386.5689310879638,1396.528175354006,1389.322205274966,1383.8648933908498,1377.2603266789347,1.358794537316638,1.0,1.0,1.0,0.0,0.0,118.20702815776716,109.5721996947653,0.0083887671344052,0.0090438645768149,False,,5,1.0,True,True,True,True,False,False,True,True,retained
FT-105,43569.556183615,4508.197218448666,10.347126786074636,0.10267746226818937,1.0,43079.30368149134,4733.557043407208,10.988007323435314,0.10869063121957741,1.0,41117.41663917922,3427.6542600338134,8.336258792989762,0.08356090549491953,1.0,42261.01480804069,4771.840521568528,11.291353374364842,0.11245542879962815,1.0,10.988007323435314,11.291353374364842,0.10869063121957741,1.0,1.0,0.9416745440282149,0.9446762900912756,1222.2792600253013,1222.3523829534292,1222.2154645351295,0.0356384043734069,1300.11549170832,1340.2901754940272,1302.463122605168,1297.468351311746,1283.18202748018,1.2617595384120577,1.0,1.0,1.0,0.0,0.0,41415.38659143461,42164.30907630359,2.4145032493172924e-05,2.3716178581553155e-05,False,,5,1.0,True,True,True,True,False,False,True,True,retained
FT-155,1038.9695002714582,163.279629059216,15.71553630944459,0.15641040664250366,1.0,1009.7221976645932,157.85608072607192,15.633614977582987,0.16427655675620917,1.0,1030.8070125145923,135.40441370882255,13.135767613620665,0.13873927886818127,1.0,997.7027006819925,143.62022611258183,14.395092447320067,0.1670527753153103,1.0,14.395092447320067,15.633614977582987,0.16427655675620917,1.0,1.0,1.0917287517920977,0.9521164171624373,1266.2831822007336,1266.3496637437588,1266.2194012278928,0.0351803559518064,1499.1248349190344,1514.2912847345538,1501.8993996529623,1496.2190622803143,1483.236571225258,1.3516557316872444,1.0,1.0,1.0,0.0,0.0,1087.7698336030307,1012.7057200006992,0.000918467768978,0.0009864795869942,False,,5,1.0,True,True,True,True,False,False,True,True,retained
FT-072,135.20509259487687,28.80662512848012,21.305872859978095,0.22548937564979504,1.0,145.40447430488308,33.238896509614065,22.859610523345367,0.23669346321251955,1.0,111.04914744010998,21.10003677121711,19.000629232742728,0.1875858058867834,1.0,130.78801710461696,39.40299930055532,30.127377242088606,0.2933388740004765,1.0,22.859610523345367,30.127377242088606,0.23669346321251955,1.0,1.0,0.9320313151538379,0.9526641445409724,1252.819559504331,1252.8923288346316,1252.7474352137208,0.0360234419531445,1252.123154423304,1259.34100136828,1254.3494914890537,1249.7181801223417,1244.226415264071,1.2333870429369769,1.0,1.0,1.0,0.0,0.0,122.3648908550372,129.28717828347777,0.0081060340026164,0.0076753523499005,False,,5,1.0,True,True,True,True,False,False,True,True,retained
FT-186,72.66245175596532,20.486493447601248,28.194057525617943,0.2811623787610746,1.0,79.08902165136585,17.924290219155072,22.663436523677774,0.24374598405349432,1.0,303.63529508360534,525.693109301528,173.13307043464084,1.3586506177174884,1.0,69.20358692577742,18.98562056384173,27.434445824613523,0.2884858520977447,1.0,27.434445824613523,173.13307043464084,0.2884858520977447,1.0,1.0,1.0276882465882695,0.974614098807907,931.6243046494036,931.6784901191336,931.5809314937704,0.0274414767123745,1102.186769188893,1106.829634834741,1104.5947650644134,1099.0703438301748,1094.5528271619044,1.4732397071044796,1.0,1.0,1.0,0.0,0.0,69.87107009203004,149.73689261811177,0.014110129827325,0.0066340759891705,False,,5,1.0,True,True,True,True,False,False,True,True,retained
FT-076,23152.514526849813,3135.561951005438,13.543073031523846,0.13718975186993962,1.0,24068.696871680317,3404.7506715331688,14.145970135754473,0.14033717898327255,1.0,22539.69817974451,2140.6167695095387,9.497095979010144,0.09304473711337702,1.0,20273.604282270328,2976.373678783881,14.681028776845464,0.1430870654367492,1.0,14.145970135754473,14.681028776845464,0.14033717898327255,1.0,1.0,0.9573802928717642,0.9775723928887862,1076.70024884105,1076.7625959678255,1076.6463274354337,0.0309426276442148,1212.7298144435597,1251.1490926434903,1215.2321951852618,1209.9909453942582,1194.3964262931574,1.275060245925924,1.0,1.0,1.0,0.0,0.0,20958.55093644241,22316.46429807284,4.771094586102501e-05,4.480795786850893e-05,False,,5,1.0,True,True,True,True,False,False,True,True,retained
FT-056,2788.1660946357697,462.43854148291064,16.585760165888576,0.16815449432720508,1.0,2975.833522177238,518.5589672499494,17.425671274465348,0.17187378942963483,1.0,2432.6862108110627,308.0027308638646,12.661013553456852,0.1276400845836562,1.0,2496.4985602396814,487.78693280579375,19.538842944854846,0.18819142098216313,1.0,17.425671274465348,19.538842944854846,0.17187378942963483,1.0,1.0,0.9518003584856135,0.9783603124433792,1178.2689676482953,1178.3381296315554,1178.209676243099,0.0346187918603327,1244.9133772041282,1263.400026280825,1247.491725418386,1242.276386378739,1231.3467261131775,1.2773380949643511,1.0,1.0,1.0,0.0,0.0,2542.598814284542,2639.320368938036,0.0003931437593004,0.0003787419177477,False,,5,1.0,True,True,True,True,False,False,True,True,retained
FT-133,1351.542551822656,286.5416417756065,21.20108178534103,0.20535195916974158,1.0,1097.3934043636864,239.03633427878904,21.782191630483883,0.20921588092273716,1.0,928.0793216650783,169.53446132105458,18.26723830209801,0.1843039852101316,1.0,1659.7731732869022,357.42945752525014,21.534837607805233,0.21609546552606793,1.0,21.534837607805233,21.782191630483883,0.20921588092273716,1.0,1.0,0.9845015862881068,0.981531412740018,1088.3554957275571,1088.4199453175788,1088.2934665530554,0.0305335130841398,1455.6188085752144,1466.7822506003197,1457.4629416105597,1453.362926730289,1444.7626845477362,1.0102804559737495,1.0,1.0,1.0,0.0,0.0,1439.6278977590514,1226.756794766722,0.00069414177079,0.0008144935578955,False,,5,1.0,True,True,True,True,False,False,True,True,retained
FT-203,1928.6212154045788,362.16833018737447,18.778613824975483,0.20761943675051248,1.0,1936.3164448047266,402.9926658578325,20.81233503640844,0.19768356451324798,1.0,1982.8918837503913,439.9229907367873,22.18592926532778,0.21138949805861512,1.0,1778.4510582875105,430.1917640905181,24.18912581742645,0.22602942797277423,1.0,22.18592926532778,24.18912581742645,0.21138949805861512,1.0,1.0,0.8464199808985574,0.9821653329861388,1033.9851251097311,1034.0431134347784,1033.93021982602,0.0303773301958856,1419.5994173936797,1436.3402098797728,1421.5891002033584,1417.1693973731028,1406.504333983076,1.2292331845144575,1.0,1.0,1.0,0.0,0.0,1680.5062875592694,1899.6893734520645,0.000594704882996,0.0005261248965599,False,,5,1.0,True,True,True,True,False,False,True,True,retained
FT-023,1724.8333027315362,323.5220148815151,18.756711988872706,0.19395800260980167,1.0,1770.0987940056827,323.50770533601474,18.276251383908697,0.19702871520909576,1.0,1824.9613909279733,227.3149329952592,12.455876279096074,0.12393431623332725,1.0,1699.825069969328,399.2304388201249,23.486560227478506,0.34105459582002046,1.0,18.276251383908697,23.486560227478506,0.19702871520909576,1.0,1.0,1.0262887938489962,0.9844148981226655,1373.9225103480585,1374.0029575632857,1373.8540674237456,0.0405870910542427,980.4212867734888,997.417253063569,983.3517791601566,977.5795583957146,968.2150490053244,1.401590404635891,1.0,1.0,1.0,0.0,0.0,1768.6488499031534,1765.02677748713,0.0005650838583342,0.0005662428298074,False,,5,1.0,True,True,True,True,False,False,True,True,retained
FT-050,6227.326577897577,889.3394364031454,14.281239714641679,0.1481178661026975,1.0,6581.1352570758845,976.5986958541667,14.839365211407111,0.15043863148764797,1.0,7323.356623935527,729.2654193675152,9.958076013722959,0.10005322542496986,1.0,4250.654481007634,631.9083081377187,14.866141460359827,0.1510288355989158,1.0,14.839365211407111,14.866141460359827,0.15043863148764797,1.0,1.0,0.9623888563416177,0.9845733415546192,1004.669623849698,1004.7279192531678,1004.6184698161242,0.0294407585087183,1156.3925786840523,1179.3259458956536,1158.8210746310124,1153.76426801242,1138.7118691983476,1.295796204185867,1.0,1.0,1.0,0.0,0.0,5273.683060561079,6058.416970500901,0.0001895848506002,0.0001650323793309,False,,5,1.0,True,True,True,True,False,False,True,True,retained
FT-018,2618.2826099031004,542.1395654625433,20.705922401654234,0.21828206548255671,1.0,2700.190045656604,651.514564657568,24.12847072396119,0.5172835306293211,1.0,2803.7602110732228,356.7108877011631,12.722588982194784,0.1269841623967162,1.0,2635.671107355181,530.3400228677482,20.121631313852696,0.2202243373097747,1.0,20.121631313852696,24.12847072396119,0.2202243373097747,1.0,1.0,1.0290379581400682,0.9911804850865056,1372.9191123009864,1372.997683690058,1372.8485441828032,0.0401136096641405,980.422438027575,998.3599555885412,983.254920699392,977.8447214040514,967.5379132700484,1.3146068155169774,1.0,1.0,1.0,0.0,0.0,2719.6012785888224,2713.042348251479,0.0003675658053497,0.0003684540886564,False,,5,1.0,True,True,True,True,False,False,True,True,retained
FT-078,849.9818739507681,153.95509179749394,18.112749990997006,0.18113938732440865,1.0,820.718794452905,144.52799610962492,17.609928892388528,0.1821749056385841,1.0,854.605458357555,111.33603502772895,13.027770176158588,0.1284196688399669,1.0,765.2266471390691,145.57378190997628,19.023616395773566,0.18904358341235336,1.0,17.609928892388528,19.023616395773566,0.1821749056385841,1.0,1.0,1.0285532725135427,0.9943158015614412,1077.205728818574,1077.2697492713137,1077.1507175425947,0.0315129711684634,1164.9081193819106,1176.015186999219,1167.311426224721,1162.4987461160683,1152.201798220714,1.193687829900949,1.0,1.0,1.0,2.55112722212645,0.3333333333333333,750.8839119116299,813.608129027097,0.0047229727433559,0.0043593073719601,False,0.3535533905932737,5,1.0,True,True,True,True,False,False,True,True,retained
FT-178,1510.7574407189436,367.83106939405207,24.347460385103748,0.2582807507030983,1.0,1450.6667791604805,309.56596846474355,21.33956418605611,0.2594716549765548,1.0,1679.1258688084865,229.1803249530222,13.648787694257212,0.1363614110155887,1.0,1261.1295235666462,373.74603691074884,29.635816934468718,0.4241204834792494,1.0,21.33956418605611,29.635816934468718,0.2594716549765548,1.0,1.0,1.140953965733428,0.9954102721795793,1455.998949997305,1456.082154844198,1455.926444513204,0.041233206473815,1013.726434598975,1028.9705747968685,1016.3456457697848,1011.168015919862,1000.145713291808,1.295076577039198,1.0,1.0,1.0,0.0,0.0,1360.8780803096256,1463.4764966972964,0.0007342801198273,0.0006828378620313,False,,5,1.0,True,True,True,True,False,False,True,True,retained
FT-102,595.2975324589725,105.1812729031908,17.66868954902645,0.17216698753675042,1.0,616.1015013748932,125.68594800544533,20.400201545518772,0.21203111207956277,1.0,607.4260162741509,73.3245843992448,12.071360533584892,0.11715393626020652,1.0,503.6426854460259,91.6148124211813,18.19043839384806,0.1728215092319016,1.0,18.19043839384806,20.400201545518772,0.1728215092319016,1.0,1.0,0.9713174122841337,0.9962127301279791,1295.3371125063638,1295.4121806158155,1295.2703518474862,0.0390429682024521,1284.5115125888428,1294.5797058843823,1286.76247199753,1282.1484267015423,1273.3225453284513,1.1385088817335398,1.0,1.0,1.0,0.0,0.0,526.3788486510487,576.2345162259078,0.0018961700920653,0.0017323981360959,False,,5,1.0,True,True,True,True,False,False,True,True,retained
FT-233,961.8194147125778,156.01010600685552,16.22031159076533,0.16388294997520816,1.0,1036.1497168646174,170.3027150323796,16.43611075315588,0.16437416847067704,1.0,852.9316266516083,103.94259908633498,12.186510130288763,0.12146050770867217,1.0,890.4352367947397,153.16996116685368,17.201695849123492,0.17810884880325786,1.0,16.43611075315588,17.201695849123492,0.16437416847067704,1.0,1.0,0.9868704241756758,0.9970115833890499,1179.778005634704,1179.8471969424174,1179.7162683397833,0.0348061923921688,1244.6512806591527,1258.3621313912536,1247.0162825638563,1242.1525013996577,1231.8023332868306,1.2082635774533983,1.0,1.0,1.0,0.0,0.0,868.799531497013,927.893427910756,0.0011496902030734,0.0010765497633557,False,,5,1.0,True,True,True,True,False,False,True,True,retained
FT-182,1386.0709306910958,221.67196943433632,15.992830130548263,0.166864409498003,1.0,1528.7790478201348,247.4252037503428,16.184497302153837,0.1666024833400257,1.0,1276.0309182981389,134.97663136993327,10.577849598656558,0.1047096398512401,1.0,1169.9526520608183,203.64575367316775,17.406324376841663,0.16773146744089087,1.0,16.184497302153837,17.406324376841663,0.1666024833400257,1.0,1.0,0.988157360217789,1.001572162387536,1026.1932694786867,1026.2519200407537,1026.1381214922203,0.0299624324206606,1095.4661545958722,1104.191831524452,1098.1953511608233,1092.7190611696617,1082.1188748820443,1.2733034739127342,1.0,1.0,1.0,0.0,0.0,1234.0606693282589,1327.501355955399,0.0008096768238469,0.0007527278730407,False,,5,1.0,True,True,True,True,False,False,True,False,retained
FT-049,1635.2833299012173,302.95139532314096,18.525926962237264,0.18153045301828227,1.0,1629.7688458633008,293.20914570349555,17.990842471171455,0.18044907903091603,1.0,1163.888749871282,148.00100518591552,12.716078336721047,0.12670950350836543,1.0,1688.8168226865332,320.6753350172048,18.988165602654373,0.1843203417953455,1.0,17.990842471171455,18.988165602654373,0.18044907903091603,1.0,1.0,1.029742047484615,1.005992682219126,1097.2225774589213,1097.2878628497194,1097.1653132091003,0.0314364831833364,1176.9292956095635,1192.3969943706786,1179.3552542462571,1174.287214808062,1163.250109913586,1.1924514707526237,1.0,1.0,1.0,0.0,0.0,1522.3020678960029,1495.874730693827,0.0006564686158282,0.0006680585753067,False,,5,1.0,True,True,True,True,False,False,True,False,retained
FT-055,2387.60825200239,387.1295839086941,16.21411651530456,0.16449986285092338,1.0,2456.03514673785,392.3427347793351,15.974638445237714,0.16325071999139532,1.0,2409.999131777913,261.48962812644004,10.850195947312768,0.10630793602068445,1.0,2086.2547096795543,340.3801422531515,16.315368429075154,0.1683459442656976,1.0,15.974638445237714,16.315368429075154,0.16325071999139532,1.0,1.0,1.014991141795653,1.0076516836164269,1105.7327676680493,1105.7968689408365,1105.676441948791,0.0323388959277148,1180.3586166880116,1197.1622159404142,1183.040199087054,1177.5454495086724,1165.815387848887,1.3546287736842515,1.0,1.0,1.0,0.0,0.0,2115.397088771124,2319.184162529318,0.0004725011224527,0.0004310002697845,False,,5,1.0,True,True,True,True,False,False,True,False,retained
FT-195,500.8182606119441,90.36325239075722,18.043122525193752,0.19284705394590704,1.0,465.89478718902365,88.6000781091792,19.017185971053205,0.19546197346558045,1.0,518.8456134619379,69.39037172457046,13.373992171114478,0.12932172474186612,1.0,449.01755169964633,87.6416366387773,19.5185324731809,0.1905756682027097,1.0,19.017185971053205,19.5185324731809,0.1905756682027097,1.0,1.0,0.9487798327606348,1.0119185505926251,1077.708774786632,1077.7732844734803,1077.6548450786415,0.0305915600535078,1164.8240522057135,1175.084413340395,1166.9203041317107,1162.488701920126,1152.544404150735,1.1655651972698904,1.0,1.0,1.0,0.0,0.0,445.7668332535952,477.7671082063903,0.0022383040225199,0.0020886982059947,False,,5,1.0,True,True,True,True,False,False,True,False,retained
FT-062,3143.0670541809695,449.47450821465105,14.300506494659452,0.14102287449620354,1.0,3256.250114720501,451.7922009089399,13.87461604581684,0.13911411325948833,1.0,2957.4174327081073,317.83785355916774,10.747142085658284,0.10910270516758697,1.0,2650.8468674825617,371.22544862474786,14.004032189806978,0.14184000928660817,1.0,13.87461604581684,14.004032189806978,0.13911411325948833,1.0,1.0,1.0306956565454666,1.0137208309925738,1078.713769906068,1078.77689772975,1078.6606048411224,0.0306502872948344,1212.1759527027516,1230.5396418417658,1214.4559206074891,1209.787676317876,1197.3987579345717,1.2388468855173635,1.0,1.0,1.0,0.0,0.0,2801.9509681243844,2958.6534797773534,0.0003567668544231,0.0003378773923477,False,,5,1.0,True,True,True,True,False,False,True,False,retained
FT-162,5575.712968976438,872.0262103255328,15.63972563109925,0.15988621015508248,1.0,5675.728669578604,1001.410407489035,17.64373291585457,0.1689536556037153,1.0,5946.051391582643,885.2658508452146,14.888298007286243,0.147637912164383,1.0,5860.709307745455,933.2510067407525,15.923857637971864,0.15771475922722505,1.0,15.923857637971864,17.64373291585457,0.15771475922722505,1.0,1.0,0.9821568357785945,1.0137682163577915,1254.277029107562,1254.349588244185,1254.211046464982,0.0362667749806767,1499.404825285124,1520.6643017478634,1501.897377148848,1496.650283258094,1481.8052038939109,1.2653251053731978,1.0,1.0,1.0,0.0,0.0,5599.462218843057,5825.575345077884,0.0001785566906666,0.0001716274038822,False,,5,1.0,True,True,True,True,False,False,True,False,retained
FT-068,488.2199166624425,96.60530378739608,19.787251705708155,0.1969975252195319,1.0,442.4930305940953,87.98194662788195,19.883238954013937,0.2060094685673168,1.0,334.80251374598936,57.20044068189484,17.084830111309177,0.18089084513798406,1.0,580.5758467964937,112.13830397823811,19.315013636374264,0.19290821756355203,1.0,19.315013636374264,19.883238954013937,0.19290821756355203,1.0,1.0,1.0244492744465148,1.0211982035168237,1150.2524730526775,1150.3175604084613,1150.188700028146,0.0330723340888498,1279.7884240559065,1291.1614973466476,1282.297445204404,1277.0675088026385,1271.432436429538,1.252126286661389,1.0,1.0,1.0,0.0,0.0,472.5409406108604,452.4955594955079,0.0021117498282408,0.0022050932562877,False,,5,1.0,True,True,True,True,False,False,True,False,retained
FT-092,6404.246451987509,1039.7859065500568,16.235882150153156,0.15798211616502894,1.0,6249.047975504685,958.7852779282655,15.342901537747148,0.1543332540079897,1.0,6070.297175154671,602.4090978247751,9.923881491179644,0.09829540703312853,1.0,6095.667906844218,963.8012055304598,15.811248582756674,0.1611782741413397,1.0,15.342901537747148,15.811248582756674,0.1543332540079897,1.0,1.0,1.0582015474849438,1.023642747510853,1251.3142498680247,1251.3872814292572,1251.2506210064705,0.0361206867456643,1273.8054275719012,1292.538921522056,1275.9376310450957,1271.4144752449388,1260.8067512512189,1.150720330226371,1.0,1.0,1.0,0.0,0.0,5846.052689965294,6139.739081906299,0.0001710263363482,0.0001628468473683,False,,5,1.0,True,True,True,True,False,False,True,False,retained
FT-083,3414.581546314976,410.5896700208592,12.02459699531758,0.11687930083867928,1.0,3385.404320157776,501.8025239471976,14.822528610816304,0.18110001569744577,1.0,3214.0403074863275,261.340158546479,8.131203517819939,0.08263745543770079,1.0,3361.5122177818866,374.31564402317696,11.13533492584392,0.11375856435619654,1.0,11.13533492584392,14.822528610816304,0.11375856435619654,1.0,1.0,1.0798594811378128,1.0274329805421174,1224.8042649657891,1224.876041896912,1224.7402364071952,0.0346338316722824,1299.2791674223463,1319.7385787963844,1301.3711060851224,1296.826881389742,1284.575736753402,1.191957931979993,1.0,1.0,1.0,0.0,0.0,3183.904454987846,3321.1428139396644,0.0003139811614863,0.0003010105392832,False,,5,1.0,True,True,True,True,False,False,True,False,retained
FT-218,1189.7772693898862,199.1225029223852,16.73611591390501,0.167916394385568,1.0,1457.3761529640421,238.36747581852495,16.35593359571091,0.16329674954407788,1.0,900.6878120200137,122.53662314854476,13.604783090572337,0.1390024678115418,1.0,1085.186787597364,178.21331329189445,16.42236298199539,0.166993503197978,1.0,16.35593359571091,16.42236298199539,0.16329674954407788,1.0,1.0,1.0232443055585527,1.0282898762797672,945.1499525476456,945.200369387312,945.0988671251616,0.0260107210777758,1013.699714864276,1026.8376972364338,1016.5529087025468,1010.9159672784848,999.9756356944216,1.416637105738516,1.0,1.0,1.0,0.6308394306316073,0.1666666666666666,1088.0531608444526,1151.669566076974,0.0014974837677961,0.001414836895696,False,0.7071067811865475,5,1.0,True,True,True,True,False,True,True,False,retained
FT-008,5947.237607897971,836.3392118479535,14.062650040033535,0.1468768502304932,1.0,6348.454789613156,900.6797858404665,14.187385996889954,0.142508801305404,1.0,6503.969550720227,593.4426810086998,9.124315179842501,0.09088359385847672,1.0,6275.771036411887,895.731524807046,14.272852205888825,0.14999671819895888,1.0,14.187385996889954,14.272852205888825,0.142508801305404,1.0,1.0,0.9912079676352104,1.0306510817933852,1050.739663862885,1050.8005431176773,1050.68609043662,0.0312770967688553,753.4570032840134,778.2359707740052,756.2428605858503,750.7624984432473,739.0393890873064,1.2978240632867015,1.0,1.0,1.0,0.0,0.0,6149.202168356023,6375.7156276581045,0.0001625962810044,0.0001568205418574,False,,5,1.0,True,True,True,True,False,False,True,False,retained
FT-242,94.17824757028339,21.713597261892218,23.05585187884048,0.25466478489306404,1.0,66.41583704481312,23.052806813847926,34.709803925671196,0.3865645976661263,1.0,74.1644410706666,20.72114526249264,27.93946123419008,0.24699782523747307,1.0,118.07059894448072,27.47207855016358,23.267501643725485,0.22880333136139072,1.0,27.93946123419008,34.709803925671196,0.24699782523747307,1.0,1.0,0.8252074614318822,1.0310405957956095,1083.0169631809986,1083.0848216619854,1082.950362254375,0.0368602131796223,1422.690822712629,1429.628389935163,1425.145367036958,1420.289303760063,1413.690671698993,1.3914501278972984,1.0,1.0,1.0,0.0,0.0,89.71860351470247,85.96631190637703,0.0110230973720614,0.0114987053961371,False,,5,1.0,True,True,True,True,False,False,True,False,retained
FT-012,1601.0158028281076,213.81325783683485,13.354849930846736,0.13608994195378837,1.0,1685.3797272568602,222.50859199018427,13.202282452533195,0.13080888115053255,1.0,1711.1374552184586,208.71317901889782,12.19733566011222,0.12179730338781766,1.0,1659.9486327207628,246.1524069231582,14.828917116531404,0.15692962635530705,1.0,13.202282452533195,14.828917116531404,0.13080888115053255,1.0,1.0,1.0115561440881207,1.0403723413640278,1210.8240555433492,1210.8955600828046,1210.7624399714518,0.0348255069275807,874.6067099501091,886.9375662181682,876.9385692997641,872.1006850718126,862.2934988270636,1.2505477918517685,1.0,1.0,1.0,0.0,0.0,1649.2667877752604,1685.487226865253,0.0006059626282294,0.0005929484576404,False,,5,1.0,True,True,True,True,False,False,True,False,retained
FT-229,1036.3199281214893,174.26307603838032,16.81556740438858,0.17206135317919832,1.0,1088.976075931535,180.96079605428028,16.617518056995173,0.16523234093079167,1.0,967.2604112422093,109.52501511713166,11.323219046717066,0.1128474561408967,1.0,954.0760835351625,172.59667006380357,18.09045138457687,0.18274549888193048,1.0,16.617518056995173,18.09045138457687,0.16523234093079167,1.0,1.0,1.011918106345011,1.0413297554821124,975.1420796493152,975.19513630601,975.0878433330068,0.0290253234446013,1174.724661855747,1190.7307771536025,1177.058293531887,1172.2284839034685,1160.82065582275,1.228760315355733,1.0,1.0,1.0,0.0,0.0,945.172832112783,1004.5202900552292,0.0010568893610768,0.0009945100162474,False,,5,1.0,True,True,True,True,False,False,True,False,retained
FT-057,1944.9380968611463,341.2102615080296,17.543502390060354,0.169723050656562,1.0,2075.2540081895863,336.55944648128775,16.217747087976765,0.1627503094638855,1.0,1686.582621228665,223.76746703879448,13.267506982597821,0.1292956382009373,1.0,1764.3225936962879,309.96360606602855,17.568420150231663,0.16987977667897097,1.0,16.217747087976765,17.568420150231663,0.1627503094638855,1.0,1.0,1.0817471930528781,1.0428431823917592,1179.2722036799555,1179.3415370035414,1179.2139907053818,0.0342749572089302,1244.832670568563,1260.2540539156994,1247.2750431006125,1242.2433003120475,1231.9048456991884,1.2191820975445251,1.0,1.0,1.0,0.0,0.0,1750.840616587273,1845.004984926172,0.0005708281852421,0.0005417103464864,False,,5,1.0,True,True,True,True,False,False,True,False,retained
FT-227,756.2983339356383,147.1248388612985,19.45328083637151,0.18780181272266494,1.0,668.0380300302627,115.4091091386501,17.275829211912075,0.1797552775488135,1.0,767.245729291512,100.45569592317935,13.09302770781688,0.12800576909280958,1.0,653.2542738254717,124.79541999936534,19.10365151819988,0.18565836290102303,1.0,17.275829211912075,19.10365151819988,0.1797552775488135,1.0,1.0,1.1260403537074812,1.0447638327150999,815.5263145478614,815.5720124399368,815.4833781251697,0.0234497161485411,1257.9480855586548,1270.610866815275,1259.5108106778086,1255.372326819194,1246.8639153493934,1.1653434695229583,1.0,1.0,1.0,0.0,0.0,656.1784100901457,695.8231252134009,0.0015216568052849,0.0014350844049467,False,,5,1.0,True,True,True,True,False,False,True,False,retained
FT-080,22748.44054958383,3143.6375782958353,13.819134421297052,0.13948823530842713,1.0,23565.27406575403,3078.4012590335115,13.063294958691625,0.13231632682864186,1.0,22038.1341772768,1826.1000996285065,8.286092120772057,0.08190456701212619,1.0,19634.724123017422,2751.192249955203,14.011871176382007,0.13968801226957278,1.0,13.063294958691625,14.011871176382007,0.13231632682864186,1.0,1.0,1.0578597869064061,1.0542027477007683,1077.2019763854523,1077.2646319544158,1077.148303148349,0.0310974533514366,1212.614388815364,1250.3539242951745,1214.840334866664,1209.9427795653692,1195.7557470902184,1.2170096262148369,1.0,1.0,1.0,0.0,0.0,20513.122644763196,21769.072349152008,4.874690559848428e-05,4.593461996643076e-05,False,,5,1.0,True,True,True,True,False,False,True,False,retained
FT-074,3025.076300554935,534.4117528543454,17.666058629870268,0.17579455928166518,1.0,3176.7149157166673,525.7081136411338,16.548797345339814,0.1658777529459467,1.0,2615.767244047789,331.7867625354463,12.684108774984901,0.12339117616812269,1.0,2694.457166686339,485.89443386060935,18.033110337328743,0.1797152167317355,1.0,16.548797345339814,18.033110337328743,0.1658777529459467,1.0,1.0,1.0675131407567255,1.0597838236870136,1178.7694962544108,1178.8389828026638,1178.7095364682805,0.0346786304486905,1244.8608776216845,1262.696978661322,1247.2705609836569,1242.3019230957232,1231.0310019216245,1.2087826948352671,1.0,1.0,1.0,0.0,0.0,2723.07419807351,2833.38148611946,0.0003670971960702,0.0003528106590087,False,,5,1.0,True,True,True,True,False,False,True,False,retained
FT-007,1808.8712306525003,277.9716152727368,15.367131201067654,0.16171301471830235,1.0,1963.1802174907298,294.8428732773366,15.018635102904344,0.15197890503924746,1.0,2017.0313766717788,186.8149816362389,9.261877816917984,0.09254345159414722,1.0,1919.6534459821257,276.64712691001125,14.411305722344801,0.15295658656666392,1.0,14.411305722344801,15.018635102904344,0.15197890503924746,1.0,1.0,1.0663246965360564,1.0640490841577068,1051.7428230998376,1051.8068419482154,1051.6884774309774,0.0298114969532383,753.1931299912063,769.2830906743592,755.954961975586,750.5326793002214,740.815522359763,1.2930408108826212,1.0,1.0,1.0,0.0,0.0,1879.438143583619,1966.5781172310285,0.0005317909570235,0.0005082390331761,False,,5,1.0,True,True,True,True,False,False,True,False,retained
FT-061,7352.303049501122,1177.9469693740307,16.021469210983604,0.15649231287690435,1.0,7128.4952568354165,1035.096753237507,14.520550494088734,0.14693418015888102,1.0,6915.9913640098885,716.4822976029093,10.359791675440919,0.10246977968560987,1.0,7044.734768935612,1046.6316083602549,14.856934188288687,0.14927422337876747,1.0,14.520550494088734,14.856934188288687,0.14693418015888102,1.0,1.0,1.1033651387738976,1.0650504376019796,1251.8151979857469,1251.8899516831436,1251.7537803186049,0.0365543323765068,1273.952845715492,1294.2930943032966,1276.2735285482115,1271.5526707894803,1260.9871710901643,1.1583630305238604,1.0,1.0,1.0,0.0,0.0,6713.818483944544,7030.990523938472,0.000148924353263,0.000142207245103,False,,5,1.0,True,True,True,True,False,False,True,False,retained
FT-044,9871.53828443148,1343.387870066774,13.608698374653995,0.14084621609333378,1.0,10887.842401474969,1398.3701406270277,12.843409089367343,0.13208890527660305,1.0,9946.427838055935,1088.6759177985998,10.945396030856696,0.10857071564728461,1.0,8080.942700648376,1237.438276710791,15.313043571160389,0.15382778114142023,1.0,12.843409089367343,15.313043571160389,0.13208890527660305,1.0,1.0,1.059586148814664,1.0662986100035603,923.1212556300736,923.1751342108996,923.074014873022,0.026964574266534,1057.6205174785268,1064.765986981599,1060.2868398891017,1054.9388995609593,1041.2142873846992,1.2744490931735233,1.0,1.0,1.0,0.0,0.0,8629.153049278148,9654.21998539413,0.0001158728002029,0.0001035709182714,False,,5,1.0,True,True,True,True,False,False,True,False,retained
FT-031,8703.615182079611,1180.269035068882,13.560675769523998,0.1393356447358355,1.0,9591.620727260302,1216.1852641840148,12.679663831238658,0.130651761301701,1.0,8769.327128838859,906.9322926252433,10.342096711647358,0.10239515652631567,1.0,7060.0500622814325,1071.4244346200549,15.175875881449876,0.1510819429558106,1.0,12.679663831238658,15.175875881449876,0.130651761301701,1.0,1.0,1.0694822788688456,1.0664658734609913,923.62339275087,923.6774627241764,923.5744842259206,0.02721365046968,1057.5964004037503,1064.684185028079,1059.8854968782284,1054.9518501192424,1041.547487894696,1.2154796227379434,1.0,1.0,1.0,0.0,0.0,7579.413047277645,8487.81729879944,0.0001319189328817,0.0001178020405906,False,,5,1.0,True,True,True,True,False,False,True,False,retained
FT-241,86.63348226445486,25.287632643751145,29.189214126887858,0.3084010797820391,1.0,86.44656523626352,23.88664065657076,27.63168275256185,0.2876345174351453,1.0,74.4061458059146,84.76771056014178,113.92568401709033,0.4926808426024553,1.0,110.25376969547045,33.29881741730168,30.201976321785295,0.28578480923397964,1.0,30.201976321785295,113.92568401709033,0.2876345174351453,1.0,1.0,0.9664670224190954,1.0721977408416437,1083.3479141235127,1083.4274300384948,1083.284999164605,0.0411502899069144,1473.3785589320328,1482.4898161206963,1474.8711895611846,1471.0252971599662,1467.2716426849436,1.1772538924513325,1.0,1.0,1.0,0.0,0.0,75.5960270019099,90.31917803057122,0.0130555074348055,0.0109506022893156,False,,5,1.0,True,True,True,True,False,False,True,False,retained
FT-151,168.3020546366152,44.055423617817176,26.17640272600251,0.25709019902977187,1.0,171.17956573796332,42.46153506733896,24.805259251760127,0.23962255254281423,1.0,138.7429977355953,26.464926109218336,19.074783261965376,0.21232641128580246,1.0,132.93005980478864,31.382141228278098,23.608009561090707,0.24713050608580492,1.0,23.608009561090707,24.805259251760127,0.23962255254281423,1.0,1.0,1.1087932956933766,1.0728965045301262,1088.6951060782058,1088.7596143680532,1088.630881136988,0.0330279363335156,1438.8803038529063,1444.1661421831948,1441.2777670267333,1436.5525669265598,1430.835098715389,1.1930280235989963,1.0,1.0,1.0,0.0,0.0,155.02049247926035,147.9157945693037,0.0064094144564562,0.0067152044072437,False,,5,1.0,True,True,True,True,False,False,True,False,retained
FT-135,1399.9749342510672,249.0898358182811,17.7924496877892,0.19229787354557332,1.0,1353.0424658944398,300.116912251219,22.180893786864573,0.21770144849645434,1.0,1493.6667457121855,271.9953183197364,18.20990653373943,0.17904196581975698,1.0,1474.131702811324,253.0396811159103,17.165337441243345,0.17014557830789312,1.0,18.20990653373943,22.180893786864573,0.17904196581975698,1.0,1.0,0.9770752889271143,1.0740379925182522,1173.2301124568482,1173.299758045921,1173.174174305768,0.03387592307933,1442.9947789043065,1461.5335927384624,1446.522009722994,1439.6890407160083,1429.7166348575215,1.5507356932126253,1.0,1.0,1.0,0.8011058026765228,0.1666666666666666,1396.4444657974168,1439.1760283640651,0.0012888568002226,0.0012506150409422,False,0.3535533905932737,5,1.0,True,True,True,True,False,False,True,False,retained
FT-169,4938.3555851553665,732.3561200585802,14.829959232989081,0.1572414050964654,1.0,4867.651450721024,857.628083304824,17.618929621137667,0.17593323463777436,1.0,5161.863797230696,713.809238900211,13.828517507245436,0.13526319267580297,1.0,5028.46361191364,737.3696871364397,14.663916139105261,0.14608326807040997,1.0,14.663916139105261,17.618929621137667,0.14608326807040997,1.0,1.0,1.0113232435529975,1.0763820331612335,1335.3236370967948,1335.4007747123198,1335.2512011728293,0.0394608635400237,1551.257112257207,1571.1934994113076,1553.9358403162698,1548.4957449461135,1537.5793297060084,1.3274352834805834,1.0,1.0,1.0,0.0,0.0,5079.026956656628,5017.406351990132,0.0001968493491337,0.0001992664463298,False,,5,1.0,True,True,True,True,False,False,True,False,retained
FT-117,2534.753483659195,456.4969604059401,18.009520979015942,0.19524691120937335,1.0,2572.326956354759,429.9381004264666,16.71397562290181,0.16511445324285526,1.0,2570.13465528317,481.31998150937244,18.727422725496925,0.1805334748183766,1.0,2370.748701971744,475.66429916115834,20.06388525133642,0.1885186089258635,1.0,18.727422725496925,20.06388525133642,0.1805334748183766,1.0,1.0,0.9616657477644494,1.081499768426875,1034.319112072233,1034.3791365004477,1034.2691452052984,0.0295539645166638,1419.481401442064,1437.173489695009,1421.2976504376825,1417.141106790319,1405.209990791653,1.1360127306637906,1.0,1.0,1.0,0.0,0.0,2195.771428348932,2505.263229243117,0.0004552134951753,0.0003990003876416,False,,5,1.0,True,True,True,True,False,False,True,False,retained
FT-033,2115.69776163693,313.6908771545365,14.826828427129955,0.1538258966510609,1.0,2379.581924690336,322.4165743274361,13.549294982537461,0.14192381777507623,1.0,2139.4680840240308,223.16571675875394,10.430897213433138,0.10275487922584804,1.0,1714.9553026320805,264.77437808027145,15.439141630916026,0.15372343512716308,1.0,13.549294982537461,15.439141630916026,0.14192381777507623,1.0,1.0,1.0942878169114334,1.0838624486190704,924.6276314779026,924.6807686357288,924.5813200631654,0.0267202128252625,1057.7246344641724,1064.7632179679465,1060.2593047973908,1055.5224966533283,1045.0483313759592,1.245241008611443,1.0,1.0,1.0,0.0,0.0,1829.7184043410064,2081.8192407556708,0.0005462336521164,0.0004801184761655,False,,5,1.0,True,True,True,True,False,False,True,False,retained
FT-059,2453.3156439032277,419.69534524925996,17.107270574508068,0.16777307530223778,1.0,2272.2351504147978,355.04574660649183,15.625396277391362,0.15463417084273645,1.0,2574.462211524568,305.136128782069,11.852422125915409,0.11961592565528474,1.0,2139.431574062037,333.5811795047838,15.592047137615582,0.15765118225608932,1.0,15.592047137615582,15.625396277391362,0.15463417084273645,1.0,1.0,1.097179249364699,1.08496766521847,1223.7919594716086,1223.8635611861732,1223.7311229497138,0.0347144077413259,1257.9046668683316,1269.0074929226648,1259.707712335104,1255.611618909438,1246.198078112655,1.0683033401089197,1.0,1.0,1.0,0.0,0.0,2204.6761641712146,2327.994778309509,0.0004533757113777,0.0004293697904835,False,,5,1.0,True,True,True,True,False,False,True,False,retained
FT-064,8017.739487821633,1226.1335264137506,15.2927583675693,0.15442305134668904,1.0,8222.700502118765,1179.0398734545934,14.338840058090247,0.14231080848712074,1.0,8648.549944427341,997.4514895958982,11.533164472717212,0.11259749739789555,1.0,6280.645541455693,1008.543814332969,16.057964227976704,0.15828231018812086,1.0,14.338840058090247,16.057964227976704,0.14231080848712074,1.0,1.0,1.066526881227107,1.0851111942116785,1149.7500936653876,1149.8156497776845,1149.6911692399551,0.0334466553795423,1245.272856166862,1264.3367644279238,1247.3079307712103,1242.858343825742,1228.9963999102197,1.170869750896996,1.0,1.0,1.0,0.0,0.0,7019.659621602379,7723.696154305892,0.0001424367586377,0.0001294549300094,False,,5,1.0,True,True,True,True,False,False,True,False,retained
FT-104,6443.590725590807,1142.3481011806075,17.728439775725615,0.17610040578937763,1.0,5853.501383078921,963.0088164287031,16.451842297544037,0.16218430379980864,1.0,6874.212608891712,858.8650098495339,12.494012895943925,0.12317459010403277,1.0,5569.991228538283,918.4706883615175,16.48962539933028,0.16459752465366462,1.0,16.451842297544037,16.48962539933028,0.16218430379980864,1.0,1.0,1.0775960196489454,1.0858042465487059,1222.2864765177096,1222.3567526513016,1222.2240203008816,0.0349509373536697,1258.1864030459938,1275.171996525355,1260.155835858117,1255.5775495992905,1245.5816309792672,1.2015301710468655,1.0,1.0,1.0,0.0,0.0,5841.077577943538,6096.12452045963,0.0001711719823398,0.000164011739738,False,,5,1.0,True,True,True,True,False,False,True,False,retained
FT-009,15570.570638268107,2137.154805454897,13.725603608915709,0.14502053255535885,1.0,16370.722413751446,2183.5472823487676,13.338124165581005,0.13339529898969654,1.0,16811.464003479407,1526.2813382541226,9.078812755023796,0.08987310618708759,1.0,16213.887083644742,2212.4311029425867,13.64528500494066,0.1416506352360659,1.0,13.338124165581005,13.64528500494066,0.13339529898969654,1.0,1.0,1.029050520037487,1.0871487500212451,1049.7326640547776,1049.793638635969,1049.6793811125096,0.0309025666260832,753.5937523711316,783.2621119572547,756.1852169737052,751.1297724848172,737.9808130369114,1.236248501679714,1.0,1.0,1.0,0.0,0.0,15977.066281070063,16464.159916917935,6.258579620393396e-05,6.0734302311421886e-05,False,,5,1.0,True,True,True,True,False,False,True,False,retained
FT-070,5484.17748329735,835.2942489739962,15.230984983946533,0.15331023137219627,1.0,5680.02297054193,794.1014545351698,13.980602871741638,0.14087967903614654,1.0,5922.174753797512,671.8698078586966,11.344984499619324,0.11151759814073475,1.0,4327.332987567539,685.7080635380767,15.845974079372242,0.1569836826101603,1.0,13.980602871741638,15.845974079372242,0.14087967903614654,1.0,1.0,1.0894369236917698,1.088235240320645,1150.753810446541,1150.8205810906825,1150.695729566452,0.0333514671345906,1245.2881515322938,1263.9656129090667,1247.3943959348544,1242.8015662893758,1229.169060665631,1.1577912518482407,1.0,1.0,1.0,0.0,0.0,4812.123898037988,5314.529385824348,0.0002077652728631,0.0001881280164995,False,,5,1.0,True,True,True,True,False,False,True,False,retained
FT-140,4713.124470346388,810.2771430825376,17.191931767993108,0.16612728370280191,1.0,4373.076038022114,681.3888596526523,15.58145464950195,0.15254192521319299,1.0,4981.22967388966,538.1426134919026,10.803408971738632,0.10686188735780922,1.0,4149.313877134342,641.3451806306745,15.456656199593398,0.1539508764304035,1.0,15.456656199593398,15.58145464950195,0.15254192521319299,1.0,1.0,1.11226720359125,1.089059833685867,1223.2883799925703,1223.3621200936468,1223.2287480892585,0.0350061702112344,1257.8617538028573,1269.8666980654696,1259.7405650826165,1255.3353370369402,1245.8577879085085,1.1917479948660925,1.0,1.0,1.0,0.0,0.0,4226.345298832553,4499.584624724318,0.0002365550787337,0.0002221933556157,False,,5,1.0,True,True,True,True,False,False,True,False,retained
FT-077,14320.498383773247,2152.5748794137708,15.031424338226124,0.1488571379861029,1.0,14994.437712840809,2019.4863345047688,13.468236509964882,0.13666697186451313,1.0,14034.840844937466,1398.3174407231106,9.963187015601251,0.09921262463357636,1.0,12487.949131367654,1749.6939888766426,14.011059546052298,0.1406704930404792,1.0,13.468236509964882,14.011059546052298,0.13666697186451313,1.0,1.0,1.1160647741153542,1.0891961382862472,1077.705946239623,1077.768563445372,1077.6520562041094,0.0312999075267044,1212.451251396288,1244.5920870381033,1214.768238466988,1209.9249993158323,1196.2741310365736,1.2097870013554028,1.0,1.0,1.0,0.0,0.0,12873.88021655882,13853.700729501708,7.767062552658674e-05,7.217766875834679e-05,False,,5,1.0,True,True,True,True,False,False,True,False,retained
FT-058,7088.137237817102,1110.5283317779529,15.66742141860612,0.15955238126425225,1.0,7379.501683982271,1059.931039180427,14.363179040680784,0.1463733866992633,1.0,6821.428970727191,641.9514915191722,9.410806654646406,0.09416038081634776,1.0,6094.607934818468,905.7391878528504,14.861319998590334,0.15099736662524574,1.0,14.363179040680784,14.861319998590334,0.1463733866992633,1.0,1.0,1.090804575660537,1.090036822008268,1078.208562682587,1078.2724700812462,1078.1553836436535,0.0307902558921655,1212.3710107648494,1237.6268490501072,1214.7245810620668,1210.068312567409,1196.383045030678,1.193813684743503,1.0,1.0,1.0,0.0,0.0,6336.19264884365,6772.955759641879,0.0001577985798147,0.0001476242295466,False,,5,1.0,True,True,True,True,False,False,True,False,retained
FT-193,1677.0055658266408,279.717496652214,16.6795806974161,0.17674955401430262,1.0,1875.6918015895387,299.1210446702725,15.947238475787172,0.16140005587894776,1.0,1579.1620944470108,197.29499658343133,12.493650732702006,0.12563768440081793,1.0,1328.449181942947,222.44032102618448,16.74436057093659,0.16839142173095797,1.0,15.947238475787172,16.74436057093659,0.16140005587894776,1.0,1.0,1.0459228237378433,1.0951021860046144,1068.7043278235449,1068.7687486413256,1068.6522719222885,0.0303495491247058,1173.5611587867572,1188.1107673645054,1175.798036250536,1171.238443259308,1163.5870780944826,1.073615958423335,1.0,1.0,1.0,0.0,0.0,1463.187158065923,1597.994580114639,0.0006829727979044,0.0006253929890921,False,,5,1.0,True,True,True,True,False,False,True,False,retained
FT-170,5779.27594753261,938.4985709118644,16.239033737652633,0.16587849972353777,1.0,5671.299210429717,1427.1031630819377,25.163602027158877,0.5649406356678215,1.0,6153.13984052284,801.2089553315006,13.021140037399523,0.1287423968507694,1.0,5957.12164483998,900.2420365247706,15.112030443503773,0.15122501579813383,1.0,15.112030443503773,25.163602027158877,0.15122501579813383,1.0,1.0,1.0745765632462265,1.0968985445170294,1335.8228921318928,1335.9020610217854,1335.7547405936011,0.0383352462187882,1551.4213307481,1575.553642272948,1553.910653186191,1548.7607078924857,1537.0798873901392,1.2195413220166411,1.0,1.0,1.0,0.0,0.0,5970.165276770475,5923.94781393716,0.000167471499054,0.0001687778578652,False,,5,1.0,True,True,True,True,False,False,True,False,retained
FT-020,13253.899296059715,1896.4822749882571,14.308862868394263,0.14556412211540437,1.0,14888.698178974217,1951.1491746343634,13.104901121508203,0.13236228449213264,1.0,10680.330618977996,1048.9853936481172,9.821656567299177,0.09866428599893257,1.0,13136.357161884442,1887.0794021712497,14.365317408137095,0.1461039584881746,1.0,13.104901121508203,14.365317408137095,0.13236228449213264,1.0,1.0,1.0918711049952203,1.099740176545959,842.5773942493681,842.624259465518,842.5350038070779,0.0247858919562459,963.3235892455184,994.1845837268208,966.0232942432688,960.7144273833812,947.501450842558,1.2969596479291814,1.0,1.0,1.0,0.0,0.0,12358.648357941043,12926.94598904718,8.090845071312262e-05,7.735180831102021e-05,False,,5,1.0,True,True,True,True,False,False,True,False,retained
FT-100,7089.887151734502,1229.0652157137365,17.33546937221776,0.16841721212086824,1.0,6549.730114579365,1021.0287502296198,15.588867516187605,0.15309518159137805,1.0,7453.093771898189,845.6342554408549,11.346083671042889,0.11190472558245647,1.0,6103.745556370345,964.8087257444208,15.806830688370866,0.15814959201329692,1.0,15.588867516187605,15.806830688370866,0.15309518159137805,1.0,1.0,1.112041612658294,1.1000817293543945,1222.7890111601405,1222.8592513192573,1222.7275498290628,0.0358995751017506,1257.9887283196858,1272.9182917572732,1259.965824885959,1255.53693243177,1245.8706452125716,1.2070912617475065,1.0,1.0,1.0,0.0,0.0,6324.949652582003,6700.259944666136,0.0001580790323855,0.0001492256692408,False,,5,1.0,True,True,True,True,False,False,True,False,retained
FT-075,865.4637553338365,166.1154794654087,19.19381123029615,0.2008858736998233,1.0,810.0869100296438,150.02029141936075,18.51903660730316,0.19025868809289453,1.0,868.8621625716228,115.15851739923558,13.253945488706067,0.12711975128942704,1.0,769.8637517831886,141.35892824546863,18.36155136776443,0.1825205073875006,1.0,18.36155136776443,18.51903660730316,0.1825205073875006,1.0,1.0,1.045326227934794,1.1006208374894118,1076.704086348371,1076.7659052150043,1076.6508631728868,0.0303673983692482,1165.0016465840235,1176.4046223958326,1167.1510336308895,1162.5396325060522,1152.5668176015192,1.1153635458279254,1.0,1.0,1.0,0.0,0.0,779.4965717097257,816.192662582601,0.001281235608517,0.0012237016382889,False,,5,1.0,True,True,True,True,False,False,True,False,retained
FT-010,28860.09038225068,3709.36151288251,12.85291024301093,0.13672588080384543,1.0,30190.928196631507,3678.606832378517,12.184477431167387,0.12371664392208248,1.0,30941.1819221988,2643.9503244453585,8.54508509433653,0.08503524911484345,1.0,30036.333138705257,3928.4577489313447,13.07901910259837,0.13622525254829182,1.0,12.184477431167387,13.07901910259837,0.12371664392208248,1.0,1.0,1.0548593746116448,1.1051534900183377,1048.7247997662084,1048.78595409864,1048.6698763776742,0.0308250717841684,753.8246143446223,789.1346398643811,756.4360118983379,751.049813858065,736.9196307140818,1.2868549250467392,1.0,1.0,1.0,0.0,0.0,29386.32026906297,30386.96775813364,3.40282812738368e-05,3.290776164958712e-05,False,,5,1.0,True,True,True,True,False,False,True,False,retained
FT-194,1527.3498718420167,283.7838879785878,18.58014939539284,0.1864907149505886,1.0,1582.1479570135245,264.1599388799202,16.69628543328847,0.17015767125757697,1.0,1558.2344313893739,163.01152399190025,10.461296497379648,0.10403006147278868,1.0,1326.7369244309625,217.48977891541796,16.39283379474038,0.16856419519391438,1.0,16.39283379474038,16.69628543328847,0.16856419519391438,1.0,1.0,1.1334312070774644,1.1063483246608317,1106.736189796707,1106.8013071714472,1106.6793317132142,0.0322864849836996,1180.3607794138811,1194.835010057088,1183.154158165373,1177.6877652976746,1167.7071170592574,1.3268503508308518,1.0,1.0,1.0,0.0,0.0,1353.6654370993724,1490.218355578404,0.000738189646398,0.0006705926038659,False,,5,1.0,True,True,True,True,False,False,True,False,retained
FT-232,1161.5951378729035,175.42940932578406,15.10245726811735,0.15433210683905838,1.0,1236.67040761456,175.3357399150024,14.178049287458187,0.13933391153114544,1.0,1280.991860501545,153.6803555445121,11.99698142378062,0.11792960741224162,1.0,923.3008881384958,161.59604168436906,17.501991361685935,0.16931488513490545,1.0,14.178049287458187,17.501991361685935,0.13933391153114544,1.0,1.0,1.0651999412554511,1.1076421033695043,1151.7625057823254,1151.8278132907371,1151.7003322838043,0.0337363777691751,1245.2407794332655,1258.885828041167,1247.7170349348398,1242.597248836875,1232.0764022275648,1.318578168780149,1.0,1.0,1.0,0.0,0.0,1013.021817549967,1148.1229426611922,0.0009861720750902,0.0008702289049108,False,,5,1.0,True,True,True,True,False,False,True,False,retained
FT-221,1695.4673529688728,284.8879804341981,16.802917492651265,0.17733717487045356,1.0,1783.22943632542,289.78292360659947,16.25045648661652,0.15954560981097,1.0,1972.818486794425,231.98440999501298,11.7590346779423,0.11778316712104801,1.0,1122.3541286146215,179.02596705451697,15.950934067084313,0.16569279344901772,1.0,15.950934067084313,16.25045648661652,0.15954560981097,1.0,1.0,1.0534127607815187,1.1115139744713944,1005.6756059707232,1005.7351871901508,1005.6206808174506,0.0294205207121462,1156.2008704897985,1172.2008562088015,1158.7916354985457,1153.40959517587,1141.539906588467,1.314394711507909,1.0,1.0,1.0,0.0,0.0,1428.0417919737756,1628.1225668534369,0.0006997695977937,0.0006138273573433,False,,5,1.0,True,True,True,True,False,False,True,False,retained
FT-021,16339.373024466828,2304.5780701052786,14.104446153805094,0.1435439583864865,1.0,18071.716392432663,2298.1845121707015,12.717024007376752,0.1288866123188612,1.0,13077.289781468895,1257.139455269022,9.613149790795681,0.09566169917243525,1.0,16024.025702075325,2199.269285200562,13.724823749600748,0.13921544538433372,1.0,12.717024007376752,13.724823749600748,0.1288866123188612,1.0,1.0,1.1090995932400176,1.1137227971464059,842.0756790432796,842.1224037031269,842.033147766642,0.0247411020790879,963.2789284715732,991.4065647125228,965.900100453346,960.78786884497,946.0247929199916,1.2723722014800722,1.0,1.0,1.0,1.212012028116517,0.1666666666666666,15129.81390988583,15754.05753377002,0.0001461925340758,0.0001404001237935,False,-0.3535533905932737,5,1.0,True,True,True,True,False,False,True,False,retained
FT-024,2644.757789195588,447.58159395224607,16.923349116532123,0.1737671287852828,1.0,3259.03734561026,513.1179395689405,15.744463323198229,0.15588486315226702,1.0,2029.1148356938502,245.62658099229193,12.105109906620962,0.120766639796172,1.0,2443.620755594765,406.55916484525926,16.637572091104,0.17154718000775093,1.0,15.744463323198229,16.637572091104,0.15588486315226702,1.0,1.0,1.074876213252496,1.1147145737655653,944.6434806058312,944.698424554808,944.5961664284048,0.0273795383944055,1013.805438811442,1033.3746827166992,1016.416349113882,1011.063984934316,999.63219974352,1.2871316138365452,1.0,1.0,1.0,0.0,0.0,2409.190144825427,2585.8877684174813,0.0004149050240483,0.0003865648955508,False,,5,1.0,True,True,True,True,False,False,True,False,retained
FT-236,1216.8493538706234,226.61419722083505,18.62302810943752,0.20421986870539355,1.0,1250.771202744346,216.06689323187516,17.274693625644545,0.1781775799977198,1.0,1262.991263292811,245.48553626259857,19.436835661284015,0.19515875425309243,1.0,1159.4381701553714,217.76123081193074,18.7816165119654,0.18262338572681713,1.0,18.7816165119654,19.436835661284015,0.18262338572681713,1.0,1.0,0.9915561899356828,1.1182569411503638,1034.9898999251243,1035.0498484503012,1034.9323592474368,0.030924112226632,1419.3602150227453,1435.8320741768357,1420.919376846407,1417.2551242460954,1405.4176036421077,1.002582734876893,1.0,1.0,1.0,0.0,0.0,1048.3515380098256,1224.7340220727858,0.0009529694899924,0.0008158376792943,False,,5,1.0,True,True,True,True,False,False,True,False,retained
FT-053,1619.9294039012275,322.4790241096828,19.906980102532014,0.19345055370197808,1.0,1671.1802435147465,287.7338823688492,17.217405691901973,0.17237712024367807,1.0,1219.6638227725537,157.07131428749912,12.87824655899384,0.12535699542077208,1.0,1742.1051937077452,299.62721972470104,17.19914622876478,0.177369890551874,1.0,17.19914622876478,17.217405691901973,0.17237712024367807,1.0,1.0,1.1574400169491268,1.122251917357187,1097.723992703951,1097.786081052441,1097.6690565594126,0.0319027810183028,1176.67239430599,1190.5241737784906,1178.8370264710347,1174.3201926093266,1163.6889744852956,1.0738120033017726,1.0,1.0,1.0,0.0,0.0,1524.2772033612134,1545.9222911821005,0.0006556185313701,0.0006464448833016,False,,5,1.0,True,True,True,True,False,False,True,False,retained
FT-153,151.4211640047555,44.15577613461498,29.160901268219174,0.2884456156633603,1.0,133.3825948156918,44.38350144493094,33.275332142293465,0.3508235879348188,1.0,97.44115056236751,23.642763242119695,24.263633080755827,0.2567438152468976,1.0,150.38452181647463,24.9824051140288,16.612351332616985,0.17472391409637378,1.0,24.263633080755827,33.275332142293465,0.2567438152468976,1.0,1.0,1.201835733798147,1.1234763937194618,1088.6918828508271,1088.7513371347547,1088.6296921898063,0.0323400428121432,1473.446015556528,1483.6614707498018,1476.5098227948197,1470.4869684703458,1467.3194005629591,1.339608092953679,1.0,1.0,1.0,0.0,0.0,141.39530207407512,127.14933597308324,0.0070227035964978,0.0078033958772134,False,,5,1.0,True,True,True,True,False,False,True,False,retained
FT-039,5209.867203264728,826.4958267748293,15.864047863963044,0.16608068839941725,1.0,5860.259538718309,845.8541077096662,14.433731170457035,0.14771934778595244,1.0,4827.889309674254,564.9530345554092,11.7018638646777,0.11266757061383216,1.0,4432.228118590318,743.9422565813716,16.7848368061431,0.17013968576534863,1.0,14.433731170457035,16.7848368061431,0.14771934778595244,1.0,1.0,1.0990954228407401,1.124298819949237,1024.6867091528734,1024.7462095090473,1024.6320318882358,0.0302468395928712,1095.258554693031,1102.7683739040208,1097.9305754275408,1092.8018718375124,1078.4275768114187,1.280644822824388,1.0,1.0,1.0,0.0,0.0,4616.98225209315,5050.507097218649,0.0002165447906489,0.0001979607235532,False,,5,1.0,True,True,True,True,False,False,True,False,retained
FT-067,8547.467029796246,1313.8333153242247,15.37102524928422,0.1557992232063911,1.0,8693.720973351676,1205.6544441426283,13.868106048471606,0.13853576841706491,1.0,9156.506198805662,1051.7108907050158,11.485940902242787,0.11414952619495007,1.0,6613.405117642587,945.3827076976552,14.29494626263945,0.14393993689314377,1.0,13.868106048471606,14.29494626263945,0.13853576841706491,1.0,1.0,1.1083723469924178,1.1246137007545531,1150.251969729645,1150.3180018976263,1150.192989410226,0.0337478169990694,1245.3086840060384,1265.5461034467148,1247.4885199904472,1242.940885817954,1227.8460459555374,1.1741079896181184,1.0,1.0,1.0,0.0,0.0,7489.672904397807,8161.369120356326,0.0001334993548327,0.0001225134498642,False,,5,1.0,True,True,True,True,False,False,True,False,retained
FT-184,1847.2701892181417,367.6876988435209,19.904381123540183,0.19034969906144317,1.0,1826.1220988835794,309.38008384636134,16.941916645962742,0.16838020082641034,1.0,1771.1965456796859,213.24235429548827,12.039451794078438,0.11898696730006253,1.0,1585.4719118587839,286.73354934935156,18.085060177016278,0.19605350118581305,1.0,16.941916645962742,18.085060177016278,0.16838020082641034,1.0,1.0,1.1748600550625066,1.130475543604334,809.0412002643465,809.0880344897744,808.9996841611195,0.0236203538121697,1121.032321128916,1139.3550392750944,1123.4003501883312,1118.4709922131613,1104.8390810677215,1.311603084577435,1.0,1.0,1.0,0.0,0.0,1611.1087325989288,1728.8440071627454,0.0006203055537003,0.0005780868077464,False,,5,1.0,True,True,True,True,False,False,True,False,retained
FT-189,1682.4040063672107,311.9008942255107,18.539000920414683,0.1896519841684524,1.0,1851.4315293017266,304.87140027149155,16.466793151485046,0.1676128010425516,1.0,1691.1328081716217,203.6897625086579,12.044575182056713,0.11865281937134513,1.0,1351.1460373244204,268.7063462339109,19.887291144783372,0.19015061051002344,1.0,16.466793151485046,19.887291144783372,0.1676128010425516,1.0,1.0,1.125841610437838,1.1314886630902716,931.123020951668,931.1758625779664,931.0750071035604,0.0263774599815897,1117.150900959169,1132.9164165454893,1119.9402594800786,1114.513782416522,1107.106961260784,1.384524676638368,1.0,1.0,1.0,0.9049930048809116,0.1666666666666666,1480.560002436654,1634.024066760047,0.0012858021286669,0.0011651161861218,False,0.7071067811865475,5,1.0,True,True,True,True,False,True,True,False,retained
FT-244,1047.9762939954185,230.75676849177012,22.019273700553665,0.2413034902681106,1.0,881.5857680047274,177.9292576811823,20.182864122669024,0.21321771532284703,1.0,766.3033208076005,184.92167446975543,24.1316551094765,0.2420482355061325,1.0,1476.1368033971635,292.4589518664695,19.812455809882117,0.19843983020270223,1.0,20.182864122669024,24.1316551094765,0.21321771532284703,1.0,1.0,1.090988551809256,1.1317234588258158,1083.0144831519058,1083.0790412617855,1082.95637841365,0.0347705557677826,1455.407052190095,1466.5766937878682,1456.8898431918287,1452.9667683924738,1445.1365334647055,1.0296105334833578,1.0,1.0,1.0,0.0,0.0,975.27497075787,1039.3197337398924,0.0010243015850582,0.0009612429405766,False,,5,1.0,True,True,True,True,False,False,True,False,retained
FT-160,6249.052178574144,1063.4299703763675,17.01746024817178,0.17143874418681032,1.0,6330.268243369318,1145.0491190354082,18.088477059953938,0.1720377748311183,1.0,6638.670151488845,966.0078220657962,14.551224869172797,0.14304573766571196,1.0,6585.487282796269,987.4374043812518,14.994143363708316,0.15141053600789944,1.0,14.994143363708316,18.088477059953938,0.15141053600789944,1.0,1.0,1.134940478784582,1.1322775066186013,1254.7781749513174,1254.8523767229926,1254.7118032564333,0.0370579768691196,1499.4061441213764,1520.9206245256487,1501.9742033461912,1496.7452153750164,1480.487733923874,1.258887658077959,1.0,1.0,1.0,0.0,0.0,6247.629484689547,6515.763745093475,0.0001600350928872,0.0001534503994797,False,,5,1.0,True,True,True,True,False,False,True,False,retained
FT-230,923.013584791086,184.13790992378887,19.949642449245907,0.19933402507179476,1.0,979.2014684364193,175.1981907538367,17.891945263684267,0.17594824697444475,1.0,875.7135831950275,117.60876363869497,13.430049036078806,0.13230380840374317,1.0,856.2163698280697,155.40450417313585,18.150144011418686,0.18092862573769872,1.0,17.891945263684267,18.150144011418686,0.17594824697444475,1.0,1.0,1.1150069014428632,1.1329128223752445,975.6477809466752,975.6990653589808,975.5940350043956,0.0287421584037574,1174.6013930519584,1189.00957448142,1176.7579145842003,1172.100459753538,1162.114930834089,1.1040347611923722,1.0,1.0,1.0,0.0,0.0,842.0695641777539,904.6660560301752,0.0011861417402433,0.0011041597433642,False,,5,1.0,True,True,True,True,False,False,True,False,retained
FT-035,4825.546196539682,729.4753448804025,15.11694873843498,0.15279285824074146,1.0,5367.388832727418,701.5943401768532,13.071427504914725,0.1348240299406671,1.0,4869.594483956336,527.6910259073154,10.836447011057667,0.10702676398633063,1.0,3906.657411279688,609.9403436119093,15.612844419140238,0.1551586877931396,1.0,13.071427504914725,15.612844419140238,0.1348240299406671,1.0,1.0,1.156487975988174,1.1332761549108272,924.1258165788284,924.180160162224,924.0777586734384,0.0272409259607433,1057.66078474932,1064.7259970025725,1060.338482301454,1055.0311780453726,1043.0294036865268,1.2380418932721453,1.0,1.0,1.0,1.1058868377504043,0.1666666666666666,4211.875180568749,4722.8107311364165,0.000499869269202,0.0004458025432453,False,0.0,5,1.0,True,True,True,True,False,False,True,False,retained
FT-165,4330.838282326309,689.7033072442446,15.925399709770979,0.16280376983530703,1.0,4407.864743981796,796.825276951614,18.077353168323643,0.17119354698067868,1.0,4630.7623836912135,645.9876644050186,13.9499203560969,0.13782869291348906,1.0,4575.479196150883,657.9457366478869,14.379821401032334,0.14295637710856302,1.0,14.379821401032334,18.077353168323643,0.14295637710856302,1.0,1.0,1.1074824412372526,1.1388353085617975,1255.2798171824015,1255.3525416489088,1255.2149199475878,0.036872816699603,1499.3447722912745,1520.15945308811,1501.9008236691704,1496.6776349502495,1481.9525590833746,1.2738417443216894,1.0,1.0,1.0,0.0,0.0,4330.35494209882,4536.387710929152,0.0002308746370057,0.0002203911289289,False,,5,1.0,True,True,True,True,False,False,True,False,retained
FT-237,609.1017674296276,114.90064339075607,18.863948445861485,0.1796276006072225,1.0,603.5486996706461,102.72488537514357,17.020148569817163,0.17745344050417114,1.0,501.05865293786644,77.21240287965394,15.409853203199471,0.14782218904092312,1.0,646.2470818658154,100.03377165030805,15.47918349766394,0.15737458357119505,1.0,15.47918349766394,17.020148569817163,0.15737458357119505,1.0,1.0,1.2186656000756346,1.1414015944065095,1034.9881000850553,1035.0498298584166,1034.933521063501,0.0298679283561603,1455.4754033806444,1468.5007572174063,1457.4421390509146,1453.3524117623429,1442.3543914159118,0.996514613389124,1.0,1.0,1.0,0.0,0.0,554.1358398453309,583.8704303291541,0.0018013609070504,0.0017097804028786,False,,5,1.0,True,True,True,True,False,False,True,False,retained
FT-087,5119.399307830376,899.2896859810654,17.566312606355147,0.1784506351617874,1.0,5024.422428162566,781.6733945939079,15.557477615984736,0.15773777126218688,1.0,4823.307949680164,528.6143461577075,10.95958109398261,0.1082018974720037,1.0,4837.901622392741,748.8788138766353,15.479413851872684,0.15634281381449736,1.0,15.479413851872684,15.557477615984736,0.15634281381449736,1.0,1.0,1.1348176858925438,1.1414060602332594,1252.3175410114536,1252.3916994957185,1252.2559552498667,0.0353267523705875,1273.902456757388,1292.6649155155296,1276.3561393171406,1271.5576652920972,1261.4287173363452,1.2088674378886384,1.0,1.0,1.0,0.0,0.0,4648.464899478415,4896.8462586618325,0.0002150785136827,0.0002041713739445,False,,5,1.0,True,True,True,True,False,False,True,False,retained
FT-248,896.0815846025539,143.50178612325217,16.014366168109643,0.16791645427501065,1.0,984.2078416156464,141.69105553721553,14.396456677750066,0.1470664258116758,1.0,888.1955762194525,115.93824676920455,13.053233980593358,0.12332502145946893,1.0,705.144738578054,123.53648349224281,17.519308694177866,0.17958844190642687,1.0,14.396456677750066,17.519308694177866,0.1470664258116758,1.0,1.0,1.1123824790068015,1.1417728645288088,925.1361960129163,925.1837228035912,925.0919226799238,0.0243451612151024,1057.851741314575,1064.927979546626,1060.4905075149256,1055.485902411153,1046.1234902046797,1.3621188340795582,1.0,1.0,1.0,1.6673323080806213,0.3333333333333333,782.34377599326,860.7653152956663,0.0034050596811068,0.0030951957113352,False,0.3354101966249684,5,1.0,True,True,True,True,False,False,True,False,retained
FT-093,2197.9636896411716,278.02993849879397,12.64943273672477,0.120490716256695,1.0,2147.9050547406255,332.0115052875654,15.457457235122439,0.1857706614272096,1.0,2036.8419712830494,165.8746481206181,8.143717110077528,0.0805692196587481,1.0,2110.2057825618335,210.73416753085726,9.986427355678156,0.10551824386770317,1.0,9.986427355678156,15.457457235122439,0.10551824386770317,1.0,1.0,1.2666624695900344,1.1418946320577894,1233.7846794103978,1233.854648992817,1233.7185235688678,0.0352441991492743,1299.2759946740543,1319.445562362675,1301.19133468601,1296.8841705286684,1284.2519822328006,1.1438939901940073,1.0,1.0,1.0,0.0,0.0,2081.575100682005,2098.945292126125,0.0004801747604072,0.0004762028819272,False,,5,1.0,True,True,True,True,False,False,True,False,retained
FT-235,122.7729003510679,32.90214871721617,26.79919479228136,0.2654527923146694,1.0,110.77933844337234,27.823400549547163,25.11605588236095,0.268179462644495,1.0,130.67367706474275,31.09342531256213,23.794712149377094,0.23242965190460693,1.0,97.34169297661317,22.790983141221545,23.413382738984406,0.22038266807796497,1.0,23.794712149377094,25.11605588236095,0.23242965190460693,1.0,1.0,1.126266820293639,1.1420780014058436,1034.9871234609543,1035.0479195722205,1034.9301733190198,0.0307738226139136,1385.9991044260155,1394.4329527557886,1388.520781427043,1383.2604731417296,1376.6256570034318,1.282938054828365,1.0,1.0,1.0,1.039118094125091,0.1666666666666666,102.7857305305702,112.9043260638773,0.0196473839293781,0.017902025011601,False,0.3535533905932737,5,1.0,True,True,True,True,False,False,True,False,retained
FT-192,129.88653579407037,28.21977782349782,21.726484312615042,0.24310030020376583,1.0,140.82468161103216,30.098785199213687,21.3732314924373,0.21278046405855516,1.0,116.24438344070025,18.18095460054112,15.640286491618557,0.15609115763907302,1.0,102.932757607801,25.17865608242844,24.46126643023136,0.24080747166863664,1.0,21.3732314924373,24.46126643023136,0.21278046405855516,1.0,1.0,1.0165278151926973,1.1424935145214596,1068.7037715820934,1068.7709537862363,1068.644656968828,0.0326297049075302,1157.8147203461158,1163.3792711145747,1159.779912946269,1155.301746795193,1149.5256244435009,1.1713404979799975,1.0,1.0,1.0,0.0,0.0,110.81134070934324,120.2642034273279,0.0089436366083788,0.0082464566767165,False,,5,1.0,True,True,True,True,False,False,True,False,retained
FT-205,338.5718169113185,91.74739889349745,27.098356777146837,0.2903258099455163,1.0,316.3446276251264,74.65964112560529,23.60072990209848,0.2537392712173635,1.0,363.4794030599575,73.06051471151733,20.10031767865143,0.22738480325913848,1.0,256.30104367463497,85.07108822344587,33.19186180585382,0.4756263044059418,1.0,23.60072990209848,33.19186180585382,0.2537392712173635,1.0,1.0,1.148199945067689,1.144189500319055,1559.5079808864853,1559.593122537758,1559.4291321157314,0.0434378052259568,1385.8104858293589,1396.1924584706642,1388.2480646536085,1383.251170625242,1375.8304738998434,1.2375875733611723,1.0,1.0,1.0,0.0,0.0,305.2181539913414,312.0961589997192,0.0032656457070415,0.0031939069555972,False,,5,1.0,True,True,True,True,False,False,True,False,retained
FT-226,677.9752612248142,127.4324140190756,18.796027127724276,0.19266721572913595,1.0,604.3154235139024,113.40610196606305,18.766044610717127,0.1952238374571496,1.0,709.9457105082,104.45714619909813,14.71339915897578,0.14118890954092822,1.0,587.9465842483919,99.82948354685098,16.979345780955445,0.16832289539960898,1.0,16.979345780955445,18.766044610717127,0.16832289539960898,1.0,1.0,1.1069936009434755,1.1446286927974476,815.1931200400654,815.2369274905478,815.1512909790769,0.0235253767613145,1257.978548513949,1271.0305211315415,1260.1923474812538,1255.2972656249676,1246.223995783555,1.3002026551407582,1.0,1.0,1.0,0.0,0.0,593.9021730506636,633.6926088423638,0.0016809486421473,0.0015755658504105,False,,5,1.0,True,True,True,True,False,False,True,False,retained
FT-124,1584.6985835682717,386.82005471367864,24.40969271536007,0.24267419615312275,1.0,1567.191517746793,393.21321048667943,25.090310024904685,0.24806841518019895,1.0,1530.9240870352298,288.82811600363993,18.866259826310603,0.19932675308689982,1.0,1284.3888138783086,271.18124036222844,21.113640778556476,0.21167684076305793,1.0,21.113640778556476,25.090310024904685,0.21167684076305793,1.0,1.0,1.156110069853568,1.146437159957248,1039.6588042265028,1039.7181822788175,1039.60785831974,0.0282757160242886,1419.321667147817,1435.4509426502711,1421.01773506427,1416.900410268311,1406.3992888204173,1.1388471623303726,1.0,1.0,1.0,0.0,0.0,1507.2597927325078,1462.1810937077898,0.0006630157515425,0.0006834424011493,False,,5,1.0,True,True,True,True,False,False,True,False,retained
FT-030,5256.516302450767,840.6957940917762,15.993402202516048,0.16761617135243562,1.0,6436.716473341391,947.1765742155299,14.715213543091435,0.14616508330966188,1.0,4039.8900579451915,458.01570695863455,11.337330976566104,0.11260134283892163,1.0,4813.59268467135,747.4913305086839,15.528761560757589,0.15840440582457374,1.0,14.715213543091435,15.528761560757589,0.14616508330966188,1.0,1.0,1.086861713265772,1.1467593186898677,943.6407760815548,943.6939445363817,943.5907638447396,0.0278931269507372,1013.782160621757,1034.6732477987937,1016.3046768281488,1011.0867446353868,997.308114574802,1.3509453587603917,1.0,1.0,1.0,0.0,0.0,4808.515277561291,5113.694887193008,0.0002079211609256,0.0001955150839014,False,,5,1.0,True,True,True,True,False,False,True,False,retained
FT-220,993.890812196715,210.81751487163285,21.211335519409847,0.20627605324213863,1.0,1013.4723231108319,195.23682802898963,19.26414995031283,0.19123105652301456,1.0,734.95976536782,105.153312264095,14.307356296091895,0.14355919853619684,1.0,1065.0847021265004,189.08473519174368,17.753023286713777,0.1790773746972458,1.0,17.753023286713777,19.26414995031283,0.1790773746972458,1.0,1.0,1.1948013122522203,1.151882272067456,1098.2292261588002,1098.2904734059596,1098.173907533108,0.0325171901432204,1176.4712324222012,1189.1500946783274,1178.6797381441168,1173.8919929822691,1163.494515572824,1.1867773561182018,1.0,1.0,1.0,0.0,0.0,941.3825138744116,938.796314922086,0.0010611402326309,0.0010640603544853,False,,5,1.0,True,True,True,True,False,False,True,False,retained
FT-204,893.1037674126444,166.08542129775472,18.59643048857699,0.19550833361410214,1.0,907.3039348830181,149.96438064919698,16.528571615699253,0.16124042264041027,1.0,749.1496770881816,132.98027338281872,17.750828365793417,0.17001278311942886,1.0,958.6451829542445,164.37144081247556,17.14622299628463,0.1696418839343308,1.0,17.14622299628463,17.750828365793417,0.1696418839343308,1.0,1.0,1.0845788307201298,1.1524767886318945,1033.9838278235356,1034.042914112964,1033.928607670589,0.0297239387994302,1455.7532616121457,1468.3237969120837,1457.4093418500188,1453.3497847415665,1443.3293499524104,0.98773463920309,1.0,1.0,1.0,0.0,0.0,813.5810174519474,872.1502861132224,0.0012276249735453,0.0011452782137327,False,,5,1.0,True,True,True,True,False,False,True,False,retained
FT-139,941.4798996995302,185.5784997041525,19.71136078033946,0.21086140342538112,1.0,937.8703448389373,210.2884714069699,22.42191285439175,0.20906683227050538,1.0,1015.3883019316761,186.65916917908572,18.383033251809685,0.18291288039617204,1.0,1022.9330490962743,184.24052239988814,18.011004978542655,0.1802488128117026,1.0,18.383033251809685,22.42191285439175,0.18291288039617204,1.0,1.0,1.0722583433503288,1.1527969105766374,1174.234578749382,1174.3047758750722,1174.1691741712189,0.0367706332183141,1443.187753176186,1459.7429939552608,1445.8934686334949,1440.3935207486345,1432.0249712908712,1.2691559803045909,1.0,1.0,1.0,0.0,0.0,952.8259689204156,991.377904270608,0.0010484092828085,0.0010076806382896,False,,5,1.0,True,True,True,True,False,False,True,False,retained
FT-014,2940.045780604,455.5933229890286,15.496130230170497,0.16321333351064105,1.0,3366.352051141575,473.72975359362243,14.072495876745107,0.14140291761213378,1.0,2380.824763724956,251.76628823729231,10.574750904530559,0.10597984825928747,1.0,2927.5962813309816,436.4718112876728,14.908879823048494,0.14900817269989236,1.0,14.072495876745107,14.908879823048494,0.14140291761213378,1.0,1.0,1.101164311284536,1.1542430401495176,843.583190546885,843.630050243499,843.5406553510771,0.0244139600441625,963.0868614775412,982.5703484671496,965.7982037305084,960.5184649981504,948.7611850277426,1.2901121418075123,1.0,1.0,1.0,0.0,0.0,2718.919676522759,2897.6006652186943,0.0003676579160155,0.0003449940559247,False,,5,1.0,True,True,True,True,False,False,True,False,retained
FT-041,5085.1341068364645,835.1578350465949,16.42351642061528,0.16926983277381397,1.0,5657.612548011058,803.8518442563457,14.2083226349415,0.14641689000147096,1.0,4693.89387812412,531.021757061976,11.313032864607388,0.1111005998557717,1.0,4284.492865219782,756.12239342919,17.647885460777935,0.17519862850461562,1.0,14.2083226349415,17.647885460777935,0.14641689000147096,1.0,1.0,1.1559081844204546,1.1560813289512804,1025.1883020825835,1025.2470030177271,1025.1352405717655,0.0297741950913376,1095.323555128769,1102.8408436153272,1098.0563633672148,1092.842493768012,1078.72885869897,1.2868239953887035,1.0,1.0,1.0,0.0,0.0,4503.070971084091,4888.526507889115,0.0002220213683176,0.000204518780783,False,,5,1.0,True,True,True,True,False,False,True,False,retained
FT-208,1209.3457361805747,208.0256657444504,17.201504873325064,0.1818208150278348,1.0,1252.0742352079556,202.9867249204052,16.212035933052434,0.16750892483500746,1.0,1016.5694461633427,164.97485385097477,16.228586691603805,0.156238074640324,1.0,1309.1332916575625,206.8353400983014,15.799410298122988,0.1571177741744939,1.0,16.212035933052434,16.228586691603805,0.1571177741744939,1.0,1.0,1.0610329846515663,1.1572262653486032,1034.3174542653558,1034.380541985564,1034.2613138443917,0.0295451611052212,1455.555851617301,1469.701675415041,1457.6545435811267,1453.1631563393423,1442.65215174357,1.0732159464279536,1.0,1.0,1.0,0.0,0.0,1101.7275424408358,1193.3452599235234,0.0009068423173566,0.0008372788284553,False,,5,1.0,True,True,True,True,False,False,True,False,retained
FT-222,1477.558994352473,223.235441678635,15.10839448928169,0.15279522418943764,1.0,1580.3396273371811,203.21595557861878,12.859005245665502,0.13179930937771894,1.0,1481.5420330226773,140.54256362472287,9.486235320504852,0.0939740392382832,1.0,1335.4254791006808,183.96273593758974,13.775589788917033,0.13647418333890704,1.0,12.859005245665502,13.775589788917033,0.13179930937771894,1.0,1.0,1.1749271580999168,1.1593021610723866,1087.6997012829654,1087.7619304064426,1087.6443678719036,0.03103060333828,1212.1840644998792,1229.1766516010414,1214.6552307545503,1209.398301752987,1197.634043318504,1.289501447076295,1.0,1.0,1.0,0.0,0.0,1325.6717036063071,1467.219307003939,0.0007537659824067,0.0006810971598245,False,,5,1.0,True,True,True,True,False,False,True,False,retained
FT-025,6916.847979690364,1033.0723014232196,14.935593560196557,0.15499153989940023,1.0,7873.257348434647,1046.0193241224986,13.2857250541984,0.13327296563141153,1.0,5629.686242933677,530.7260280567623,9.427275431609072,0.0943071053017986,1.0,6925.330358568963,1040.09237275369,15.018667975409228,0.1521282760596768,1.0,13.2857250541984,15.018667975409228,0.13327296563141153,1.0,1.0,1.1241835503344837,1.1629630898141414,843.080105891697,843.1277631649815,843.0381621542712,0.0247628776573223,963.2439588234024,988.1751993200248,965.7639074749648,960.7361998439518,947.918078663588,1.3047236827776925,1.0,1.0,1.0,0.0,0.0,6458.960169777018,6822.890886668406,0.0001547997160537,0.0001465439610052,False,,5,1.0,True,True,True,True,False,False,True,False,retained
FT-052,1665.0215529972318,299.24782484615184,17.97260968228736,0.18815756348856896,1.0,1869.4132180029421,309.1881290067762,16.539314370371034,0.16834379884783435,1.0,1574.3380719415977,183.53313358969825,11.657796813828604,0.11293426992150432,1.0,1306.9271333079812,206.5767764919614,15.80629640530089,0.16158385933295294,1.0,15.80629640530089,16.539314370371034,0.16158385933295294,1.0,1.0,1.1370538183922683,1.1644576646783722,1069.2070748658969,1069.267262316396,1069.1527914655323,0.0310318689959965,1173.5811959662594,1189.0482915242503,1175.8907247598563,1171.315212620077,1163.561102549235,1.1500091708878202,1.0,1.0,1.0,0.0,0.0,1452.0044694646954,1587.177876235044,0.0006882291286883,0.000629652392823,False,,5,1.0,True,True,True,True,False,False,True,False,retained
FT-224,1188.7122198836414,219.64544219828383,18.477596050941926,0.18607164123148925,1.0,1131.8724397203835,195.93611392219677,17.310794666102183,0.17745819277197386,1.0,1123.237617494687,129.79823076354248,11.55572327189767,0.11067955426128849,1.0,1106.2478456732324,171.17416985035055,15.473401419026366,0.15977428097863228,1.0,15.473401419026366,17.310794666102183,0.15977428097863228,1.0,1.0,1.194152180930403,1.1645906968992958,1253.32364366104,1253.39641832023,1253.2628428970104,0.0341562439500352,1273.874816816318,1285.89905912226,1276.2559770273813,1271.3717770670623,1263.522872491316,1.183151434417745,1.0,1.0,1.0,0.0,0.0,1065.7368459227166,1120.5971887951428,0.0009374383230711,0.0008915856869026,False,,5,1.0,True,True,True,True,False,False,True,False,retained
FT-011,915.2158818474385,151.11581319289073,16.511493756844672,0.17268364251995905,1.0,966.1213739346884,142.41034481376695,14.740419646630667,0.14822032972032986,1.0,973.0838019527819,115.79495268750158,11.899792438752407,0.1177259174278969,1.0,914.5955915956824,142.09156456147008,15.535999283963841,0.15962846914797654,1.0,14.740419646630667,15.535999283963841,0.14822032972032986,1.0,1.0,1.1201508608758526,1.1650469462980408,1211.8279152595003,1211.899520416236,1211.762666802262,0.0363039936634745,874.6133425350365,886.9604836740813,876.7821117479145,872.0452383104141,863.3168395873045,1.2291365451074237,1.0,1.0,1.0,0.0,0.0,941.284421070307,951.4549535252738,0.0010612506984506,0.0010499184200772,False,,5,1.0,True,True,True,True,False,False,True,False,retained
FT-249,66.0249278365218,17.358898873219726,26.29143180012326,0.2812964614632589,1.0,85.44935386550566,20.69051146818552,24.213771704759374,0.24129809334514077,1.0,66.3599438332354,14.021452557348102,21.129391840029953,0.22120857094076762,1.0,56.09416772816921,14.578851233039604,25.989959069699214,0.27095720845721294,1.0,24.213771704759374,25.989959069699214,0.24129809334514077,1.0,1.0,1.0858048932110609,1.165763299508987,1069.709184439815,1069.7804240606993,1069.6449862815853,0.032195006247936,1158.0681524278946,1163.6372934068968,1160.4743729659026,1155.2261009596696,1149.9450179508715,1.242632907231868,1.0,1.0,1.0,0.0,0.0,57.44579966488082,69.50556272107815,0.0171098694129235,0.0141832780479467,False,,5,1.0,True,True,True,True,False,False,True,False,retained
FT-163,1067.4257666487863,229.7288990639194,21.521768186762053,0.23044493093973237,1.0,1079.683403511371,209.82167410839028,19.43362965717575,0.19624051980134938,1.0,1164.8620666957506,148.96093780322212,12.787860645661242,0.12566001736905047,1.0,1085.544693924251,240.08297041015055,22.116359810322418,0.3071777378640448,1.0,19.43362965717575,22.116359810322418,0.19624051980134938,1.0,1.0,1.1074497438935844,1.1742984128507583,1337.3318321701493,1337.4086088050117,1337.2605286062494,0.0385999135719712,1551.0732220065731,1564.003391265867,1553.8833102803744,1548.545409600503,1539.332274119059,1.2550125304137447,1.0,1.0,1.0,0.0,0.0,1104.3794371121548,1109.6459198851526,0.000904666729293,0.0009003769627168,False,,5,1.0,True,True,True,True,False,False,True,False,retained
FT-191,1678.3722646852254,312.11435240606954,18.596252987093173,0.18758570816441592,1.0,1592.8457905950559,253.47909156526862,15.913598985032557,0.15960844212578412,1.0,1632.2827122058422,187.35124927456545,11.477867643490619,0.1133438634158443,1.0,1444.4866983163456,258.4388219631698,17.89139507233947,0.17689468363971816,1.0,15.913598985032557,17.89139507233947,0.15960844212578412,1.0,1.0,1.1685761972878523,1.1752868812326573,996.1601236401428,996.2186492772656,996.110795668755,0.0284715935311538,1136.386402786609,1153.94223276774,1138.371931479331,1134.0748031589246,1126.063989003498,1.108437168086034,1.0,1.0,1.0,0.0,0.0,1478.790400013751,1556.997987590423,0.000675771379508,0.0006418493528008,False,,5,1.0,True,True,True,True,False,False,True,False,retained
FT-065,480.1136525835864,96.65674598780384,20.13205528892478,0.19688597639328928,1.0,435.00772944567206,67.22379266824612,15.453470850715462,0.15552329458409345,1.0,348.4606462533602,60.19778422917391,17.275346549579965,0.16741827631204,1.0,587.6739058988328,116.6840701373275,19.85524097056208,0.19625760627300703,1.0,17.275346549579965,19.85524097056208,0.16741827631204,1.0,1.0,1.1653633246167368,1.176012444581178,1149.7477835102598,1149.8144632764945,1149.685681984192,0.0325078453702678,1279.935188473766,1290.790366661261,1282.5930344589017,1277.339259704826,1271.8166430403594,1.2261011409371214,1.0,1.0,1.0,0.0,0.0,472.67474828403033,456.7684436834198,0.0021111532831814,0.0021845105616139,False,,5,1.0,True,True,True,True,False,False,True,False,retained
FT-166,2382.851464684823,391.389090596574,16.425240783874987,0.17287985352738966,1.0,2365.3991751565654,420.01840403181177,17.7567663184803,0.1772971814166283,1.0,2476.4544542656777,312.97061794079127,12.637850754803962,0.12387761264885999,1.0,2403.2401571449404,357.6057644318012,14.880151006491102,0.146822983131908,1.0,14.880151006491102,17.7567663184803,0.146822983131908,1.0,1.0,1.1038356248340409,1.1774713320738877,1336.829587591733,1336.9071768270933,1336.758166890643,0.0395924658268704,1551.163342823527,1568.0353767641172,1553.9326980453293,1548.4241335389538,1538.6801701207305,1.3142761731910406,1.0,1.0,1.0,0.0,0.0,2406.167023633026,2414.4030079228264,0.0004154260963955,0.000414009586276,False,,5,1.0,True,True,True,True,False,False,True,False,retained
FT-037,3003.5202021563223,494.1621055607325,16.45276449966802,0.1685762563046608,1.0,3377.9765544257552,470.8525129470486,13.938892273546047,0.14244435767823652,1.0,2780.6495108802046,308.1995834351413,11.08372638224304,0.10976883221380396,1.0,2552.360774406815,432.99932254356173,16.964659811628454,0.17019969959223247,1.0,13.938892273546047,16.964659811628454,0.14244435767823652,1.0,1.0,1.1803494981371605,1.1834533782338568,1025.6898265569414,1025.748006596175,1025.6372240551368,0.0299180645632153,1095.46453629439,1103.265474153602,1098.0912759786563,1092.8921077109414,1081.8746330427098,1.3060567861598344,1.0,1.0,1.0,0.0,0.0,2663.60798226518,2909.666258062758,0.0003752897261644,0.0003435639511159,False,,5,1.0,True,True,True,True,False,False,True,False,retained
FT-098,1394.409432596258,268.320982326084,19.242625304570392,0.19894142648456906,1.0,1380.7702743624186,248.78766377707743,18.018034454859414,0.2512702448482652,1.0,1317.6710638832337,121.39355388052373,9.212735803939692,0.09140956907957001,1.0,1342.9153125990638,195.28260272259394,14.541691563904063,0.16805376654523052,1.0,14.541691563904063,18.018034454859414,0.16805376654523052,1.0,1.0,1.3232728269615597,1.1837962967109419,1234.285360466548,1234.3584080913142,1234.2175489976564,0.0355276090628736,1298.978903962394,1315.1444068651524,1301.099355556177,1296.7371931063972,1285.3820376449771,1.0487614830989662,1.0,1.0,1.0,0.0,0.0,1330.028820305797,1347.544850586393,0.0007512985329425,0.0007415400381864,False,,5,1.0,True,True,True,True,False,False,True,False,retained
FT-119,1471.8450551446076,292.01676250930996,19.840183685681474,0.21262167614470076,1.0,1452.7842246307484,309.6817537912521,21.3164314796964,0.20259242657568635,1.0,1604.4312693890804,294.64690830418886,18.364570295141505,0.17960709114150072,1.0,1571.5174271553221,282.5367328618133,17.97859368147424,0.1780589395206016,1.0,18.364570295141505,21.3164314796964,0.17960709114150072,1.0,1.0,1.0803510981648372,1.1838155987793935,1173.7328914728205,1173.8032504310777,1173.6726629889213,0.0333763897511305,1443.2962636993905,1461.1698659261056,1446.2752528351923,1440.3320215371118,1432.0197194417306,1.3310233171334998,1.0,1.0,1.0,0.0,0.0,1461.413215491092,1541.770128799806,0.0006838012604147,0.0006481847044691,False,,5,1.0,True,True,True,True,False,False,True,False,retained
FT-103,6135.042904251052,1065.0626453930076,17.360312910852045,0.16831943086639217,1.0,6202.990984655216,889.4379874250322,14.338856684223767,0.14216803721935214,1.0,5454.22489794098,537.364855957592,9.852268030980024,0.09713946408634304,1.0,5655.052521078041,857.1288926092959,15.156868825082082,0.15546443534471166,1.0,14.338856684223767,15.156868825082082,0.14216803721935214,1.0,1.0,1.210718071403323,1.1839470682618403,1295.3340005034854,1295.4088685802842,1295.2660151633097,0.0369004205904129,1325.9263584717098,1348.1806891897468,1328.313249836628,1323.3256151193673,1304.770805939381,1.1895624336993404,1.0,1.0,1.0,0.0,0.0,5605.078776929837,5776.227461774498,0.0001783778002041,0.000173093409705,False,,5,1.0,True,True,True,True,False,False,True,False,retained
FT-071,326.32127127178114,72.53815804921508,22.229062103892296,0.21434827225041433,1.0,282.45114734847255,66.81995543728179,23.657172599424083,0.24233869419509074,1.0,221.7498548305289,32.575163558897856,14.690049553264982,0.14679148033614847,1.0,379.0370810139955,66.92717953695194,17.657158861056324,0.180356915029766,1.0,17.657158861056324,23.657172599424083,0.180356915029766,1.0,1.0,1.2589263243771067,1.1884671691963595,1150.7515985354444,1150.8216637168111,1150.6946579570076,0.0329001027792091,1279.6007579597722,1289.9491491550348,1281.8612304005794,1276.882566964393,1271.0001140687532,1.1438663349396818,1.0,1.0,1.0,0.0,0.0,312.004407713369,294.26128240970115,0.0031948431886484,0.0033868307820068,False,,5,1.0,True,True,True,True,False,False,True,False,retained
FT-149,1498.2910353979833,378.7100122053168,25.276131489682314,0.2480367781962727,1.0,1444.6155491564878,308.9157870225074,21.383944482868372,0.21521703736140885,1.0,1487.1104695276,246.07943293564134,16.547488433311326,0.17367111731522095,1.0,1364.6292449941482,275.96621860978564,20.222798215860387,0.20862353640500259,1.0,20.222798215860387,21.383944482868372,0.20862353640500259,1.0,1.0,1.2498829894796006,1.188920399253308,1264.301168475248,1264.3726695538803,1264.2328619236057,0.0369738887775996,1498.8110275470938,1512.298849795731,1501.6547552339002,1496.0694294737173,1483.2695644459832,1.3381313997308846,1.0,1.0,1.0,0.0,0.0,1677.2303813752246,1432.2766127188684,0.0005958657470975,0.0006977020284333,False,,5,1.0,True,True,True,True,False,False,True,False,retained
FT-073,2683.9378118727586,482.4266665469781,17.97458437423174,0.1771762518430645,1.0,2605.1013010697498,380.02745007669296,14.587818520555796,0.148824903127596,1.0,2502.8238423307967,275.5844630521342,11.010941257275684,0.10828769011476386,1.0,2537.20069032346,389.39743919561244,15.347522199592708,0.15406162057333983,1.0,14.587818520555796,15.347522199592708,0.148824903127596,1.0,1.0,1.232163969472449,1.1905013752379954,1252.8205095026694,1252.8927190429526,1252.7570309093385,0.0359474530824347,1273.817172792693,1288.2634181766712,1275.9684910424037,1271.3181247571324,1262.248121408315,1.1541148926103488,1.0,1.0,1.0,0.0,0.0,2413.939758906413,2549.0933288341007,0.000414089004213,0.0003921425105085,False,,5,1.0,True,True,True,True,False,False,True,False,retained
FT-086,273.67974762763424,65.97930109473187,24.108214680357936,0.24061665286083597,1.0,294.6502447734531,61.3521851001876,20.822037717076828,0.21009023181684144,1.0,236.83616924944528,36.0748597640879,15.23198921786833,0.1512361118627817,1.0,258.70919233858064,53.74691233270888,20.77503000448807,0.2019675154421769,1.0,20.77503000448807,20.822037717076828,0.2019675154421769,1.0,1.0,1.1604418706086004,1.1913631374532816,1252.3224421698592,1252.394260929982,1252.2598314863185,0.0357571265908724,1252.0492024447103,1259.1190925011254,1254.3147136599673,1249.55524604749,1244.1498037484978,1.2944815304881885,1.0,1.0,1.0,0.0,0.0,247.9977835065569,263.7941267110367,0.0040161000066639,0.0037765188088604,False,,5,1.0,True,True,True,True,False,False,True,False,retained
FT-223,1506.7549492736978,229.16604938072632,15.209244840456067,0.15437189098257043,1.0,1566.8063654769285,203.18424430813133,12.968050729503068,0.12924646351537097,1.0,1457.0960924867836,150.09133649120218,10.30071642255561,0.10070386519347074,1.0,1324.7064546953684,177.1261779807841,13.370975686950684,0.13318818730240645,1.0,12.968050729503068,13.370975686950684,0.12924646351537097,1.0,1.0,1.1728242862170606,1.1943993420308274,1088.2006657983875,1088.2647114412373,1088.1441726877654,0.0308360094818792,1212.1002271969037,1227.8823891553018,1214.4726100783676,1209.566328387379,1197.8670644760136,1.162187290885767,1.0,1.0,1.0,0.0,0.0,1336.057705273084,1451.0207353748483,0.0007479108762891,0.0006886953992029,False,,5,1.0,True,True,True,True,False,False,True,False,retained
FT-027,4768.958402143237,802.7939934802296,16.833738644468834,0.175092248946566,1.0,5824.448721157228,861.7404194386281,14.79522716559197,0.14515789314486022,1.0,3647.3902651743274,439.72138083963887,12.055780952154906,0.1200180783006753,1.0,4373.4330090644735,714.0307540499331,16.32655061984526,0.16665106444720396,1.0,14.79522716559197,16.32655061984526,0.14515789314486022,1.0,1.0,1.137781695141367,1.2062192771827627,944.1420067072388,944.1949828507568,944.0933831173212,0.0274536438076089,1013.8565207197244,1035.1988995593508,1016.3542223052108,1011.098491583856,998.5545121068548,1.2940592342849382,1.0,1.0,1.0,0.8618677005823497,0.1666666666666666,4362.503124337215,4630.398994955113,0.0004266910433036,0.0004020097820573,False,0.7071067811865475,5,1.0,True,True,True,True,False,True,True,False,retained
FT-234,1221.2759177163136,243.71261892808803,19.955573952838666,0.19151311613245034,1.0,1277.4338999726838,198.41212180334298,15.532085206724652,0.1581898438575669,1.0,1116.9503595533008,120.77910182883129,10.81329181693752,0.10587120910391087,1.0,1100.586871194896,214.22614713330833,19.464719481954674,0.2161070797720798,1.0,15.532085206724652,19.464719481954674,0.1581898438575669,1.0,1.0,1.2847968374651237,1.2106536770141039,1297.3438707330265,1297.41780999526,1297.2834308267838,0.035936390989363,1326.1469761141468,1339.8936870180316,1328.3423882735617,1323.7863328692615,1309.1371917724628,1.0893447788281685,1.0,1.0,1.0,0.0,0.0,1102.7792701514434,1166.4137126419696,0.0009059782395286,0.0008565943582561,False,,5,1.0,True,True,True,True,False,False,True,False,retained
FT-048,1832.6181706770913,369.38152357602485,20.155945711241678,0.20034124194651975,1.0,1727.0199550777254,285.4537140604505,16.528686493816657,0.16505329780649045,1.0,1773.7608517519923,221.0640380072473,12.463012575167406,0.1219667463940386,1.0,1572.313153716591,285.88733846997985,18.182595356033698,0.17718054200280098,1.0,16.528686493816657,18.182595356033698,0.16505329780649045,1.0,1.0,1.219452357498702,1.2137972679673514,995.6559728029966,995.70918172837,995.6074428817482,0.0273435726814712,1136.486651444235,1153.569062908047,1138.6681222264142,1133.988936628819,1126.1802677626015,1.1929094187675182,1.0,1.0,1.0,0.0,0.0,1621.3277249601028,1691.4868725225535,0.0006163982681271,0.0005908465325403,False,,5,1.0,True,True,True,True,False,False,True,False,retained
FT-113,7167.101097164737,1258.6227479103982,17.561113354579327,0.16950116237014828,1.0,7368.556145887404,1043.1682911556613,14.157024395313625,0.13958183891760204,1.0,6413.690739831438,602.9944686928131,9.401676712411314,0.09240899075156724,1.0,6654.192293825612,993.751515519923,14.934216981406134,0.15079304611666886,1.0,14.157024395313625,14.934216981406134,0.13958183891760204,1.0,1.0,1.2404522916830285,1.2143496867827355,1295.8340568472142,1295.9104778358453,1295.768224225936,0.0366780214193528,1325.935889442976,1348.2670237223315,1327.797072671238,1323.3191753625963,1304.2779909769702,1.190702173843557,1.0,1.0,1.0,0.0,0.0,6569.464548413092,6819.189554608141,0.0001521962401032,0.0001466234907392,False,,5,1.0,True,True,True,True,False,False,True,False,retained
FT-054,2506.0327709799835,449.27536533375917,17.92775300213134,0.17904378778040558,1.0,2565.7053659742064,370.65888177097634,14.446665883252578,0.14743987954555587,1.0,2490.7964301416414,253.9603708573037,10.195950491339914,0.10078137878333943,1.0,2109.5967585999774,351.5692028680602,16.665232416330465,0.17276519575958293,1.0,14.446665883252578,16.665232416330465,0.14743987954555587,1.0,1.0,1.2409612811018382,1.2143511533803495,1106.2349666883931,1106.2984588554452,1106.1774103781204,0.0320626708743715,1180.403233758563,1196.6204858595336,1183.2722565479864,1177.6164536741317,1165.9355028214,1.351917574115685,1.0,1.0,1.0,0.0,0.0,2203.0198745656503,2390.9400985896914,0.00045371641678,0.00041807067016,False,,5,1.0,True,True,True,True,False,False,True,False,retained
FT-179,1681.5265292251017,332.32351614524237,19.76320387275645,0.20627183058133985,1.0,1615.3406295622092,272.7589623506292,16.885538403411083,0.16962032927511564,1.0,1819.5447630369238,213.85676363822907,11.75331148662097,0.11589938936961444,1.0,1452.522443325298,254.1393477885932,17.496414527460608,0.1787198362282374,1.0,16.885538403411083,17.496414527460608,0.16962032927511564,1.0,1.0,1.1704218959795822,1.21607964954942,728.4969707230775,728.5374900581327,728.4606010611253,0.0212811240501545,1014.0492700576092,1031.0792793022397,1016.8041164703352,1011.1718983749886,1001.4421236646056,1.3515994807877785,1.0,1.0,1.0,0.0,0.0,1503.3908726355255,1628.9613210581952,0.0006647208635666,0.0006135114907823,False,,5,1.0,True,True,True,True,False,False,True,False,retained
FT-157,4151.624070372584,987.9451153096418,23.796593780249943,0.23291354760363828,1.0,4113.560349663417,853.3785255509065,20.74549667469282,0.2094669889318891,1.0,4212.456875457168,723.239622575468,17.169068882087405,0.17865637858822223,1.0,3884.969042771122,719.3424672483061,18.516041166063037,0.18948322773615114,1.0,18.516041166063037,20.74549667469282,0.18948322773615114,1.0,1.0,1.2851879927694976,1.2292040323904676,1263.2947685123595,1263.368664598244,1263.2276740087248,0.0374424281621028,1498.9586431862058,1519.8445044172583,1501.829279831422,1496.1558304650562,1479.1106853079289,1.3746438578061395,1.0,1.0,1.0,0.0,0.0,4652.940872544712,4070.875991327187,0.0002148716598226,0.0002455870468869,False,,5,1.0,True,True,True,True,False,False,True,False,retained
FT-207,992.1135062686601,173.69623932146172,17.507698284920387,0.17696092603613325,1.0,1012.604362845107,162.12225493419857,16.01042429628536,0.16383853376461022,1.0,818.3109865921647,118.99974711036812,14.54211773520719,0.1383840957575858,1.0,1051.3941265559201,148.17942650847803,14.09361368546668,0.14368256199741222,1.0,14.54211773520719,16.01042429628536,0.14368256199741222,1.0,1.0,1.2039304456003255,1.231610319137547,1034.6551417461487,1034.7125304192216,1034.5975891814644,0.0303605748289172,1455.50905041845,1469.479553565551,1457.2048275403458,1453.303311263696,1442.954649764501,1.045363518081707,1.0,1.0,1.0,0.0,0.0,901.5359142400708,961.4259587173171,0.0011079891494866,0.0010390409682348,False,,5,1.0,True,True,True,True,False,False,True,False,retained
FT-154,2753.805753607847,656.588330931545,23.842942810012225,0.23352855282623095,1.0,2789.5480939162576,662.2254721710295,23.739525180271354,0.23764129873805623,1.0,2897.8859424874627,513.2025329567398,17.709549069285362,0.18408113738320184,1.0,2663.1373140151636,498.73907816322577,18.727501414911497,0.18946020804999283,1.0,18.727501414911497,23.739525180271354,0.18946020804999283,1.0,1.0,1.2731513020219363,1.2325994742104887,1263.7971017854209,1263.8715515041586,1263.7320792002329,0.037321139261873,1498.895810560801,1516.8788947229823,1501.5387958090012,1496.1383324478263,1479.1927665212909,1.3203674931810594,1.0,1.0,1.0,0.0,0.0,3116.205127045629,2783.60004056718,0.0003208001909543,0.000359118000945,False,,5,1.0,True,True,True,True,False,False,True,False,retained
FT-032,4945.637645832655,803.5308231383204,16.24726437076117,0.17168642466651138,1.0,5471.033296250808,762.1422931731681,13.930499997056302,0.1391479599071635,1.0,5127.680455951312,520.4160844420444,10.14915201742021,0.0999837293693759,1.0,4107.125133726587,623.0336793082789,15.169581130900957,0.15210512075046323,1.0,13.930499997056302,15.169581130900957,0.1391479599071635,1.0,1.0,1.1663087738555278,1.2338407604470583,923.6242483918668,923.6775548079564,923.5784299297836,0.0272164472860657,1071.5163479969956,1096.3162617107012,1074.3064281661898,1068.7524562678664,1064.6716237330195,1.3373505220465651,1.0,1.0,1.0,0.0,0.0,4336.593666881878,4909.149928232876,0.0002305425719414,0.0002036597689716,False,,5,1.0,True,True,True,True,False,False,True,False,retained
FT-026,2430.6218039658693,488.65129237239955,20.10396235132519,0.2062646706397811,1.0,2332.567971465339,388.398084428052,16.651093952218552,0.16687286916576644,1.0,2671.7120464734235,315.23190109661533,11.798872618503614,0.11723272224215657,1.0,2137.1074866730532,365.2158486284119,17.089259707613607,0.17522567481292195,1.0,16.651093952218552,17.089259707613607,0.16687286916576644,1.0,1.0,1.207365858904819,1.236058753414757,727.9951742528884,728.0375875622003,727.9575827820195,0.0214790515447573,1014.168080213055,1032.1152803172229,1016.9923818887036,1011.3062294193828,999.9946789119542,1.3691867366597237,1.0,1.0,1.0,0.0,0.0,2186.174014664266,2379.8562416629434,0.0004572109915787,0.0004200169596554,False,,5,1.0,True,True,True,True,False,False,True,False,retained
FT-240,856.1970828655991,200.0525474948994,23.36524516357205,0.26047966684078605,1.0,749.2124685931215,156.67297368702637,20.911687973002962,0.21705070354062672,1.0,641.6223005743767,133.8967047100821,20.868461802250096,0.2094988543832425,1.0,1249.7407612960637,257.2084574486674,20.58094489787828,0.20420959179377796,1.0,20.868461802250096,20.911687973002962,0.2094988543832425,1.0,1.0,1.1196438618706792,1.2433464975626207,1083.3466638903149,1083.418782663368,1083.293469620257,0.0379018511140412,1455.299982043751,1466.075484139584,1456.6897452440542,1453.095145833872,1445.1545170375284,1.139622011246467,1.0,1.0,1.0,0.0,0.0,797.7353830048313,878.5338767170346,0.0012519790925475,0.0011369658707548,False,,5,1.0,True,True,True,True,False,False,True,False,retained
FT-036,2744.806913217101,440.36498409186504,16.043568746907855,0.17085008654114084,1.0,3015.459451380102,409.15017577165975,13.568419087326866,0.13699706808027676,1.0,2798.249193064306,302.8907394371992,10.82429471213426,0.10665985485896391,1.0,2224.1299899389287,358.29222190097795,16.109320207080888,0.16503021798217418,1.0,13.568419087326866,16.109320207080888,0.13699706808027676,1.0,1.0,1.1824199004799918,1.247107612850715,924.1258325459404,924.1798853197248,924.080169273414,0.0264606354907274,1071.4321892574976,1092.4735550258451,1073.9285036159004,1068.937950833161,1064.7293012038544,1.2463305407572942,1.0,1.0,1.0,0.0,0.0,2403.959721174465,2683.534986649959,0.0004158073797226,0.0003725039923014,False,,5,1.0,True,True,True,True,False,False,True,False,retained
FT-176,1249.2180177477076,264.24465185915943,21.152805043236764,0.2166568572351911,1.0,1358.636934645906,240.13395226612215,17.674622715060146,0.1735187629869162,1.0,834.4079225856998,101.21502376284296,12.130160922872522,0.11918870286230529,1.0,1405.763404801112,261.6324508462792,18.611414264500297,0.18457296889718114,1.0,17.674622715060146,18.611414264500297,0.1735187629869162,1.0,1.0,1.1967896222878318,1.2486076635500658,871.0972026876352,871.1464497877009,871.0521433276865,0.0261144448367921,967.075674195556,981.0014984824444,969.5888018377036,964.5575877934904,954.5241061123936,1.1831890005084889,1.0,1.0,1.0,0.5279068093393702,0.1666666666666666,1196.8338491415998,1201.61584490502,0.001275558217389,0.0012704861787847,False,0.3535533905932737,5,1.0,True,True,True,True,False,False,True,False,retained
FT-142,32025.890221837115,4087.5241040691512,12.763186521141696,0.12436940654602482,1.0,32271.204773627844,3220.5800368362943,9.979732890134196,0.10154773288504315,1.0,30474.97131943083,2160.8771589333255,7.090661829616066,0.07073366776375559,1.0,31597.492667450668,3067.4587282504244,9.70791815836162,0.0990908015529504,1.0,9.70791815836162,9.979732890134196,0.0990908015529504,1.0,1.0,1.314719213011547,1.2551054648555495,1223.287004668688,1223.356662280608,1223.2239895857,0.0347578187101029,1299.8451740769872,1340.5209657420266,1302.243180167931,1297.343779084556,1283.3566960044554,1.2104519752257064,1.0,1.0,1.0,0.0,0.0,30210.204891719182,31458.31129806165,3.310030181133549e-05,3.1787091285167914e-05,False,,5,1.0,True,True,True,True,False,False,True,False,retained
FT-085,7867.342325774453,989.037297112093,12.571428268373124,0.12602475302749308,1.0,7887.307028035314,781.2551840879449,9.905220898729885,0.10029234453856949,1.0,7389.294166797708,609.7532206319643,8.25184661576699,0.08184577712751141,1.0,7728.710039496721,784.4854906443359,10.150277169609277,0.10511599740139647,1.0,9.905220898729885,10.150277169609277,0.10029234453856949,1.0,1.0,1.2691719242712818,1.2565740047988176,1224.2975971419808,1224.3676798771355,1224.2360970656302,0.0338887890806766,1299.5622354883926,1326.7008043924968,1301.6533649016435,1297.2715763988908,1284.4157231648746,1.108347628423208,1.0,1.0,1.0,1.1594200307478186,0.1666666666666666,7369.696948499053,7671.207583805171,0.0002929736557935,0.0002814600631122,False,,5,1.0,True,True,True,True,False,False,True,False,retained
FT-045,5683.922567946237,906.2733789928379,15.944506072332022,0.16752546236542185,1.0,6264.066114147568,841.6832718802143,13.436692023081447,0.1332425374285835,1.0,5801.103306062147,608.0658542767477,10.481900117884809,0.10323583676449234,1.0,4665.739113876931,731.2515001851302,15.672790148301006,0.15789822818312932,1.0,13.436692023081447,15.672790148301006,0.1332425374285835,1.0,1.0,1.186639244610405,1.2572971484816822,923.1220202532094,923.1748329305268,923.0750959305832,0.026666860202454,1071.5859281352352,1095.0634189274017,1074.300955170282,1068.7521554752243,1064.7794972295344,1.329186310317866,1.0,1.0,1.0,0.0,0.0,4964.597455987662,5585.666936713928,0.0002013856356387,0.0001789976047128,False,,5,1.0,True,True,True,True,False,False,True,False,retained
FT-099,5102.800492770336,936.1994035567236,18.346776537376563,0.17846811534777665,1.0,5190.727239524641,737.7696715020783,14.21322364782246,0.14152440819676654,1.0,4511.777704396095,463.7669430354685,10.279029097191394,0.10282670467585556,1.0,4707.913349982537,733.405059130438,15.578134188326947,0.1570806421928748,1.0,14.21322364782246,15.578134188326947,0.14152440819676654,1.0,1.0,1.2908244457398224,1.2610412410249823,1296.3371434985418,1296.4131279821509,1296.2692935047885,0.0373652226579875,1325.9803275270754,1346.0861753380832,1328.1422415901347,1323.4768212611054,1305.3386232127343,1.1912823835485984,1.0,1.0,1.0,0.0,0.0,4622.3856251563175,4808.374720012781,0.0002162917137084,0.0002079272375759,False,,5,1.0,True,True,True,True,False,False,True,False,retained
FT-196,1397.7012946376306,210.80357361775577,15.082162006039274,0.15812873259723798,1.0,1502.0750012535811,205.1084538597918,13.655007485552666,0.13810554488967566,1.0,1384.1578943046043,170.6923984244188,12.331858896067201,0.11999903200544287,1.0,1217.1334868260196,155.32320877279227,12.76139474050923,0.12514601805750783,1.0,12.76139474050923,13.655007485552666,0.12514601805750783,1.0,1.0,1.1818584341853402,1.2635538473511299,1079.2166019688184,1079.2799026126334,1079.1624727504054,0.0309298310255249,1212.162690219896,1228.1000091217345,1214.808575306565,1209.5278179587426,1198.610527541609,1.2535770652518865,1.0,1.0,1.0,0.0,0.0,1255.000236263474,1369.4886195347206,0.0007961781941816,0.0007296667668349,False,,5,1.0,True,True,True,True,False,False,True,False,retained
FT-091,324.1675238935052,75.79190365285565,23.38047400385322,0.23575792127843248,1.0,355.7487567285468,70.96567132753324,19.948255611665683,0.1988918170283125,1.0,285.4788067253155,44.122300561907764,15.455543291646773,0.16153397099639286,1.0,328.4359116955954,63.91181330858244,19.459447348077422,0.18561572086884975,1.0,19.459447348077422,19.948255611665683,0.18561572086884975,1.0,1.0,1.2014973285540502,1.2701398360810807,1251.314808260303,1251.384541992356,1251.24725487946,0.0341748074286253,1251.9082930023933,1258.873232105109,1254.3394561869425,1249.2792991497554,1243.48779943925,1.2740584064472709,1.0,1.0,1.0,0.0,0.0,298.25374900867274,323.63290013436006,0.0033416456880245,0.0030804025087602,False,,5,1.0,True,True,True,True,False,False,True,False,retained
FT-152,1873.99028946825,374.1319527094883,19.964455248892953,0.2002606874221113,1.0,1546.6056052690012,325.3481191160207,21.036269234226193,0.20326958888373617,1.0,1278.0668562864444,176.15363740923442,13.782818679851152,0.1445684245367744,1.0,2328.5512059533166,351.0407999828976,15.075502702513269,0.1576561288347655,1.0,15.075502702513269,21.036269234226193,0.1576561288347655,1.0,1.0,1.3242978123419153,1.2702372492730576,1088.69277311038,1088.7531592942134,1088.6355161607228,0.0305833539223234,1455.33623852908,1466.4624174348594,1456.9608822617963,1452.985883470457,1444.6656153752283,1.0657414549985278,1.0,1.0,1.0,0.0,0.0,1974.5319659039872,1715.5749488670483,0.0005061927709898,0.0005825553965237,False,,5,1.0,True,True,True,True,False,False,True,False,retained
FT-250,1008.4530305560405,200.02150234156176,19.83448869515261,0.20732992728404495,1.0,1146.694247411121,184.64450501502733,16.102331151647196,0.16308088868715337,1.0,947.3096902869554,129.42615238703775,13.662496405777553,0.13534391572659946,1.0,803.9137460068445,142.01323909802102,17.665233341688864,0.18733021680470321,1.0,16.102331151647196,17.665233341688864,0.16308088868715337,1.0,1.0,1.2317774680173332,1.2713318461354282,1069.708344315076,1069.774287255223,1069.649218122904,0.030644853390045,1173.681223284433,1187.769702729723,1175.700209664516,1171.3635911074043,1163.6172158377544,1.1401411506553842,1.0,1.0,1.0,0.0,0.0,876.8528885709525,968.2601775156844,0.0011391430307051,0.0010317147275802,False,,5,1.0,True,True,True,True,False,False,True,False,retained
FT-088,17559.334008635386,2229.2717300265126,12.69565080845432,0.12536082190264994,1.0,17521.122370164787,1899.7236305273698,10.842476813941131,0.10969981062797703,1.0,16445.75592270199,1281.4478411459404,7.79196679781079,0.07746805942626925,1.0,17006.907217733016,1624.1758162128883,9.550095119701533,0.09819477671826707,1.0,9.550095119701533,10.842476813941131,0.09819477671826707,1.0,1.0,1.3293742784052076,1.276654686657373,1223.7937689750972,1223.8660708013226,1223.731097431243,0.0355204882343369,1299.7601011100369,1336.2607719587245,1301.8750860839802,1297.2461217844962,1283.6113158516257,1.136548855459982,1.0,1.0,1.0,0.0,0.0,16409.012051906455,16997.968932224805,6.093840740865414e-05,5.882709733672777e-05,False,,5,1.0,True,True,True,True,False,False,True,False,retained
FT-016,1561.674546994932,323.4883062845236,20.71419470253897,0.21174689556343096,1.0,1657.2798037242412,283.6899927722588,17.117809082977434,0.16574476687101172,1.0,1007.5215541434601,131.48134765325304,13.049978644380596,0.1304064507052669,1.0,1729.7524478633172,328.5581034303082,18.994515882094042,0.18745358613451046,1.0,17.117809082977434,18.994515882094042,0.16574476687101172,1.0,1.0,1.2100961403488202,1.277548000825991,870.5947196667247,870.6445532838661,870.5511700239324,0.0252234482417843,967.2980513141862,982.65905206854,969.9481957866528,964.4931277655786,954.9833971803866,1.317019050732212,1.0,1.0,1.0,0.0,0.0,1490.9994550537526,1467.2870728193764,0.0006702415316659,0.0006810657251649,False,,5,1.0,True,True,True,True,False,False,True,False,retained
FT-042,813.4564185061249,173.2013328510153,21.29202363036136,0.23908017894503447,1.0,905.9908230138992,168.75954844023966,18.62707040219663,0.18519767179162294,1.0,720.041082656171,106.40405823965409,14.777498229286927,0.14393851985228429,1.0,731.9833867398276,142.22855910509824,19.430572015926263,0.19392964750048125,1.0,18.62707040219663,19.430572015926263,0.18519767179162294,1.0,1.0,1.1430688331886296,1.2909459208214993,1025.1886386302892,1025.247027968808,1025.1370733359656,0.0298006748993319,1107.3546178711229,1123.5890952400546,1110.207654223817,1104.6921888972022,1102.8541050786582,1.4123877129358002,1.0,1.0,1.0,0.6769438017851375,0.1666666666666666,733.8785213958358,787.5239041224207,0.0022819333440307,0.0021266873369571,False,,5,1.0,True,True,True,True,False,False,True,False,retained
FT-212,2054.2504545161896,421.6282519017599,20.524676091701796,0.22451647058137428,1.0,2083.2919239496496,352.30232329865345,16.910847646869104,0.16853703308839896,1.0,2094.7735127509095,376.1929790610024,17.958646926319794,0.1734203936098636,1.0,1883.0614438448315,352.02689026201756,18.694392124733312,0.181817829179053,1.0,17.958646926319794,18.694392124733312,0.1734203936098636,1.0,1.0,1.1428854398613566,1.294637071845537,1034.6524894655838,1034.712526312989,1034.5946546772016,0.0289896148038387,1419.5355960078075,1437.3696770828783,1421.3266819845712,1417.0516013166043,1406.067496310462,1.0710088590038451,1.0,1.0,1.0,0.0,0.0,1780.0740063048067,2021.1720356725284,0.0005614589828721,0.0004945177672123,False,,5,1.0,True,True,True,True,False,False,True,False,retained
FT-034,1174.3463061664256,209.84064651394024,17.868719423910896,0.184566552847915,1.0,1322.4495019727296,189.72741302341626,14.346665996727689,0.14218883954643807,1.0,1237.3042656549942,136.23454282775054,11.010593482083552,0.10929280040841755,1.0,965.2442927376534,160.50590859898264,16.628527079269354,0.16782740831807186,1.0,14.346665996727689,16.628527079269354,0.14218883954643807,1.0,1.0,1.245496300533277,1.2980382527676275,924.6284568794596,924.682414112093,924.5817555901798,0.0263176047659261,1071.194488617538,1086.3274333241209,1073.7937312742429,1068.6907211707253,1064.7380309052537,1.2846760771846035,1.0,1.0,1.0,0.0,0.0,1030.270024610683,1176.8658110312977,0.0009696781406766,0.0008489931455981,False,,5,1.0,True,True,True,True,False,False,True,False,retained
FT-127,989.7310125429307,215.3305061204137,21.756467503949565,0.21833016263825114,1.0,821.8988475249354,165.3057017990457,20.11265769465999,0.19625846984922687,1.0,659.4826737906666,96.10015867414523,14.572052078603875,0.15531147768696993,1.0,1221.2068678407175,194.37799755889074,15.916877203825516,0.1679594025102196,1.0,15.916877203825516,20.11265769465999,0.1679594025102196,1.0,1.0,1.3668804015602094,1.299898424114522,1089.3621822179891,1089.4251348726043,1089.307522369366,0.0309853004019954,1455.0379438086263,1466.2902433975903,1456.7362453819535,1452.8117716271825,1443.8567584493844,1.0701762813663769,1.0,1.0,1.0,0.0,0.0,1045.6410951475164,899.8632527289776,0.0009554373553993,0.0011100463882511,False,,5,1.0,True,True,True,True,False,False,True,False,retained
FT-116,234.48422407801627,55.619138666458575,23.719778541669946,0.28626838187778436,1.0,232.45577151071544,54.69360663450678,23.528607734304238,0.22297776057596694,1.0,278.06689159050256,64.37858849634938,23.152194829133787,0.21948583951199457,1.0,215.69819438386168,48.55754510998705,22.51179953021437,0.2064452131907509,1.0,23.152194829133787,23.528607734304238,0.21948583951199457,1.0,1.0,1.0245153306943466,1.304268113670906,1034.3156777245072,1034.3733453488437,1034.2664963897112,0.0277415348472434,1386.2288582150331,1396.2981626211867,1388.9721706356552,1383.0239916368391,1375.9949180878775,1.5877595200199193,1.0,1.0,1.0,0.0,0.0,201.7508324287772,241.9518742547188,0.0049321622408198,0.0041160415126148,False,,5,1.0,True,True,True,True,False,False,True,False,retained
FT-187,1429.4116975652757,305.65718336500737,21.38342535503486,0.22666445395783583,1.0,1610.9381862511555,268.18180019060657,16.647553734802045,0.1731770803974548,1.0,1449.2496683597599,179.79828538091041,12.406301640517437,0.12216818030937411,1.0,1144.2280918951253,215.98896178600793,18.87639040816387,0.18626026423000225,1.0,16.647553734802045,18.87639040816387,0.1731770803974548,1.0,1.0,1.284478530340009,1.3088594254945478,931.6249044842097,931.6794619563228,931.5717895491504,0.0272151232804482,1117.1180883829777,1133.3014284331186,1119.8573127218217,1114.319571095626,1106.9318692437553,1.3574661876097962,1.0,1.0,1.0,0.0,0.0,1249.9772435550733,1404.123453106433,0.0007993750527053,0.000711681238961,False,,5,1.0,True,True,True,True,False,False,True,False,retained
FT-131,395.6991108433343,108.32344515365402,27.375205600737775,0.28337650677463094,1.0,378.1161960243794,110.61036929606671,29.253010174929138,0.28273996339605223,1.0,289.63971956519316,65.94409456238809,22.767628231854143,0.21606309906782434,1.0,351.8905565449919,71.7714349029512,20.395953675947727,0.20527525262557408,1.0,22.767628231854143,29.253010174929138,0.21606309906782434,1.0,1.0,1.2023740603088897,1.311545136569925,1040.328774739611,1040.3905778938313,1040.2758764608654,0.0302810872302927,1455.4224047810255,1466.6943168640173,1457.3205103985615,1452.965088839576,1443.890949958978,1.0864556546498374,1.0,1.0,1.0,0.0,0.0,396.4168665524327,340.3661325509248,0.0025162495207486,0.0029294060091061,False,,5,1.0,True,True,True,True,False,False,True,False,retained
FT-114,2709.068050901017,455.74079705464914,16.822788814886838,0.17152700079611452,1.0,2848.02463209496,361.81326244440453,12.704007485295541,0.12919692484849615,1.0,2963.276355013792,334.4810583564143,11.287541838292618,0.11213147647493502,1.0,2134.4398651518786,329.74216340837523,15.44865089862403,0.1556323039452427,1.0,12.704007485295541,15.44865089862403,0.12919692484849615,1.0,1.0,1.3242111856718164,1.3276399650940383,1151.256806499619,1151.3231198517683,1151.2053092518372,0.0333565268257377,1245.2813146104488,1261.8825232464346,1247.5078771979656,1242.7542043970964,1230.7061763431725,1.1684670730987647,1.0,1.0,1.0,0.0,0.0,2379.22740320011,2651.104896086979,0.0004201279250274,0.0003770589924536,False,,5,1.0,True,True,True,True,False,False,True,False,retained
FT-130,1787.0845933494675,502.3980775004148,28.112719418546853,0.2774167523697545,1.0,1746.552910711543,388.0026245844947,22.215337548887828,0.2194204165726086,1.0,1679.1886749866558,296.3389533027039,17.647746064334243,0.18271217451577312,1.0,1395.0587724915536,291.22306713090524,20.87532603452866,0.20679431360974967,1.0,20.87532603452866,22.215337548887828,0.20679431360974967,1.0,1.0,1.3466960646289905,1.3415105450785239,1040.3294064561312,1040.3900491717618,1040.2756843475045,0.0298022321977683,1419.1001653827748,1433.8092028576395,1421.1078526689091,1416.7725438654402,1405.8145236969008,1.0330371323009613,1.0,1.0,1.0,0.0,0.0,1690.3564335303488,1608.7007876410769,0.0005912414321283,0.0006212334662924,False,,5,1.0,True,True,True,True,False,False,True,False,retained
FT-171,3663.6905150518155,934.7158231478337,25.512958021636116,0.24378665222662824,1.0,3602.7528369859992,763.2426028588037,21.184983744189328,0.21420128673819727,1.0,3748.1534837250065,643.9282085836734,17.179878342220977,0.17828072961857513,1.0,3415.4990741055353,624.9167111734417,18.296497747905185,0.18137051004627033,1.0,18.296497747905185,21.184983744189328,0.18137051004627033,1.0,1.0,1.3944175750551584,1.3441361121189692,1262.7926388390904,1262.8650537775038,1262.7251615197877,0.0354453082579663,1499.0089198979422,1518.4259655164649,1501.8736659668195,1496.264148959211,1479.0215741033132,1.3682078056744542,1.0,1.0,1.0,0.0,0.0,4101.889504258449,3588.978393698937,0.0002437306680967,0.000278553208497,False,,5,1.0,True,True,True,True,False,False,True,False,retained
FT-175,1238.3606696398895,229.2685012469832,18.513871351684124,0.190438865205912,1.0,1416.7259403002945,201.214701063736,14.20279641530992,0.14104796679534182,1.0,996.045056276274,120.94579400387005,12.142602710767655,0.1225801649187221,1.0,1231.6481771727367,191.53310688768488,15.5509593110714,0.15410058103288093,1.0,14.20279641530992,15.5509593110714,0.14104796679534182,1.0,1.0,1.303537050754813,1.3501709349857947,844.0870342319306,844.1323782106103,844.0413754189648,0.024631739029111,962.9974510538884,978.5761512080348,965.591399884148,960.298923399465,948.8306583935764,1.3765320185913352,1.0,1.0,1.0,0.0,0.0,1152.152451527903,1217.3623349086358,0.0008671880276324,0.0008207738957023,False,,5,1.0,True,True,True,True,False,False,True,False,retained
FT-123,1570.523824463237,345.3045581225543,21.986585159927145,0.2207644279280549,1.0,1286.2016715521836,256.60000085784606,19.950215159352272,0.19172815120197928,1.0,1046.1914279598236,146.85775512281577,14.037369376004435,0.14505365590391492,1.0,1929.5898358592387,307.75342793660053,15.949162988804776,0.16156088601439764,1.0,15.949162988804776,19.950215159352272,0.16156088601439764,1.0,1.0,1.3785416310160117,1.3664472470668505,1089.0265712685955,1089.0914068180275,1088.971235140457,0.0306282484678529,1455.280496632148,1466.5178693574048,1457.040376031163,1452.9903136270375,1444.6004065151849,1.048298112389065,1.0,1.0,1.0,0.0,0.0,1643.2145223507462,1418.9589619139815,0.0006081931441465,0.0007042457048562,False,,5,1.0,True,True,True,True,False,False,True,False,retained
FT-096,1880.9413801946894,292.8629525549413,15.57002018450081,0.1540743737665548,1.0,1832.9567153591122,204.2628993895234,11.143901963309826,0.11252856296208752,1.0,1701.0860479705066,169.43313145814534,9.960291641935973,0.10168686135712476,1.0,1756.6472987466445,198.62249534190013,11.306908079021662,0.11923302439613034,1.0,11.143901963309826,11.306908079021662,0.11252856296208752,1.0,1.0,1.3971784959849372,1.3692023581467458,815.5252605920695,815.5724826653777,815.4837884085781,0.0230239980275139,1299.3577408679637,1319.7332979838072,1301.576686001449,1296.8377586315107,1285.7117818196627,1.124421705883728,1.0,1.0,1.0,0.0,0.0,1763.1303685987662,1764.4417510043286,0.0005668515308164,0.0005664304695587,False,,5,1.0,True,True,True,True,False,False,True,False,retained
FT-112,706.7006657248851,171.90408718321763,24.324879757526507,0.25497120357941694,1.0,743.6891791221483,132.65433355194074,17.837335445505083,0.1840981492445497,1.0,713.3423548265934,93.39326986140809,13.092348888229283,0.12947590558446093,1.0,580.1499596314684,134.84158154061424,23.242539157680945,0.32966948338574104,1.0,17.837335445505083,23.242539157680945,0.1840981492445497,1.0,1.0,1.363705909542462,1.3849742902125641,1295.833757739158,1295.9055910747572,1295.7695076366322,0.0377600808592019,1284.7258569724574,1295.3360296396097,1286.8981919328824,1282.3580923089296,1272.7005949753996,1.0657237935960988,1.0,1.0,1.0,0.0,0.0,618.9770275743064,679.8785824330075,0.0016129629897942,0.0014686906385374,False,,5,1.0,True,True,True,True,False,False,True,False,retained
FT-150,1461.756135360252,234.0632126572216,16.01246658010684,0.15857026876498653,1.0,1449.3280687927497,233.93920670054862,16.141218247115958,0.1634651463716654,1.0,1492.7716031517655,163.66621994921448,10.963915685672045,0.11236801671127536,1.0,1416.5261159363304,161.27256414546858,11.385075243661616,0.1142916715381597,1.0,11.385075243661616,16.141218247115958,0.1142916715381597,1.0,1.0,1.406443632335361,1.3874175312244261,1265.276619401272,1265.3482895517168,1265.213020467754,0.0356112029110038,1499.076621782328,1513.241326649982,1501.4315327110053,1496.6076603409624,1483.3374252319345,1.197063759265388,1.0,1.0,1.0,0.0,0.0,1532.540603133753,1452.830361439174,0.000652085766726,0.0006878381594741,False,,5,1.0,True,True,True,True,False,False,True,False,retained
FT-219,1360.2833259701683,290.91639127764296,21.386455727534432,0.217399306345817,1.0,1381.1779666476816,215.85318145742949,15.628194676558325,0.15617004980064855,1.0,1310.72264542162,170.00666032498788,12.970452667375854,0.12876246397497282,1.0,1195.7723020363837,203.71048835418412,17.0358928708474,0.18539797283339615,1.0,15.628194676558325,17.0358928708474,0.15617004980064855,1.0,1.0,1.3684533735437319,1.3920678556696866,809.5439415442514,809.5901010781033,809.5004145134822,0.0238060682328357,1120.883361213832,1137.4299807981995,1123.5258483320945,1118.0010013993176,1106.2009100480516,1.407083948317459,1.0,1.0,1.0,0.0,0.0,1204.5423319275496,1296.970553587285,0.0008295021862907,0.0007704335026986,False,,5,1.0,True,True,True,True,False,False,True,False,retained
FT-082,1707.2479471613112,286.8376414921845,16.801170677587717,0.1618756705922737,1.0,1654.4984072155069,187.1044954108484,11.308835027876643,0.11247358403061983,1.0,1577.4993446520975,160.48355175814314,10.173288014489556,0.10451824093719442,1.0,1622.361488071959,224.87574502928473,13.86101350917364,0.13895785110689657,1.0,11.308835027876643,13.86101350917364,0.11247358403061983,1.0,1.0,1.485667678074027,1.4392327939705793,815.19145248803,815.2391948284286,815.1516278485828,0.0232383703674765,1299.3902606601064,1316.9471285420052,1301.4809187367064,1296.7242527442668,1285.1505845592858,1.2686655490251988,1.0,1.0,1.0,0.6971612532193747,0.1666666666666666,1595.1659601377976,1618.580236020812,0.0010632736793064,0.0010479019288289,False,0.0,5,1.0,True,True,True,True,False,False,True,False,retained
FT-211,1229.5271113273154,232.0576212510592,18.87372951057137,0.18801049192203848,1.0,1230.49580464696,156.36580071843187,12.7075444002261,0.1272078013816536,1.0,1138.815117306495,132.40987404841184,11.626985981849739,0.11756715197821789,1.0,1198.2501228248218,144.66184369840784,12.072758512001977,0.12614961781851702,1.0,12.072758512001977,12.7075444002261,0.12614961781851702,1.0,1.0,1.563331983474058,1.4903770235159692,815.8635371185956,815.9097037102256,815.8168325066675,0.0237987236535292,1299.0589008403172,1315.8451273355154,1300.8173377571577,1296.6742952794136,1285.8302638042446,1.1679361461324014,1.0,1.0,1.0,0.0,0.0,1154.3467780636868,1189.7099109985086,0.0008655409951252,0.0008398351191697,False,,5,1.0,True,True,True,True,False,False,True,False,retained
FT-137,2161.5748772859592,585.867844274955,27.10374969802396,0.268740164051582,1.0,2155.3957502627236,521.3173040588439,24.186616494687804,0.23491065598042066,1.0,2089.3228813814176,343.74676876419284,16.45254411500603,0.17357949401801037,1.0,1708.5592877701222,291.9745065619708,17.08893034335572,0.1711747048075066,1.0,17.08893034335572,24.186616494687804,0.17357949401801037,1.0,1.0,1.586041323444335,1.5482252991456347,1039.9948749944976,1040.0556074818528,1039.9401829519206,0.0296340304782202,1419.220544280622,1435.4423992450425,1420.738403699792,1416.9777064725702,1405.3065377539317,1.0235389125370007,1.0,1.0,1.0,0.0,0.0,2048.669283254314,1986.5901475320704,0.0004878835859862,0.0005031218338658,False,,5,1.0,True,True,True,True,False,False,True,False,retained
FT-022,2145.1829461861403,642.836014158607,29.966489119330678,0.3963213273784072,1.0,2151.957752055407,406.97914964731353,18.91204180279999,0.2174993683250549,1.0,2408.1907841939847,444.142112575329,18.4429786664092,0.2534464585786758,1.0,1868.178556246246,515.3938316659433,27.58803915946506,0.38238242699581654,1.0,18.91204180279999,27.58803915946506,0.2534464585786758,1.0,1.0,1.5845189764171332,1.5637280141966539,1454.994982263801,1455.078441648726,1454.920198358498,0.0427925433009234,1013.8599853437128,1031.0396689111074,1016.4947372485714,1011.0331473889784,999.7792065798594,1.343328762546636,1.0,1.0,1.0,0.0,0.0,1931.4354881676732,2142.89192603724,0.0005174816991941,0.0004664414226552,False,,5,1.0,True,True,True,True,False,False,True,False,retained
FT-081,1296.4015670190602,311.0995022036483,23.9971556744558,0.29245077060594943,1.0,1351.9687589957975,310.09536848832835,22.93657796639162,0.3147561074284376,1.0,1293.8914970204712,191.31573603701648,14.786072593998165,0.15896141998788954,1.0,1343.4639346537099,224.76185036206823,16.730024868140777,0.18335144593898112,1.0,16.730024868140777,22.93657796639162,0.18335144593898112,1.0,1.0,1.434376569287349,1.5950284390082001,1225.305158770853,1225.3832054372317,1225.241092492524,0.0353997625726626,1299.0897146683544,1313.3628153538991,1301.2456247303928,1296.385905406942,1286.5537450601764,1.2777931470134285,1.0,1.0,1.0,0.0,0.0,1235.9663304777628,1330.0556672963955,0.0008084294417405,0.0007512833794781,False,,5,1.0,True,True,True,True,False,False,True,False,retained
FT-198,1321.6799192517187,334.87427957969913,25.33701804059271,0.29375520005933003,1.0,1411.7931053390105,230.31986201850404,16.313995382715646,0.16377007951185044,1.0,1168.5421554421146,170.9220043120999,14.626943796258,0.1625630716157749,1.0,1272.5411853686894,205.51068255546267,16.14962917651429,0.16649875190631655,1.0,16.14962917651429,16.313995382715646,0.16377007951185044,1.0,1.0,1.568891629873412,1.7937049364262772,1398.406658551712,1398.487095265835,1398.3355869959996,0.0399371078113669,1341.7948458373571,1355.4510447743162,1343.7796393323767,1339.4045540846112,1328.786968608478,1.124417950389659,1.0,1.0,1.0,0.0,0.0,1210.7867643846014,1285.9060848763825,0.0008252276963165,0.0007770574805356,False,,5,1.0,True,True,True,True,False,False,True,False,retained
FT-111,928.899079105843,216.9239115404958,23.352796489938008,0.2981201528241267,1.0,941.9337049253423,168.08480994779336,17.84465393571576,0.1871746774567769,1.0,879.3783074108985,112.40360012946724,12.782166580889458,0.12599301554598025,1.0,925.0503848651662,148.35749135826296,16.037774134852913,0.15573089515051108,1.0,16.037774134852913,17.84465393571576,0.15573089515051108,1.0,1.0,1.4561120697658574,1.914328897525433,1295.8363020697318,1295.9072791203832,1295.773465539277,0.0370243052418961,1243.8481834080928,1256.6009494236548,1245.3463489025294,1241.5589757546982,1232.480297633579,1.045388498174385,1.0,1.0,1.0,0.0,0.0,862.7082298883722,915.7893168628094,0.0011577983923219,0.0010907631465666,False,,5,1.0,True,True,True,True,False,False,True,False,retained
FT-084,1021.1857077081432,282.71956063381504,27.685420829902256,0.3522928276894796,1.0,976.7642016839395,166.92728924696652,17.089824643366764,0.17435815955595446,1.0,1121.976197511705,138.91574071399768,12.381344722114608,0.1208105296218209,1.0,920.0735806264433,140.05799036873228,15.22247712768495,0.15349714602166956,1.0,15.22247712768495,17.089824643366764,0.15349714602166956,1.0,1.0,1.8187198179165656,2.2951099536387836,1224.2978759761004,1224.3667494540175,1224.2365630785655,0.0355838123362433,1257.7376008872648,1268.2375238108073,1259.5745263285503,1255.5683653972703,1246.972209575565,1.100626009489861,1.0,1.0,1.0,0.0,0.0,937.335373035028,1005.8978186969392,0.0010657170439664,0.0009931494352566,False,,5,1.0,True,True,True,True,False,False,True,False,retained
FT-167,1421.742137407968,361.5286462765001,25.428566598976715,0.3597487669386663,1.0,1444.4191985415803,273.45953525759,18.93214487412658,0.25141500817166335,1.0,1514.7214648542426,165.5400592244962,10.92874584968172,0.11214390400030463,1.0,1457.9028162015684,176.75848660577049,12.124161133476541,0.1281531360530247,1.0,12.124161133476541,18.93214487412658,0.1281531360530247,1.0,1.0,2.0973464736265184,2.807178802006191,1265.77527779671,1265.8486863418618,1265.707657435392,0.0369358244064868,1499.0848223250168,1514.3265804167722,1501.8588201157356,1496.4021384769785,1481.4138917000043,1.312509119610498,1.0,1.0,1.0,0.0,0.0,1510.4056100065832,1471.9942995958702,0.0006616357603672,0.000678889253186,False,,5,1.0,True,True,True,True,False,False,True,False,retained
