feature_a,feature_b,spearman_rho,mz_a,mz_b,rt_a,rt_b,mz_diff,rt_diff,candidate_isomer,candidate_isotope_or_adduct,high_corr_near_duplicate,high_corr_other,relation_type
FT-145,FT-146,0.3281203007518797,1632.0422244647154,1633.038705134174,1455.2449080604651,1439.0391430336188,0.9964806694586059,16.205765026846393,False,True,False,False,candidate_isotope_or_adduct
FT-174,FT-012,0.1373997260262334,1210.8304701216448,1210.8240555433492,928.6948296247882,874.6067099501091,0.006414578295562023,54.08811967467909,True,False,False,False,candidate_isomer
FT-188,FT-186,0.1619958988380041,931.123316275561,931.6243046494036,1102.1879690833632,1102.186769188893,0.5009883738425742,0.001199894470119034,False,True,False,False,candidate_isotope_or_adduct
FT-188,FT-189,0.1130827067669173,931.123316275561,931.123020951668,1102.1879690833632,1117.150900959169,0.0002953238930558655,14.96293187580568,True,False,False,False,candidate_isomer
FT-188,FT-187,0.10373205741626794,931.123316275561,931.6249044842097,1102.1879690833632,1117.1180883829777,0.5015882086486272,14.93011929961449,False,True,False,False,candidate_isotope_or_adduct
FT-217,FT-245,0.3660970608339029,1089.0287993120237,1083.02130840629,1473.4388815633502,1473.1330249701502,6.007490905733675,0.30585659319990555,False,True,False,False,candidate_isotope_or_adduct
FT-217,FT-133,0.6811756664388243,1089.0287993120237,1088.3554957275571,1473.4388815633502,1455.6188085752144,0.6733035844665665,17.820072988135735,False,True,False,False,candidate_isotope_or_adduct
FT-217,FT-241,0.3626794258373206,1089.0287993120237,1083.3479141235127,1473.4388815633502,1473.3785589320328,5.680885188510956,0.06032263131737636,False,True,False,False,candidate_isotope_or_adduct
FT-217,FT-244,0.4057142857142857,1089.0287993120237,1083.0144831519058,1473.4388815633502,1455.407052190095,6.0143161601179145,18.03182937325505,False,True,False,False,candidate_isotope_or_adduct
FT-217,FT-240,0.3780997949419002,1089.0287993120237,1083.3466638903149,1473.4388815633502,1455.299982043751,5.682135421708836,18.138899519599136,False,True,False,False,candidate_isotope_or_adduct
FT-217,FT-123,0.7288038277511961,1089.0287993120237,1089.0265712685955,1473.4388815633502,1455.280496632148,0.0022280434282038186,18.158384931202136,True,False,False,False,candidate_isomer
FT-172,FT-005,-0.0014238789422487232,886.6352611425967,886.6324598613013,674.1885161473726,609.4612894305731,0.002801281295433,64.72722671679958,True,False,False,False,candidate_isomer
FT-089,FT-101,0.6582911825017088,1233.2816716646137,1222.7800653728018,1299.4896330327,1300.021420828775,10.501606291811868,0.5317877960749229,False,True,False,False,candidate_isotope_or_adduct
FT-089,FT-105,0.4552016404647984,1233.2816716646137,1222.2792600253013,1299.4896330327,1300.11549170832,11.002411639312413,0.6258586756198383,False,True,False,False,candidate_isotope_or_adduct
FT-089,FT-083,0.5337252221462748,1233.2816716646137,1224.8042649657891,1299.4896330327,1299.2791674223463,8.477406698824552,0.21046561035382183,False,True,False,False,candidate_isotope_or_adduct
FT-089,FT-093,0.6428434723171566,1233.2816716646137,1233.7846794103978,1299.4896330327,1299.2759946740543,0.5030077457840889,0.21363835864576686,False,True,False,False,candidate_isotope_or_adduct
FT-089,FT-098,0.6772932330827067,1233.2816716646137,1234.285360466548,1299.4896330327,1298.978903962394,1.0036888019342314,0.5107290703060698,False,True,False,False,candidate_isotope_or_adduct
FT-089,FT-142,0.6545181134654818,1233.2816716646137,1223.287004668688,1299.4896330327,1299.8451740769872,9.994666995925627,0.35554104428706523,False,True,False,False,candidate_isotope_or_adduct
FT-089,FT-085,0.6029528366370471,1233.2816716646137,1224.2975971419808,1299.4896330327,1299.5622354883926,8.984074522632909,0.07260245569250401,False,True,False,False,candidate_isotope_or_adduct
FT-089,FT-088,0.6162952836637047,1233.2816716646137,1223.7937689750972,1299.4896330327,1299.7601011100369,9.487902689516432,0.2704680773367727,False,True,False,False,candidate_isotope_or_adduct
FT-089,FT-081,0.31682843472317157,1233.2816716646137,1225.305158770853,1299.4896330327,1299.0897146683544,7.976512893760628,0.3999183643456945,False,True,False,False,candidate_isotope_or_adduct
FT-079,FT-225,0.22944634313055365,1077.2093617269695,1077.7143327045933,1186.4594094558372,1186.9637374633428,0.5049709776237705,0.5043280075055918,False,True,False,False,candidate_isotope_or_adduct
FT-079,FT-078,0.15444976076555023,1077.2093617269695,1077.205728818574,1186.4594094558372,1164.9081193819106,0.0036329083955024544,21.551290073926566,True,False,False,False,candidate_isomer
FT-079,FT-049,-0.006370471633629528,1077.2093617269695,1097.2225774589213,1186.4594094558372,1176.9292956095635,20.013215731951732,9.530113846273707,False,True,False,False,candidate_isotope_or_adduct
FT-079,FT-055,0.2856049213943951,1077.2093617269695,1105.7327676680493,1186.4594094558372,1180.3586166880116,28.523405941079773,6.100792767825624,False,True,False,False,candidate_isotope_or_adduct
FT-079,FT-080,0.3406971975393028,1077.2093617269695,1077.2019763854523,1186.4594094558372,1212.614388815364,0.007385341517192501,26.154979359526806,True,False,False,False,candidate_isomer
FT-079,FT-193,0.5726042378673958,1077.2093617269695,1068.7043278235449,1186.4594094558372,1173.5611587867572,8.505033903424646,12.898250669079971,False,True,False,False,candidate_isotope_or_adduct
FT-079,FT-194,0.2374025974025974,1077.2093617269695,1106.736189796707,1186.4594094558372,1180.3607794138811,29.526828069737576,6.098630041956085,False,True,False,False,candidate_isotope_or_adduct
FT-079,FT-053,-0.013151059466848941,1077.2093617269695,1097.723992703951,1186.4594094558372,1176.67239430599,20.51463097698138,9.787015149847093,False,True,False,False,candidate_isotope_or_adduct
FT-079,FT-220,0.008393711551606288,1077.2093617269695,1098.2292261588002,1186.4594094558372,1176.4712324222012,21.019864431830683,9.98817703363602,False,True,False,False,candidate_isotope_or_adduct
FT-079,FT-052,0.5383185235816815,1077.2093617269695,1069.2070748658969,1186.4594094558372,1173.5811959662594,8.002286861072662,12.878213489577774,False,True,False,False,candidate_isotope_or_adduct
FT-079,FT-054,0.3393028024606972,1077.2093617269695,1106.2349666883931,1186.4594094558372,1180.403233758563,29.025604961423596,6.056175697274284,False,True,False,False,candidate_isotope_or_adduct
FT-079,FT-250,0.5506493506493506,1077.2093617269695,1069.708344315076,1186.4594094558372,1173.681223284433,7.501017411893599,12.778186171404286,False,True,False,False,candidate_isotope_or_adduct
FT-002,FT-006,0.975557074504443,889.6499309783783,887.6403722304062,609.0997423566134,609.3874587233016,2.0095587479720507,0.287716366688187,False,True,True,True,candidate_isotope_or_adduct_correlated
FT-002,FT-005,0.96257006151743,889.6499309783783,886.6324598613013,609.0997423566134,609.4612894305731,3.0174711170769797,0.3615470739596276,False,True,False,True,candidate_isotope_or_adduct_correlated
FT-002,FT-004,0.9676281613123718,889.6499309783783,888.6453654740943,609.0997423566134,609.2556518766722,1.0045655042839599,0.155909520058799,False,True,False,True,candidate_isotope_or_adduct_correlated
FT-006,FT-005,0.982693096377307,887.6403722304062,886.6324598613013,609.3874587233016,609.4612894305731,1.007912369104929,0.07383070727144059,False,True,True,True,candidate_isotope_or_adduct_correlated
FT-006,FT-004,0.9860833902939166,887.6403722304062,888.6453654740943,609.3874587233016,609.2556518766722,1.0049932436880908,0.13180684662938802,False,True,True,True,candidate_isotope_or_adduct_correlated
FT-005,FT-004,0.9780724538619275,886.6324598613013,888.6453654740943,609.4612894305731,609.2556518766722,2.01290561279302,0.2056375539008286,False,True,True,True,candidate_isotope_or_adduct_correlated
FT-051,FT-078,0.12287081339712919,1069.2050570468462,1077.205728818574,1157.7638325982018,1164.9081193819106,8.000671771727866,7.1442867837088215,False,True,False,False,candidate_isotope_or_adduct
FT-051,FT-049,0.0577717019822283,1069.2050570468462,1097.2225774589213,1157.7638325982018,1176.9292956095635,28.0175204120751,19.16546301136168,False,True,False,False,candidate_isotope_or_adduct
FT-051,FT-195,-0.06012303485987697,1069.2050570468462,1077.708774786632,1157.7638325982018,1164.8240522057135,8.50371773978577,7.060219607511726,False,True,False,False,candidate_isotope_or_adduct
FT-051,FT-193,0.6642788790157211,1069.2050570468462,1068.7043278235449,1157.7638325982018,1173.5611587867572,0.5007292233012777,15.797326188555417,False,True,False,False,candidate_isotope_or_adduct
FT-051,FT-075,0.009924812030075189,1069.2050570468462,1076.704086348371,1157.7638325982018,1165.0016465840235,7.499029301524843,7.237813985821731,False,True,False,False,candidate_isotope_or_adduct
FT-051,FT-053,0.003991797676008203,1069.2050570468462,1097.723992703951,1157.7638325982018,1176.67239430599,28.51893565710475,18.908561707788294,False,True,False,False,candidate_isotope_or_adduct
FT-051,FT-192,0.36683526999316474,1069.2050570468462,1068.7037715820934,1157.7638325982018,1157.8147203461158,0.5012854647527547,0.050887747913975545,False,True,False,False,candidate_isotope_or_adduct
FT-051,FT-220,0.016131237183868764,1069.2050570468462,1098.2292261588002,1157.7638325982018,1176.4712324222012,29.024169111954052,18.707399823999367,False,True,False,False,candidate_isotope_or_adduct
FT-051,FT-052,0.6803554340396446,1069.2050570468462,1069.2070748658969,1157.7638325982018,1173.5811959662594,0.0020178190507067484,15.817363368057613,True,False,False,False,candidate_isomer
FT-051,FT-249,0.4415857826384142,1069.2050570468462,1069.709184439815,1157.7638325982018,1158.0681524278946,0.5041273929689396,0.3043198296927585,False,True,False,False,candidate_isotope_or_adduct
FT-051,FT-250,0.6377033492822967,1069.2050570468462,1069.708344315076,1157.7638325982018,1173.681223284433,0.5032872682297693,15.917390686231101,False,True,False,False,candidate_isotope_or_adduct
FT-168,FT-159,0.2108544087491456,1336.3262451050714,1343.8406591266526,1551.2877356272045,1551.4018781172863,7.51441402158116,0.11414249008180377,False,True,False,False,candidate_isotope_or_adduct
FT-168,FT-169,0.8885304169514696,1336.3262451050714,1335.3236370967948,1551.2877356272045,1551.257112257207,1.0026080082766384,0.030623369997556438,False,True,False,False,candidate_isotope_or_adduct
FT-168,FT-170,0.9151059466848941,1336.3262451050714,1335.8228921318928,1551.2877356272045,1551.4213307481,0.5033529731786075,0.13359512089550662,False,True,False,False,candidate_isotope_or_adduct
FT-168,FT-163,0.913028024606972,1336.3262451050714,1337.3318321701493,1551.2877356272045,1551.0732220065731,1.0055870650778616,0.21451362063135093,False,True,False,False,candidate_isotope_or_adduct
FT-168,FT-166,0.8873547505126452,1336.3262451050714,1336.829587591733,1551.2877356272045,1551.163342823527,0.5033424866614951,0.12439280367743777,False,True,False,False,candidate_isotope_or_adduct
FT-040,FT-038,0.7244292549555708,1024.6859401518484,1025.690862799387,1107.6170160866384,1107.23462155222,1.0049226475387059,0.3823945344183812,False,True,False,False,candidate_isotope_or_adduct
FT-040,FT-182,0.5362952836637047,1024.6859401518484,1026.1932694786867,1107.6170160866384,1095.4661545958722,1.5073293268383168,12.150861490766147,False,True,False,False,candidate_isotope_or_adduct
FT-040,FT-039,0.5359945317840055,1024.6859401518484,1024.6867091528734,1107.6170160866384,1095.258554693031,0.0007690010249916668,12.358461393607286,True,False,False,False,candidate_isomer
FT-040,FT-041,0.5079699248120301,1024.6859401518484,1025.1883020825835,1107.6170160866384,1095.323555128769,0.5023619307351055,12.293460957869456,False,True,False,False,candidate_isotope_or_adduct
FT-040,FT-037,0.5557894736842105,1024.6859401518484,1025.6898265569414,1107.6170160866384,1095.46453629439,1.0038864050929988,12.152479792248414,False,True,False,False,candidate_isotope_or_adduct
FT-040,FT-042,0.6967600820232399,1024.6859401518484,1025.1886386302892,1107.6170160866384,1107.3546178711229,0.5026984784408342,0.2623982155155318,False,True,False,False,candidate_isotope_or_adduct
FT-245,FT-243,0.5743267259056732,1083.02130840629,1083.0184165320716,1473.1330249701502,1438.918439562102,0.00289187421844872,34.21458540804815,True,False,False,False,candidate_isomer
FT-245,FT-133,0.3936021872863978,1083.02130840629,1088.3554957275571,1473.1330249701502,1455.6188085752144,5.334187321267109,17.51421639493583,False,True,False,False,candidate_isotope_or_adduct
FT-245,FT-242,0.6921667805878332,1083.02130840629,1083.0169631809986,1473.1330249701502,1422.690822712629,0.004345225291444876,50.44220225752133,True,False,False,False,candidate_isomer
FT-245,FT-153,0.22064251537935747,1083.02130840629,1088.6918828508271,1473.1330249701502,1473.446015556528,5.670574444537124,0.3129905863777367,False,True,False,False,candidate_isotope_or_adduct
FT-245,FT-244,0.7992071086807929,1083.02130840629,1083.0144831519058,1473.1330249701502,1455.407052190095,0.006825254384239088,17.725972780055145,True,False,False,False,candidate_isomer
FT-245,FT-152,0.3573479152426521,1083.02130840629,1088.69277311038,1473.1330249701502,1455.33623852908,5.671464704089885,17.796786441070253,False,True,False,False,candidate_isotope_or_adduct
FT-245,FT-127,0.3381818181818182,1083.02130840629,1089.3621822179891,1473.1330249701502,1455.0379438086263,6.340873811699112,18.09508116152392,False,True,False,False,candidate_isotope_or_adduct
FT-245,FT-123,0.3710184552289815,1083.02130840629,1089.0265712685955,1473.1330249701502,1455.280496632148,6.005262862305472,17.85252833800223,False,True,False,False,candidate_isotope_or_adduct
FT-243,FT-133,-0.15053998632946,1083.0184165320716,1088.3554957275571,1438.918439562102,1455.6188085752144,5.337079195485558,16.700369013112322,False,True,False,False,candidate_isotope_or_adduct
FT-243,FT-242,0.255228981544771,1083.0184165320716,1083.0169631809986,1438.918439562102,1422.690822712629,0.0014533510729961563,16.22761684947318,True,False,False,False,candidate_isomer
FT-243,FT-151,-0.1426930963773069,1083.0184165320716,1088.6951060782058,1438.918439562102,1438.8803038529063,5.676689546134185,0.03813570919578524,False,True,False,False,candidate_isotope_or_adduct
FT-243,FT-244,0.4063431305536569,1083.0184165320716,1083.0144831519058,1438.918439562102,1455.407052190095,0.003933380165790368,16.488612627993007,True,False,False,False,candidate_isomer
FT-243,FT-152,-0.19639097744360903,1083.0184165320716,1088.69277311038,1438.918439562102,1455.33623852908,5.674356578308334,16.417798966977898,False,True,False,False,candidate_isotope_or_adduct
FT-243,FT-127,-0.19849624060150375,1083.0184165320716,1089.3621822179891,1438.918439562102,1455.0379438086263,6.34376568591756,16.11950424652423,False,True,False,False,candidate_isotope_or_adduct
FT-243,FT-123,-0.17700615174299386,1083.0184165320716,1089.0265712685955,1438.918439562102,1455.280496632148,6.00815473652392,16.36205707004592,False,True,False,False,candidate_isotope_or_adduct
FT-238,FT-241,0.562241968557758,1083.34221048445,1083.3479141235127,1423.037280138564,1473.3785589320328,0.0057036390626308275,50.341278793468746,True,False,False,False,candidate_isomer
FT-238,FT-151,-0.22706766917293233,1083.34221048445,1088.6951060782058,1423.037280138564,1438.8803038529063,5.3528955937556475,15.84302371434228,False,True,False,False,candidate_isotope_or_adduct
FT-238,FT-240,0.7287491455912508,1083.34221048445,1083.3466638903149,1423.037280138564,1455.299982043751,0.004453405864751403,32.26270190518699,True,False,False,False,candidate_isomer
FT-110,FT-198,0.791907040328093,1397.397689304656,1398.406658551712,1341.878177208506,1341.7948458373571,1.0089692470560294,0.08333137114891542,False,True,False,False,candidate_isotope_or_adduct
FT-202,FT-206,0.7563636363636363,1033.9870057402484,1034.6560763743712,1386.1519996372765,1386.0386461317642,0.6690706341228179,0.11335350551235024,False,True,False,False,candidate_isotope_or_adduct
FT-202,FT-200,0.3206015037593985,1033.9870057402484,1039.6606356714726,1386.1519996372765,1386.5689310879638,5.673629931224241,0.4169314506873434,False,True,False,False,candidate_isotope_or_adduct
FT-202,FT-203,0.8156937799043062,1033.9870057402484,1033.9851251097311,1386.1519996372765,1419.5994173936797,0.0018806305172347493,33.44741775640318,True,False,False,False,candidate_isomer
FT-202,FT-235,0.7347095010252905,1033.9870057402484,1034.9871234609543,1386.1519996372765,1385.9991044260155,1.00011772070593,0.15289521126101135,False,True,False,False,candidate_isotope_or_adduct
FT-202,FT-204,0.040710868079289135,1033.9870057402484,1033.9838278235356,1386.1519996372765,1455.7532616121457,0.0031779167127297114,69.6012619748692,True,False,False,False,candidate_isomer
FT-060,FT-072,0.5693506493506494,1251.815294797806,1252.819559504331,1252.0156980757831,1252.123154423304,1.004264706524964,0.10745634752083788,False,True,False,False,candidate_isotope_or_adduct
FT-060,FT-061,0.4191660970608339,1251.815294797806,1251.8151979857469,1252.0156980757831,1273.952845715492,9.681205915512692e-05,21.937147639708883,True,False,False,False,candidate_isomer
FT-060,FT-059,-0.31835953520164045,1251.815294797806,1223.7919594716086,1252.0156980757831,1257.9046668683316,28.02333532619741,5.8889687925484395,False,True,False,False,candidate_isotope_or_adduct
FT-060,FT-104,-0.3778263841421736,1251.815294797806,1222.2864765177096,1252.0156980757831,1258.1864030459938,29.528818280096402,6.170704970210636,False,True,False,False,candidate_isotope_or_adduct
FT-060,FT-140,-0.2965686944634313,1251.815294797806,1223.2883799925703,1252.0156980757831,1257.8617538028573,28.52691480523572,5.846055727074145,False,True,False,False,candidate_isotope_or_adduct
FT-060,FT-100,-0.28828434723171564,1251.815294797806,1222.7890111601405,1252.0156980757831,1257.9887283196858,29.02628363766553,5.973030243902713,False,True,False,False,candidate_isotope_or_adduct
FT-060,FT-086,0.5095557074504443,1251.815294797806,1252.3224421698592,1252.0156980757831,1252.0492024447103,0.5071473720531685,0.03350436892719699,False,True,False,False,candidate_isotope_or_adduct
FT-060,FT-091,0.591825017088175,1251.815294797806,1251.314808260303,1252.0156980757831,1251.9082930023933,0.5004865375030931,0.10740507338982752,False,True,False,False,candidate_isotope_or_adduct
FT-060,FT-084,-0.3146138072453862,1251.815294797806,1224.2978759761004,1252.0156980757831,1257.7376008872648,27.517418821705633,5.721902811481641,False,True,False,False,candidate_isotope_or_adduct
FT-069,FT-066,0.5172385509227615,1150.7568385346326,1150.2523051364865,1199.4452906242605,1199.6136168612857,0.5045333981461226,0.16832623702521232,False,True,False,False,candidate_isotope_or_adduct
FT-069,FT-063,0.47562542720437456,1150.7568385346326,1149.7527620467906,1199.4452906242605,1199.627733531914,1.004076487841985,0.18244290765346705,False,True,False,False,candidate_isotope_or_adduct
FT-069,FT-070,0.16237867395762132,1150.7568385346326,1150.753810446541,1199.4452906242605,1245.2881515322938,0.0030280880916961905,45.842860908033344,True,False,False,False,candidate_isomer
FT-069,FT-071,0.17274094326725906,1150.7568385346326,1150.7515985354444,1199.4452906242605,1279.6007579597722,0.005239999188233924,80.15546733551173,True,False,False,False,candidate_isomer
FT-095,FT-103,0.6861517429938483,1296.8385481999308,1295.3340005034854,1325.9004245551305,1325.9263584717098,1.5045476964453428,0.025933916579333527,False,True,False,False,candidate_isotope_or_adduct
FT-095,FT-234,0.5430485304169514,1296.8385481999308,1297.3438707330265,1325.9004245551305,1326.1469761141468,0.5053225330957503,0.24655155901632497,False,True,False,False,candidate_isotope_or_adduct
FT-095,FT-113,0.7694326725905674,1296.8385481999308,1295.8340568472142,1325.9004245551305,1325.935889442976,1.0044913527165136,0.035464887845591875,False,True,False,False,candidate_isotope_or_adduct
FT-095,FT-099,0.7589336978810663,1296.8385481999308,1296.3371434985418,1325.9004245551305,1325.9803275270754,0.5014047013889922,0.07990297194487539,False,True,False,False,candidate_isotope_or_adduct
FT-225,FT-049,-0.13487354750512645,1077.7143327045933,1097.2225774589213,1186.9637374633428,1176.9292956095635,19.50824475432796,10.034441853779299,False,True,False,False,candidate_isotope_or_adduct
FT-225,FT-055,0.269254955570745,1077.7143327045933,1105.7327676680493,1186.9637374633428,1180.3586166880116,28.018434963456002,6.6051207753312156,False,True,False,False,candidate_isotope_or_adduct
FT-225,FT-195,0.13014354066985645,1077.7143327045933,1077.708774786632,1186.9637374633428,1164.8240522057135,0.00555791796136873,22.139685257629253,True,False,False,False,candidate_isomer
FT-225,FT-077,0.24981544771018455,1077.7143327045933,1077.705946239623,1186.9637374633428,1212.451251396288,0.008386464970271845,25.48751393294515,True,False,False,False,candidate_isomer
FT-225,FT-193,0.39967190704032807,1077.7143327045933,1068.7043278235449,1186.9637374633428,1173.5611587867572,9.010004881048417,13.402578676585563,False,True,False,False,candidate_isotope_or_adduct
FT-225,FT-194,0.23565276828434722,1077.7143327045933,1106.736189796707,1186.9637374633428,1180.3607794138811,29.021857092113805,6.602958049461677,False,True,False,False,candidate_isotope_or_adduct
FT-225,FT-053,-0.15764866712235134,1077.7143327045933,1097.723992703951,1186.9637374633428,1176.67239430599,20.00965999935761,10.291343157352685,False,True,False,False,candidate_isotope_or_adduct
FT-225,FT-220,-0.13194805194805195,1077.7143327045933,1098.2292261588002,1186.9637374633428,1176.4712324222012,20.514893454206913,10.492505041141612,False,True,False,False,candidate_isotope_or_adduct
FT-225,FT-052,0.4383868762816131,1077.7143327045933,1069.2070748658969,1186.9637374633428,1173.5811959662594,8.507257838696432,13.382541497083366,False,True,False,False,candidate_isotope_or_adduct
FT-225,FT-054,0.358796992481203,1077.7143327045933,1106.2349666883931,1186.9637374633428,1180.403233758563,28.520633983799826,6.560503704779876,False,True,False,False,candidate_isotope_or_adduct
FT-225,FT-250,0.33561175666438825,1077.7143327045933,1069.708344315076,1186.9637374633428,1173.681223284433,8.00598838951737,13.282514178909878,False,True,False,False,candidate_isotope_or_adduct
FT-066,FT-068,0.29326042378673955,1150.2523051364865,1150.2524730526775,1199.6136168612857,1279.7884240559065,0.00016791619100331445,80.17480719462083,True,False,False,False,candidate_isomer
FT-066,FT-067,0.022200956937799044,1150.2523051364865,1150.251969729645,1199.6136168612857,1245.3086840060384,0.00033540684148647415,45.695067144752784,True,False,False,False,candidate_isomer
FT-159,FT-169,0.10859876965140124,1343.8406591266526,1335.3236370967948,1551.4018781172863,1551.257112257207,8.517022029857799,0.1447658600793602,False,True,False,False,candidate_isotope_or_adduct
FT-159,FT-170,0.15395762132604238,1343.8406591266526,1335.8228921318928,1551.4018781172863,1551.4213307481,8.017766994759768,0.019452630813702854,False,True,False,False,candidate_isotope_or_adduct
FT-159,FT-163,0.18411483253588518,1343.8406591266526,1337.3318321701493,1551.4018781172863,1551.0732220065731,6.508826956503299,0.3286561107131547,False,True,False,False,candidate_isotope_or_adduct
FT-159,FT-166,0.08981544771018456,1343.8406591266526,1336.829587591733,1551.4018781172863,1551.163342823527,7.011071534919665,0.23853529375924154,False,True,False,False,candidate_isotope_or_adduct
FT-206,FT-200,0.1546138072453862,1034.6560763743712,1039.6606356714726,1386.0386461317642,1386.5689310879638,5.004559297101423,0.5302849561996936,False,True,False,False,candidate_isotope_or_adduct
FT-206,FT-207,-0.012549555707450444,1034.6560763743712,1034.6551417461487,1386.0386461317642,1455.50905041845,0.0009346282224669267,69.47040428668583,True,False,False,False,candidate_isomer
FT-206,FT-212,0.7867669172932331,1034.6560763743712,1034.6524894655838,1386.0386461317642,1419.5355960078075,0.003586908787383436,33.496949876043345,True,False,False,False,candidate_isomer
FT-043,FT-046,0.9617498291182501,1005.172041771252,1004.1671268211272,1156.3855354906916,1156.358765017695,1.0049149501247712,0.02677047299653168,False,True,False,True,candidate_isotope_or_adduct_correlated
FT-043,FT-050,0.9641558441558442,1005.172041771252,1004.669623849698,1156.3855354906916,1156.3925786840523,0.5024179215539561,0.007043193360686928,False,True,False,True,candidate_isotope_or_adduct_correlated
FT-043,FT-221,0.9493643198906356,1005.172041771252,1005.6756059707232,1156.3855354906916,1156.2008704897985,0.5035641994711568,0.1846650008931192,False,True,False,False,candidate_isotope_or_adduct
FT-043,FT-230,0.02961038961038961,1005.172041771252,975.6477809466752,1156.3855354906916,1174.6013930519584,29.5242608245768,18.21585756126683,False,True,False,False,candidate_isotope_or_adduct
FT-043,FT-191,0.6513738892686262,1005.172041771252,996.1601236401428,1156.3855354906916,1136.386402786609,9.011918131109155,19.999132704082513,False,True,False,False,candidate_isotope_or_adduct
FT-043,FT-048,0.6108270676691729,1005.172041771252,995.6559728029966,1156.3855354906916,1136.486651444235,9.516068968255354,19.898884046456715,False,True,False,False,candidate_isotope_or_adduct
FT-038,FT-182,0.5362132604237867,1025.690862799387,1026.1932694786867,1107.23462155222,1095.4661545958722,0.5024066792996109,11.768466956347766,False,True,False,False,candidate_isotope_or_adduct
FT-038,FT-039,0.5470676691729324,1025.690862799387,1024.6867091528734,1107.23462155222,1095.258554693031,1.0041536465137142,11.976066859188904,False,True,False,False,candidate_isotope_or_adduct
FT-038,FT-041,0.5234996582365004,1025.690862799387,1025.1883020825835,1107.23462155222,1095.323555128769,0.5025607168036004,11.911066423451075,False,True,False,False,candidate_isotope_or_adduct
FT-038,FT-037,0.5558988380041011,1025.690862799387,1025.6898265569414,1107.23462155222,1095.46453629439,0.0010362424457071029,11.770085257830033,True,False,False,False,candidate_isomer
FT-038,FT-042,0.6403827751196173,1025.690862799387,1025.1886386302892,1107.23462155222,1107.3546178711229,0.5022241690978717,0.11999631890284945,False,True,False,False,candidate_isotope_or_adduct
FT-115,FT-068,0.847136021872864,1151.2577144686827,1150.2524730526775,1279.5426959634483,1279.7884240559065,1.0052414160052194,0.24572809245819371,False,True,False,False,candidate_isotope_or_adduct
FT-115,FT-065,0.8560765550239234,1151.2577144686827,1149.7477835102598,1279.5426959634483,1279.935188473766,1.5099309584229559,0.392492510317652,False,True,False,False,candidate_isotope_or_adduct
FT-115,FT-071,0.8514559125085441,1151.2577144686827,1150.7515985354444,1279.5426959634483,1279.6007579597722,0.506115933238334,0.05806199632388598,False,True,False,False,candidate_isotope_or_adduct
FT-115,FT-114,-0.7460833902939166,1151.2577144686827,1151.256806499619,1279.5426959634483,1245.2813146104488,0.00090796906374635,34.26138135299948,True,False,False,False,candidate_isomer
FT-158,FT-161,0.9352016404647984,1256.286883804324,1255.783773964013,1499.1705919535325,1499.2176641397284,0.503109840310799,0.04707218619591913,False,True,False,False,candidate_isotope_or_adduct
FT-158,FT-155,0.22288448393711552,1256.286883804324,1266.2831822007336,1499.1705919535325,1499.1248349190344,9.996298396409657,0.04575703449813773,False,True,False,False,candidate_isotope_or_adduct
FT-158,FT-162,0.9396582365003417,1256.286883804324,1254.277029107562,1499.1705919535325,1499.404825285124,2.009854696761977,0.23423333159144022,False,True,False,False,candidate_isotope_or_adduct
FT-158,FT-160,0.9326315789473684,1256.286883804324,1254.7781749513174,1499.1705919535325,1499.4061441213764,1.5087088530065103,0.2355521678439345,False,True,False,False,candidate_isotope_or_adduct
FT-158,FT-165,0.942118933697881,1256.286883804324,1255.2798171824015,1499.1705919535325,1499.3447722912745,1.0070666219223767,0.17418033774197283,False,True,False,False,candidate_isotope_or_adduct
FT-158,FT-149,-0.14600136705399863,1256.286883804324,1264.301168475248,1499.1705919535325,1498.8110275470938,8.014284670924098,0.35956440643872156,False,True,False,False,candidate_isotope_or_adduct
FT-158,FT-157,-0.0674231032125769,1256.286883804324,1263.2947685123595,1499.1705919535325,1498.9586431862058,7.00788470803559,0.2119487673267031,False,True,False,False,candidate_isotope_or_adduct
FT-158,FT-154,-0.1279835953520164,1256.286883804324,1263.7971017854209,1499.1705919535325,1498.895810560801,7.510217981096957,0.2747813927314837,False,True,False,False,candidate_isotope_or_adduct
FT-158,FT-171,-0.08637047163362953,1256.286883804324,1262.7926388390904,1499.1705919535325,1499.0089198979422,6.50575503476648,0.16167205559031572,False,True,False,False,candidate_isotope_or_adduct
FT-158,FT-150,0.1321667805878332,1256.286883804324,1265.276619401272,1499.1705919535325,1499.076621782328,8.989735596948094,0.0939701712045462,False,True,False,False,candidate_isotope_or_adduct
FT-158,FT-167,0.2661654135338346,1256.286883804324,1265.77527779671,1499.1705919535325,1499.0848223250168,9.488393992386136,0.0857696285156635,False,True,False,False,candidate_isotope_or_adduct
FT-046,FT-050,0.9690225563909775,1004.1671268211272,1004.669623849698,1156.358765017695,1156.3925786840523,0.502497028570815,0.03381366635721861,False,True,False,True,candidate_isotope_or_adduct_correlated
FT-046,FT-229,-0.01878332194121668,1004.1671268211272,975.1420796493152,1156.358765017695,1174.724661855747,29.025047171812048,18.365896838051867,False,True,False,False,candidate_isotope_or_adduct
FT-046,FT-221,0.9350102529049897,1004.1671268211272,1005.6756059707232,1156.358765017695,1156.2008704897985,1.508479149595928,0.15789452789658753,False,True,False,False,candidate_isotope_or_adduct
FT-046,FT-230,0.030293916609706085,1004.1671268211272,975.6477809466752,1156.358765017695,1174.6013930519584,28.51934587445203,18.24262803426336,False,True,False,False,candidate_isotope_or_adduct
FT-046,FT-191,0.6605878332194122,1004.1671268211272,996.1601236401428,1156.358765017695,1136.386402786609,8.007003180984384,19.97236223108598,False,True,False,False,candidate_isotope_or_adduct
FT-046,FT-048,0.5980587833219412,1004.1671268211272,995.6559728029966,1156.358765017695,1136.486651444235,8.511154018130583,19.872113573460183,False,True,False,False,candidate_isotope_or_adduct
FT-161,FT-155,0.19480519480519481,1255.783773964013,1266.2831822007336,1499.2176641397284,1499.1248349190344,10.499408236720456,0.09282922069405686,False,True,False,False,candidate_isotope_or_adduct
FT-161,FT-162,0.9631715652768285,1255.783773964013,1254.277029107562,1499.2176641397284,1499.404825285124,1.5067448564511778,0.1871611453955211,False,True,False,True,candidate_isotope_or_adduct_correlated
FT-161,FT-160,0.9556801093643199,1255.783773964013,1254.7781749513174,1499.2176641397284,1499.4061441213764,1.0055990126957113,0.18847998164801538,False,True,False,True,candidate_isotope_or_adduct_correlated
FT-161,FT-165,0.9519617224880382,1255.783773964013,1255.2798171824015,1499.2176641397284,1499.3447722912745,0.5039567816115778,0.1271081515460537,False,True,False,True,candidate_isotope_or_adduct_correlated
FT-161,FT-149,-0.18367737525632263,1255.783773964013,1264.301168475248,1499.2176641397284,1498.8110275470938,8.517394511234897,0.4066365926346407,False,True,False,False,candidate_isotope_or_adduct
FT-161,FT-157,-0.09104579630895421,1255.783773964013,1263.2947685123595,1499.2176641397284,1498.9586431862058,7.510994548346389,0.2590209535226222,False,True,False,False,candidate_isotope_or_adduct
FT-161,FT-154,-0.15704716336295282,1255.783773964013,1263.7971017854209,1499.2176641397284,1498.895810560801,8.013327821407756,0.32185357892740285,False,True,False,False,candidate_isotope_or_adduct
FT-161,FT-171,-0.12587833219412167,1255.783773964013,1262.7926388390904,1499.2176641397284,1499.0089198979422,7.008864875077279,0.20874424178623485,False,True,False,False,candidate_isotope_or_adduct
FT-161,FT-150,0.09539302802460697,1255.783773964013,1265.276619401272,1499.2176641397284,1499.076621782328,9.492845437258893,0.14104235740046533,False,True,False,False,candidate_isotope_or_adduct
FT-161,FT-167,0.22509911141490088,1255.783773964013,1265.77527779671,1499.2176641397284,1499.0848223250168,9.991503832696935,0.13284181471158263,False,True,False,False,candidate_isotope_or_adduct
FT-063,FT-064,0.1008339029391661,1149.7527620467906,1149.7500936653876,1199.627733531914,1245.272856166862,0.002668381403054809,45.645122634948166,True,False,False,False,candidate_isomer
FT-063,FT-065,0.1840328092959672,1149.7527620467906,1149.7477835102598,1199.627733531914,1279.935188473766,0.00497853653087077,80.30745494185203,True,False,False,False,candidate_isomer
FT-101,FT-105,0.5852904989747095,1222.7800653728018,1222.2792600253013,1300.021420828775,1300.11549170832,0.5008053475005454,0.09407087954491544,False,True,False,False,candidate_isotope_or_adduct
FT-101,FT-083,0.7331237183868763,1222.7800653728018,1224.8042649657891,1300.021420828775,1299.2791674223463,2.0241995929873156,0.7422534064287447,False,True,False,False,candidate_isotope_or_adduct
FT-101,FT-100,-0.23384825700615175,1222.7800653728018,1222.7890111601405,1300.021420828775,1257.9887283196858,0.008945787338689115,42.0326925090892,True,False,False,False,candidate_isomer
FT-101,FT-093,0.6563773069036227,1222.7800653728018,1233.7846794103978,1300.021420828775,1299.2759946740543,11.004614037595957,0.7454261547206897,False,True,False,False,candidate_isotope_or_adduct
FT-101,FT-098,0.684565960355434,1222.7800653728018,1234.285360466548,1300.021420828775,1298.978903962394,11.5052950937461,1.0425168663809927,False,True,False,False,candidate_isotope_or_adduct
FT-101,FT-142,0.8263021189336979,1222.7800653728018,1223.287004668688,1300.021420828775,1299.8451740769872,0.5069392958862409,0.17624675178785765,False,True,False,False,candidate_isotope_or_adduct
FT-101,FT-085,0.7330416951469583,1222.7800653728018,1224.2975971419808,1300.021420828775,1299.5622354883926,1.5175317691789587,0.45918534038241887,False,True,False,False,candidate_isotope_or_adduct
FT-101,FT-088,0.7278468899521531,1222.7800653728018,1223.7937689750972,1300.021420828775,1299.7601011100369,1.0137036022954362,0.2613197187381502,False,True,False,False,candidate_isotope_or_adduct
FT-101,FT-081,0.5143130553656869,1222.7800653728018,1225.305158770853,1300.021420828775,1299.0897146683544,2.52509339805124,0.9317061604206174,False,True,False,False,candidate_isotope_or_adduct
FT-200,FT-235,0.2323444976076555,1039.6606356714726,1034.9871234609543,1386.5689310879638,1385.9991044260155,4.673512210518311,0.5698266619483547,False,True,False,False,candidate_isotope_or_adduct
FT-200,FT-124,0.6405741626794258,1039.6606356714726,1039.6588042265028,1386.5689310879638,1419.321667147817,0.0018314449698664248,32.75273605985308,True,False,False,False,candidate_isomer
FT-200,FT-116,0.17719753930280246,1039.6606356714726,1034.3156777245072,1386.5689310879638,1386.2288582150331,5.344957946965451,0.34007287293070476,False,True,False,False,candidate_isotope_or_adduct
FT-105,FT-083,0.3113602187286398,1222.2792600253013,1224.8042649657891,1300.11549170832,1299.2791674223463,2.525004940487861,0.8363242859736602,False,True,False,False,candidate_isotope_or_adduct
FT-105,FT-104,0.13380724538619276,1222.2792600253013,1222.2864765177096,1300.11549170832,1258.1864030459938,0.007216492408360864,41.929088662326194,True,False,False,False,candidate_isomer
FT-105,FT-093,0.16117566643882433,1222.2792600253013,1233.7846794103978,1300.11549170832,1299.2759946740543,11.505419385096502,0.8394970342656052,False,True,False,False,candidate_isotope_or_adduct
FT-105,FT-098,0.192946001367054,1222.2792600253013,1234.285360466548,1300.11549170832,1298.978903962394,12.006100441246645,1.1365877459259082,False,True,False,False,candidate_isotope_or_adduct
FT-105,FT-142,0.424688995215311,1222.2792600253013,1223.287004668688,1300.11549170832,1299.8451740769872,1.0077446433867863,0.2703176313327731,False,True,False,False,candidate_isotope_or_adduct
FT-105,FT-085,0.3275187969924812,1222.2792600253013,1224.2975971419808,1300.11549170832,1299.5622354883926,2.018337116679504,0.5532562199273343,False,True,False,False,candidate_isotope_or_adduct
FT-105,FT-088,0.337634996582365,1222.2792600253013,1223.7937689750972,1300.11549170832,1299.7601011100369,1.5145089497959816,0.35539059828306563,False,True,False,False,candidate_isotope_or_adduct
FT-105,FT-081,0.08773752563226248,1222.2792600253013,1225.305158770853,1300.11549170832,1299.0897146683544,3.0258987455517854,1.0257770399655328,False,True,False,False,candidate_isotope_or_adduct
FT-155,FT-162,0.14917293233082707,1266.2831822007336,1254.277029107562,1499.1248349190344,1499.404825285124,12.006153093171633,0.27999036608957795,False,True,False,False,candidate_isotope_or_adduct
FT-155,FT-160,0.21326042378673957,1266.2831822007336,1254.7781749513174,1499.1248349190344,1499.4061441213764,11.505007249416167,0.28130920234207224,False,True,False,False,candidate_isotope_or_adduct
FT-155,FT-165,0.24292549555707452,1266.2831822007336,1255.2798171824015,1499.1248349190344,1499.3447722912745,11.003365018332033,0.21993737224011056,False,True,False,False,candidate_isotope_or_adduct
FT-155,FT-149,0.6808202323991798,1266.2831822007336,1264.301168475248,1499.1248349190344,1498.8110275470938,1.982013725485558,0.31380737194058383,False,True,False,False,candidate_isotope_or_adduct
FT-155,FT-157,0.7035406698564594,1266.2831822007336,1263.2947685123595,1499.1248349190344,1498.9586431862058,2.9884136883740666,0.16619173282856536,False,True,False,False,candidate_isotope_or_adduct
FT-155,FT-154,0.670868079289132,1266.2831822007336,1263.7971017854209,1499.1248349190344,1498.895810560801,2.486080415312699,0.229024358233346,False,True,False,False,candidate_isotope_or_adduct
FT-155,FT-171,0.6980997949419002,1266.2831822007336,1262.7926388390904,1499.1248349190344,1499.0089198979422,3.4905433616431765,0.115915021092178,False,True,False,False,candidate_isotope_or_adduct
FT-155,FT-150,0.8602597402597403,1266.2831822007336,1265.276619401272,1499.1248349190344,1499.076621782328,1.0065627994615625,0.04821313670640848,False,True,False,False,candidate_isotope_or_adduct
FT-155,FT-167,0.8486124401913876,1266.2831822007336,1265.77527779671,1499.1248349190344,1499.0848223250168,0.5079044040235203,0.04001259401752577,False,True,False,False,candidate_isotope_or_adduct
FT-072,FT-059,-0.3822282980177717,1252.819559504331,1223.7919594716086,1252.123154423304,1257.9046668683316,29.027600032722376,5.781512445027602,False,True,False,False,candidate_isotope_or_adduct
FT-072,FT-140,-0.370580997949419,1252.819559504331,1223.2883799925703,1252.123154423304,1257.8617538028573,29.531179511760683,5.738599379553307,False,True,False,False,candidate_isotope_or_adduct
FT-072,FT-073,0.15822282980177718,1252.819559504331,1252.8205095026694,1252.123154423304,1273.817172792693,0.0009499983384557709,21.69401836938914,True,False,False,False,candidate_isomer
FT-072,FT-091,0.5126179084073821,1252.819559504331,1251.314808260303,1252.123154423304,1251.9082930023933,1.504751244028057,0.2148614209106654,False,True,False,False,candidate_isotope_or_adduct
FT-072,FT-084,-0.3428844839371155,1252.819559504331,1224.2978759761004,1252.123154423304,1257.7376008872648,28.521683528230596,5.614446463960803,False,True,False,False,candidate_isotope_or_adduct
FT-186,FT-189,0.025153793574846206,931.6243046494036,931.123020951668,1102.186769188893,1117.150900959169,0.5012836977356301,14.964131770275799,False,True,False,False,candidate_isotope_or_adduct
FT-186,FT-187,0.09060833902939167,931.6243046494036,931.6249044842097,1102.186769188893,1117.1180883829777,0.0005998348060529679,14.931319194084608,True,False,False,False,candidate_isomer
FT-076,FT-062,0.596555023923445,1076.70024884105,1078.713769906068,1212.7298144435597,1212.1759527027516,2.0135210650178124,0.5538617408080881,False,True,False,False,candidate_isotope_or_adduct
FT-076,FT-080,0.7658236500341763,1076.70024884105,1077.2019763854523,1212.7298144435597,1212.614388815364,0.5017275444022289,0.11542562819568047,False,True,False,False,candidate_isotope_or_adduct
FT-076,FT-077,0.6611073137388926,1076.70024884105,1077.705946239623,1212.7298144435597,1212.451251396288,1.00569739857292,0.27856304727174575,False,True,False,False,candidate_isotope_or_adduct
FT-076,FT-058,0.6490498974709501,1076.70024884105,1078.208562682587,1212.7298144435597,1212.3710107648494,1.5083138415368467,0.35880367871027374,False,True,False,False,candidate_isotope_or_adduct
FT-076,FT-075,0.2447846889952153,1076.70024884105,1076.704086348371,1212.7298144435597,1165.0016465840235,0.0038375073208953836,47.72816785953614,True,False,False,False,candidate_isomer
FT-076,FT-222,0.64,1076.70024884105,1087.6997012829654,1212.7298144435597,1212.1840644998792,10.99945244191531,0.5457499436804483,False,True,False,False,candidate_isotope_or_adduct
FT-076,FT-223,0.42411483253588517,1076.70024884105,1088.2006657983875,1212.7298144435597,1212.1002271969037,11.500416957337393,0.6295872466560013,False,True,False,False,candidate_isotope_or_adduct
FT-076,FT-196,0.5115516062884484,1076.70024884105,1079.2166019688184,1212.7298144435597,1212.162690219896,2.516353127768298,0.5671242236637681,False,True,False,False,candidate_isotope_or_adduct
FT-056,FT-233,0.7009432672590568,1178.2689676482953,1179.778005634704,1244.9133772041282,1244.6512806591527,1.5090379864086572,0.2620965449755204,False,True,False,False,candidate_isotope_or_adduct
FT-056,FT-057,0.8478742310321258,1178.2689676482953,1179.2722036799555,1244.9133772041282,1244.832670568563,1.003236031660208,0.08070663556532054,False,True,False,False,candidate_isotope_or_adduct
FT-056,FT-074,0.8612987012987013,1178.2689676482953,1178.7694962544108,1244.9133772041282,1244.8608776216845,0.5005286061154948,0.05249958244371555,False,True,False,False,candidate_isotope_or_adduct
FT-056,FT-064,-0.0802734107997266,1178.2689676482953,1149.7500936653876,1244.9133772041282,1245.272856166862,28.518873982907735,0.35947896273387414,False,True,False,False,candidate_isotope_or_adduct
FT-056,FT-070,-0.10170881749829118,1178.2689676482953,1150.753810446541,1244.9133772041282,1245.2881515322938,27.51515720175439,0.37477432816558576,False,True,False,False,candidate_isotope_or_adduct
FT-056,FT-232,-0.05265892002734108,1178.2689676482953,1151.7625057823254,1244.9133772041282,1245.2407794332655,26.506461865969868,0.32740222913730577,False,True,False,False,candidate_isotope_or_adduct
FT-056,FT-067,-0.1183321941216678,1178.2689676482953,1150.251969729645,1244.9133772041282,1245.3086840060384,28.016997918650304,0.3953068019102375,False,True,False,False,candidate_isotope_or_adduct
FT-056,FT-114,-0.16760082023239917,1178.2689676482953,1151.256806499619,1244.9133772041282,1245.2813146104488,27.01216114867634,0.3679374063206069,False,True,False,False,candidate_isotope_or_adduct
FT-133,FT-241,0.4935064935064935,1088.3554957275571,1083.3479141235127,1455.6188085752144,1473.3785589320328,5.00758160404439,17.75975035681836,False,True,False,False,candidate_isotope_or_adduct
FT-133,FT-244,0.5380177717019823,1088.3554957275571,1083.0144831519058,1455.6188085752144,1455.407052190095,5.341012575651348,0.21175638511931538,False,True,False,False,candidate_isotope_or_adduct
FT-133,FT-240,0.5088174982911825,1088.3554957275571,1083.3466638903149,1455.6188085752144,1455.299982043751,5.008831837242269,0.3188265314634009,False,True,False,False,candidate_isotope_or_adduct
FT-133,FT-127,0.8909090909090909,1088.3554957275571,1089.3621822179891,1455.6188085752144,1455.0379438086263,1.0066864904320028,0.5808647665880926,False,True,False,False,candidate_isotope_or_adduct
FT-133,FT-123,0.8733287764866712,1088.3554957275571,1089.0265712685955,1455.6188085752144,1455.280496632148,0.6710755410383626,0.338311943066401,False,True,False,False,candidate_isotope_or_adduct
FT-203,FT-236,0.82838004101162,1033.9851251097311,1034.9898999251243,1419.5994173936797,1419.3602150227453,1.004774815393148,0.23920237093443575,False,True,False,False,candidate_isotope_or_adduct
FT-203,FT-124,-0.37060833902939166,1033.9851251097311,1039.6588042265028,1419.5994173936797,1419.321667147817,5.673679116771609,0.2777502458627623,False,True,False,False,candidate_isotope_or_adduct
FT-203,FT-204,0.35362952836637046,1033.9851251097311,1033.9838278235356,1419.5994173936797,1455.7532616121457,0.0012972861954949622,36.15384421846602,True,False,False,False,candidate_isomer
FT-203,FT-212,0.8300751879699249,1033.9851251097311,1034.6524894655838,1419.5994173936797,1419.5355960078075,0.6673643558526692,0.06382138587218833,False,True,False,False,candidate_isotope_or_adduct
FT-203,FT-130,-0.5025563909774436,1033.9851251097311,1040.3294064561312,1419.5994173936797,1419.1001653827748,6.3442813464000665,0.499252010904911,False,True,False,False,candidate_isotope_or_adduct
FT-203,FT-137,-0.43548872180451126,1033.9851251097311,1039.9948749944976,1419.5994173936797,1419.220544280622,6.0097498847665065,0.37887311305757976,False,True,False,False,candidate_isotope_or_adduct
FT-023,FT-018,0.899166097060834,1373.9225103480585,1372.9191123009864,980.4212867734888,980.422438027575,1.0033980470720962,0.0011512540862668175,False,True,False,False,candidate_isotope_or_adduct
FT-050,FT-229,-0.033984962406015035,1004.669623849698,975.1420796493152,1156.3925786840523,1174.724661855747,29.527544200382863,18.33208317169465,False,True,False,False,candidate_isotope_or_adduct
FT-050,FT-221,0.950786056049214,1004.669623849698,1005.6756059707232,1156.3925786840523,1156.2008704897985,1.005982121025113,0.19170819425380614,False,True,False,True,candidate_isotope_or_adduct_correlated
FT-050,FT-230,0.032207792207792206,1004.669623849698,975.6477809466752,1156.3925786840523,1174.6013930519584,29.021842903022844,18.208814367906143,False,True,False,False,candidate_isotope_or_adduct
FT-050,FT-048,0.6105536568694463,1004.669623849698,995.6559728029966,1156.3925786840523,1136.486651444235,9.013651046701398,19.9059272398174,False,True,False,False,candidate_isotope_or_adduct
FT-078,FT-049,-0.2552563226247437,1077.205728818574,1097.2225774589213,1164.9081193819106,1176.9292956095635,20.016848640347234,12.021176227652859,False,True,False,False,candidate_isotope_or_adduct
FT-078,FT-055,0.6115926179084074,1077.205728818574,1105.7327676680493,1164.9081193819106,1180.3586166880116,28.527038849475275,15.450497306100942,False,True,False,False,candidate_isotope_or_adduct
FT-078,FT-195,0.7295693779904306,1077.205728818574,1077.708774786632,1164.9081193819106,1164.8240522057135,0.5030459680579042,0.08406717619709525,False,True,False,False,candidate_isotope_or_adduct
FT-078,FT-080,0.30293916609706084,1077.205728818574,1077.2019763854523,1164.9081193819106,1212.614388815364,0.0037524331216900464,47.70626943345337,True,False,False,False,candidate_isomer
FT-078,FT-193,0.11450444292549555,1077.205728818574,1068.7043278235449,1164.9081193819106,1173.5611587867572,8.501400995029144,8.653039404846595,False,True,False,False,candidate_isotope_or_adduct
FT-078,FT-075,0.605933014354067,1077.205728818574,1076.704086348371,1164.9081193819106,1165.0016465840235,0.5016424702030235,0.09352720211290944,False,True,False,False,candidate_isotope_or_adduct
FT-078,FT-194,0.5943677375256322,1077.205728818574,1106.736189796707,1164.9081193819106,1180.3607794138811,29.53046097813308,15.452660031970481,False,True,False,False,candidate_isotope_or_adduct
FT-078,FT-053,-0.22704032809295968,1077.205728818574,1097.723992703951,1164.9081193819106,1176.67239430599,20.518263885376882,11.764274924079473,False,True,False,False,candidate_isotope_or_adduct
FT-078,FT-192,0.058619275461380724,1077.205728818574,1068.7037715820934,1164.9081193819106,1157.8147203461158,8.50195723648062,7.093399035794846,False,True,False,False,candidate_isotope_or_adduct
FT-078,FT-220,-0.23718386876281614,1077.205728818574,1098.2292261588002,1164.9081193819106,1176.4712324222012,21.023497340226186,11.563113040290546,False,True,False,False,candidate_isotope_or_adduct
FT-078,FT-052,0.1629801777170198,1077.205728818574,1069.2070748658969,1164.9081193819106,1173.5811959662594,7.998653952677159,8.673076584348792,False,True,False,False,candidate_isotope_or_adduct
FT-078,FT-249,0.019384825700615175,1077.205728818574,1069.709184439815,1164.9081193819106,1158.0681524278946,7.4965443787589265,6.839966954016063,False,True,False,False,candidate_isotope_or_adduct
FT-078,FT-054,0.4616267942583732,1077.205728818574,1106.2349666883931,1164.9081193819106,1180.403233758563,29.0292378698191,15.495114376652282,False,True,False,False,candidate_isotope_or_adduct
FT-078,FT-250,0.1279835953520164,1077.205728818574,1069.708344315076,1164.9081193819106,1173.681223284433,7.497384503498097,8.77310390252228,False,True,False,False,candidate_isotope_or_adduct
FT-178,FT-022,0.8231305536568695,1455.998949997305,1454.994982263801,1013.726434598975,1013.8599853437128,1.0039677335041688,0.1335507447378177,False,True,False,False,candidate_isotope_or_adduct
FT-102,FT-103,-0.03751196172248804,1295.3371125063638,1295.3340005034854,1284.5115125888428,1325.9263584717098,0.0031120028784243914,41.414845882866985,True,False,False,False,candidate_isomer
FT-233,FT-057,0.7795488721804511,1179.778005634704,1179.2722036799555,1244.6512806591527,1244.832670568563,0.5058019547484491,0.18138990941019983,False,True,False,False,candidate_isotope_or_adduct
FT-233,FT-074,0.7751196172248804,1179.778005634704,1178.7694962544108,1244.6512806591527,1244.8608776216845,1.0085093802931624,0.20959696253180482,False,True,False,False,candidate_isotope_or_adduct
FT-233,FT-070,-0.25878332194121667,1179.778005634704,1150.753810446541,1244.6512806591527,1245.2881515322938,29.02419518816305,0.6368708731411061,False,True,False,False,candidate_isotope_or_adduct
FT-233,FT-232,-0.1923444976076555,1179.778005634704,1151.7625057823254,1244.6512806591527,1245.2407794332655,28.015499852378525,0.5894987741128261,False,True,False,False,candidate_isotope_or_adduct
FT-233,FT-067,-0.2686807928913192,1179.778005634704,1150.251969729645,1244.6512806591527,1245.3086840060384,29.52603590505896,0.6574033468857579,False,True,False,False,candidate_isotope_or_adduct
FT-233,FT-114,-0.287053998632946,1179.778005634704,1151.256806499619,1244.6512806591527,1245.2813146104488,28.521199135085,0.6300339512961273,False,True,False,False,candidate_isotope_or_adduct
FT-182,FT-039,0.902611073137389,1026.1932694786867,1024.6867091528734,1095.4661545958722,1095.258554693031,1.506560325813325,0.20759990284113883,False,True,False,False,candidate_isotope_or_adduct
FT-182,FT-041,0.8955297334244703,1026.1932694786867,1025.1883020825835,1095.4661545958722,1095.323555128769,1.0049673961032113,0.1425994671033095,False,True,False,False,candidate_isotope_or_adduct
FT-182,FT-037,0.8719343814080657,1026.1932694786867,1025.6898265569414,1095.4661545958722,1095.46453629439,0.503442921745318,0.0016183014822672703,False,True,False,False,candidate_isotope_or_adduct
FT-182,FT-042,0.6001367053998633,1026.1932694786867,1025.1886386302892,1095.4661545958722,1107.3546178711229,1.0046308483974826,11.888463275250615,False,True,False,False,candidate_isotope_or_adduct
FT-049,FT-055,-0.4644155844155844,1097.2225774589213,1105.7327676680493,1176.9292956095635,1180.3586166880116,8.51019020912804,3.4293210784480834,False,True,False,False,candidate_isotope_or_adduct
FT-049,FT-195,-0.3288311688311688,1097.2225774589213,1077.708774786632,1176.9292956095635,1164.8240522057135,19.51380267228933,12.105243403849954,False,True,False,False,candidate_isotope_or_adduct
FT-049,FT-193,-0.20295283663704716,1097.2225774589213,1068.7043278235449,1176.9292956095635,1173.5611587867572,28.518249635376378,3.368136822806264,False,True,False,False,candidate_isotope_or_adduct
FT-049,FT-075,-0.28740943267259056,1097.2225774589213,1076.704086348371,1176.9292956095635,1165.0016465840235,20.518491110550258,11.92764902553995,False,True,False,False,candidate_isotope_or_adduct
FT-049,FT-194,-0.5149145591250854,1097.2225774589213,1106.736189796707,1176.9292956095635,1180.3607794138811,9.513612337785844,3.4314838043176223,False,True,False,False,candidate_isotope_or_adduct
FT-049,FT-053,0.922077922077922,1097.2225774589213,1097.723992703951,1176.9292956095635,1176.67239430599,0.5014152450296478,0.25690130357338603,False,True,False,False,candidate_isotope_or_adduct
FT-049,FT-192,-0.07625427204374573,1097.2225774589213,1068.7037715820934,1176.9292956095635,1157.8147203461158,28.518805876827855,19.114575263447705,False,True,False,False,candidate_isotope_or_adduct
FT-049,FT-220,0.9240464798359536,1097.2225774589213,1098.2292261588002,1176.9292956095635,1176.4712324222012,1.0066486998789514,0.45806318736231333,False,True,False,False,candidate_isotope_or_adduct
FT-049,FT-052,-0.2542173615857826,1097.2225774589213,1069.2070748658969,1176.9292956095635,1173.5811959662594,28.015502593024394,3.3480996433040673,False,True,False,False,candidate_isotope_or_adduct
FT-049,FT-249,-0.10936431989063568,1097.2225774589213,1069.709184439815,1176.9292956095635,1158.0681524278946,27.51339301910616,18.861143181668922,False,True,False,False,candidate_isotope_or_adduct
FT-049,FT-054,-0.5637457279562542,1097.2225774589213,1106.2349666883931,1176.9292956095635,1180.403233758563,9.012389229471864,3.473938148999423,False,True,False,False,candidate_isotope_or_adduct
FT-049,FT-250,-0.2013943950786056,1097.2225774589213,1069.708344315076,1176.9292956095635,1173.681223284433,27.51423314384533,3.248072325130579,False,True,False,False,candidate_isotope_or_adduct
FT-055,FT-195,0.5408065618591934,1105.7327676680493,1077.708774786632,1180.3586166880116,1164.8240522057135,28.02399288141737,15.534564482298038,False,True,False,False,candidate_isotope_or_adduct
FT-055,FT-075,0.4944360902255639,1105.7327676680493,1076.704086348371,1180.3586166880116,1165.0016465840235,29.0286813196783,15.356970103988033,False,True,False,False,candidate_isotope_or_adduct
FT-055,FT-194,0.8205878332194122,1105.7327676680493,1106.736189796707,1180.3586166880116,1180.3607794138811,1.0034221286578031,0.0021627258695389173,False,True,False,False,candidate_isotope_or_adduct
FT-055,FT-053,-0.42034176349965824,1105.7327676680493,1097.723992703951,1180.3586166880116,1176.67239430599,8.008774964098393,3.6862223820214695,False,True,False,False,candidate_isotope_or_adduct
FT-055,FT-220,-0.4407928913192071,1105.7327676680493,1098.2292261588002,1180.3586166880116,1176.4712324222012,7.503541509249089,3.8873842658103968,False,True,False,False,candidate_isotope_or_adduct
FT-055,FT-054,0.8423513328776486,1105.7327676680493,1106.2349666883931,1180.3586166880116,1180.403233758563,0.5021990203438236,0.044617070551339566,False,True,False,False,candidate_isotope_or_adduct
FT-195,FT-077,0.13561175666438824,1077.708774786632,1077.705946239623,1164.8240522057135,1212.451251396288,0.002828547008903115,47.6271991905744,True,False,False,False,candidate_isomer
FT-195,FT-193,-0.0803280929596719,1077.708774786632,1068.7043278235449,1164.8240522057135,1173.5611587867572,9.004446963087048,8.73710658104369,False,True,False,False,candidate_isotope_or_adduct
FT-195,FT-075,0.7132467532467532,1077.708774786632,1076.704086348371,1164.8240522057135,1165.0016465840235,1.0046884382609278,0.17759437831000469,False,True,False,False,candidate_isotope_or_adduct
FT-195,FT-194,0.46838004101161995,1077.708774786632,1106.736189796707,1164.8240522057135,1180.3607794138811,29.027415010075174,15.536727208167576,False,True,False,False,candidate_isotope_or_adduct
FT-195,FT-053,-0.29298701298701296,1077.708774786632,1097.723992703951,1164.8240522057135,1176.67239430599,20.015217917318978,11.848342100276568,False,True,False,False,candidate_isotope_or_adduct
FT-195,FT-192,-0.036035543403964455,1077.708774786632,1068.7037715820934,1164.8240522057135,1157.8147203461158,9.005003204538525,7.009331859597751,False,True,False,False,candidate_isotope_or_adduct
FT-195,FT-220,-0.2827887901572112,1077.708774786632,1098.2292261588002,1164.8240522057135,1176.4712324222012,20.52045137216828,11.64718021648764,False,True,False,False,candidate_isotope_or_adduct
FT-195,FT-052,0.0004101161995898838,1077.708774786632,1069.2070748658969,1164.8240522057135,1173.5811959662594,8.501699920735064,8.757143760545887,False,True,False,False,candidate_isotope_or_adduct
FT-195,FT-249,-0.17588516746411484,1077.708774786632,1069.709184439815,1164.8240522057135,1158.0681524278946,7.999590346816831,6.755899777818968,False,True,False,False,candidate_isotope_or_adduct
FT-195,FT-054,0.41845522898154475,1077.708774786632,1106.2349666883931,1164.8240522057135,1180.403233758563,28.526191901761194,15.579181552849377,False,True,False,False,candidate_isotope_or_adduct
FT-195,FT-250,-0.07149692412850307,1077.708774786632,1069.708344315076,1164.8240522057135,1173.681223284433,8.000430471556001,8.857171078719375,False,True,False,False,candidate_isotope_or_adduct
FT-062,FT-080,0.7487901572112099,1078.713769906068,1077.2019763854523,1212.1759527027516,1212.614388815364,1.5117935206155835,0.43843611261240767,False,True,False,False,candidate_isotope_or_adduct
FT-062,FT-077,0.7717293233082707,1078.713769906068,1077.705946239623,1212.1759527027516,1212.451251396288,1.0078236664448923,0.2752986935363424,False,True,False,False,candidate_isotope_or_adduct
FT-062,FT-058,0.7888174982911825,1078.713769906068,1078.208562682587,1212.1759527027516,1212.3710107648494,0.5052072234809657,0.1950580620978144,False,True,False,False,candidate_isotope_or_adduct
FT-062,FT-222,0.7098291182501709,1078.713769906068,1087.6997012829654,1212.1759527027516,1212.1840644998792,8.985931376897497,0.008111797127639875,False,True,False,False,candidate_isotope_or_adduct
FT-062,FT-223,0.573151059466849,1078.713769906068,1088.2006657983875,1212.1759527027516,1212.1002271969037,9.48689589231958,0.07572550584791315,False,True,False,False,candidate_isotope_or_adduct
FT-062,FT-196,0.5209022556390978,1078.713769906068,1079.2166019688184,1212.1759527027516,1212.162690219896,0.5028320627504854,0.013262482855679991,False,True,False,False,candidate_isotope_or_adduct
FT-162,FT-135,0.9500751879699249,1254.277029107562,1173.2301124568482,1499.404825285124,1442.9947789043065,81.04691665071368,56.41004638081745,False,False,False,True,high_corr_other
FT-162,FT-160,0.9695420369104579,1254.277029107562,1254.7781749513174,1499.404825285124,1499.4061441213764,0.5011458437554666,0.0013188362524942931,False,True,False,True,candidate_isotope_or_adduct_correlated
FT-162,FT-165,0.9746548188653452,1254.277029107562,1255.2798171824015,1499.404825285124,1499.3447722912745,1.0027880748396,0.060052993849467384,False,True,True,True,candidate_isotope_or_adduct_correlated
FT-162,FT-149,-0.24582365003417636,1254.277029107562,1264.301168475248,1499.404825285124,1498.8110275470938,10.024139367686075,0.5937977380301618,False,True,False,False,candidate_isotope_or_adduct
FT-162,FT-157,-0.1639917976760082,1254.277029107562,1263.2947685123595,1499.404825285124,1498.9586431862058,9.017739404797567,0.4461820989181433,False,True,False,False,candidate_isotope_or_adduct
FT-162,FT-154,-0.22523581681476418,1254.277029107562,1263.7971017854209,1499.404825285124,1498.895810560801,9.520072677858934,0.5090147243229239,False,True,False,False,candidate_isotope_or_adduct
FT-162,FT-171,-0.1851537935748462,1254.277029107562,1262.7926388390904,1499.404825285124,1499.0089198979422,8.515609731528457,0.39590538718175594,False,True,False,False,candidate_isotope_or_adduct
FT-162,FT-150,0.04103896103896104,1254.277029107562,1265.276619401272,1499.404825285124,1499.076621782328,10.999590293710071,0.3282035027959864,False,True,False,False,candidate_isotope_or_adduct
FT-162,FT-167,0.20038277511961722,1254.277029107562,1265.77527779671,1499.404825285124,1499.0848223250168,11.498248689148113,0.3200029601071037,False,True,False,False,candidate_isotope_or_adduct
FT-068,FT-067,-0.8142447026657553,1150.2524730526775,1150.251969729645,1279.7884240559065,1245.3086840060384,0.0005033230324897886,34.47974004986804,True,False,False,False,candidate_isomer
FT-068,FT-065,0.8795352016404648,1150.2524730526775,1149.7477835102598,1279.7884240559065,1279.935188473766,0.5046895424177364,0.14676441785945826,False,True,False,False,candidate_isotope_or_adduct
FT-092,FT-061,0.8226110731373889,1251.3142498680247,1251.8151979857469,1273.8054275719012,1273.952845715492,0.500948117722146,0.14741814359081218,False,True,False,False,candidate_isotope_or_adduct
FT-092,FT-059,0.327136021872864,1251.3142498680247,1223.7919594716086,1273.8054275719012,1257.9046668683316,27.52229039641611,15.900760703569631,False,True,False,False,candidate_isotope_or_adduct
FT-092,FT-104,0.2732194121667806,1251.3142498680247,1222.2864765177096,1273.8054275719012,1258.1864030459938,29.0277733503151,15.619024525907435,False,True,False,False,candidate_isotope_or_adduct
FT-092,FT-140,0.3096103896103896,1251.3142498680247,1223.2883799925703,1273.8054275719012,1257.8617538028573,28.02586987545442,15.943673769043926,False,True,False,False,candidate_isotope_or_adduct
FT-092,FT-100,0.280082023239918,1251.3142498680247,1222.7890111601405,1273.8054275719012,1257.9887283196858,28.525238707884228,15.816699252215358,False,True,False,False,candidate_isotope_or_adduct
FT-092,FT-087,0.7736978810663021,1251.3142498680247,1252.3175410114536,1273.8054275719012,1273.902456757388,1.0032911434288962,0.09702918548691741,False,True,False,False,candidate_isotope_or_adduct
FT-092,FT-224,0.6071086807928913,1251.3142498680247,1253.32364366104,1273.8054275719012,1273.874816816318,2.009393793015306,0.06938924441669769,False,True,False,False,candidate_isotope_or_adduct
FT-092,FT-073,0.7136842105263158,1251.3142498680247,1252.8205095026694,1273.8054275719012,1273.817172792693,1.5062596346447208,0.01174522079190865,False,True,False,False,candidate_isotope_or_adduct
FT-092,FT-091,0.3188243335611757,1251.3142498680247,1251.314808260303,1273.8054275719012,1251.9082930023933,0.0005583922782079753,21.897134569507898,True,False,False,False,candidate_isomer
FT-092,FT-084,0.2617634996582365,1251.3142498680247,1224.2978759761004,1273.8054275719012,1257.7376008872648,27.01637389192433,16.06782668463643,False,True,False,False,candidate_isotope_or_adduct
FT-083,FT-093,0.7307997265892002,1224.8042649657891,1233.7846794103978,1299.2791674223463,1299.2759946740543,8.980414444608641,0.0031727482919450267,False,True,False,False,candidate_isotope_or_adduct
FT-083,FT-098,0.6614900888585099,1224.8042649657891,1234.285360466548,1299.2791674223463,1298.978903962394,9.481095500758784,0.300263459952248,False,True,False,False,candidate_isotope_or_adduct
FT-083,FT-142,0.8511278195488722,1224.8042649657891,1223.287004668688,1299.2791674223463,1299.8451740769872,1.5172602971010747,0.5660066546408871,False,True,False,False,candidate_isotope_or_adduct
FT-083,FT-085,0.8862064251537936,1224.8042649657891,1224.2975971419808,1299.2791674223463,1299.5622354883926,0.5066678238083568,0.28306806604632584,False,True,False,False,candidate_isotope_or_adduct
FT-083,FT-088,0.8549008885850992,1224.8042649657891,1223.7937689750972,1299.2791674223463,1299.7601011100369,1.0104959906918793,0.4809336876905945,False,True,False,False,candidate_isotope_or_adduct
FT-083,FT-081,0.5505673274094327,1224.8042649657891,1225.305158770853,1299.2791674223463,1299.0897146683544,0.5008938050639244,0.18945275399187267,False,True,False,False,candidate_isotope_or_adduct
FT-218,FT-024,0.9620232399179768,945.1499525476456,944.6434806058312,1013.699714864276,1013.805438811442,0.506471941814425,0.1057239471659841,False,True,False,True,candidate_isotope_or_adduct_correlated
FT-218,FT-030,0.9703896103896104,945.1499525476456,943.6407760815548,1013.699714864276,1013.782160621757,1.5091764660908211,0.08244575748108218,False,True,True,True,candidate_isotope_or_adduct_correlated
FT-218,FT-027,0.9678468899521531,945.1499525476456,944.1420067072388,1013.699714864276,1013.8565207197244,1.0079458404068191,0.15680585544839687,False,True,False,True,candidate_isotope_or_adduct_correlated
FT-008,FT-007,0.8700751879699248,1050.739663862885,1051.7428230998376,753.4570032840134,753.1931299912063,1.0031592369525697,0.263873292807034,False,True,False,False,candidate_isotope_or_adduct
FT-008,FT-009,0.9600546821599453,1050.739663862885,1049.7326640547776,753.4570032840134,753.5937523711316,1.0069998081073663,0.13674908711823264,False,True,False,True,candidate_isotope_or_adduct_correlated
FT-008,FT-010,0.9039781271360219,1050.739663862885,1048.7247997662084,753.4570032840134,753.8246143446223,2.014864096676547,0.3676110606089651,False,True,False,False,candidate_isotope_or_adduct
FT-242,FT-151,-0.33372522214627476,1083.0169631809986,1088.6951060782058,1422.690822712629,1438.8803038529063,5.678142897207181,16.189481140277394,False,True,False,False,candidate_isotope_or_adduct
FT-242,FT-244,0.7944497607655503,1083.0169631809986,1083.0144831519058,1422.690822712629,1455.407052190095,0.0024800290927942115,32.716229477466186,True,False,False,False,candidate_isomer
FT-012,FT-011,0.7539302802460697,1210.8240555433492,1211.8279152595003,874.6067099501091,874.6133425350365,1.0038597161510552,0.006632584927388052,False,True,False,False,candidate_isotope_or_adduct
FT-229,FT-230,0.5444976076555024,975.1420796493152,975.6477809466752,1174.724661855747,1174.6013930519584,0.5057012973600195,0.12326880378850547,False,True,False,False,candidate_isotope_or_adduct
FT-057,FT-074,0.8875461380724539,1179.2722036799555,1178.7694962544108,1244.832670568563,1244.8608776216845,0.5027074255447133,0.028207053121604986,False,True,False,False,candidate_isotope_or_adduct
FT-057,FT-064,-0.20226930963773068,1179.2722036799555,1149.7500936653876,1244.832670568563,1245.272856166862,29.522110014567943,0.4401855982991947,False,True,False,False,candidate_isotope_or_adduct
FT-057,FT-070,-0.21208475734791524,1179.2722036799555,1150.753810446541,1244.832670568563,1245.2881515322938,28.5183932334146,0.4554809637309063,False,True,False,False,candidate_isotope_or_adduct
FT-057,FT-232,-0.19488721804511278,1179.2722036799555,1151.7625057823254,1244.832670568563,1245.2407794332655,27.509697897630076,0.4081088647026263,False,True,False,False,candidate_isotope_or_adduct
FT-057,FT-067,-0.2217088174982912,1179.2722036799555,1150.251969729645,1244.832670568563,1245.3086840060384,29.020233950310512,0.476013437475558,False,True,False,False,candidate_isotope_or_adduct
FT-057,FT-114,-0.25892002734108,1179.2722036799555,1151.256806499619,1244.832670568563,1245.2813146104488,28.01539718033655,0.44864404188592744,False,True,False,False,candidate_isotope_or_adduct
FT-227,FT-096,-0.20240601503759398,815.5263145478614,815.5252605920695,1257.9480855586548,1299.3577408679637,0.0010539557919173603,41.409655309308846,True,False,False,False,candidate_isomer
FT-080,FT-077,0.8200683526999316,1077.2019763854523,1077.705946239623,1212.614388815364,1212.451251396288,0.5039698541706912,0.16313741907606527,False,True,False,False,candidate_isotope_or_adduct
FT-080,FT-058,0.8303759398496241,1077.2019763854523,1078.208562682587,1212.614388815364,1212.3710107648494,1.0065862971346178,0.24337805051459327,False,True,False,False,candidate_isotope_or_adduct
FT-080,FT-222,0.7867122351332878,1077.2019763854523,1087.6997012829654,1212.614388815364,1212.1840644998792,10.49772489751308,0.4303243154847678,False,True,False,False,candidate_isotope_or_adduct
FT-080,FT-223,0.6363362952836638,1077.2019763854523,1088.2006657983875,1212.614388815364,1212.1002271969037,10.998689412935164,0.5141616184603208,False,True,False,False,candidate_isotope_or_adduct
FT-080,FT-196,0.5632262474367737,1077.2019763854523,1079.2166019688184,1212.614388815364,1212.162690219896,2.014625583366069,0.45169859546808766,False,True,False,False,candidate_isotope_or_adduct
FT-074,FT-064,-0.14498974709501025,1178.7694962544108,1149.7500936653876,1244.8608776216845,1245.272856166862,29.01940258902323,0.4119785451775897,False,True,False,False,candidate_isotope_or_adduct
FT-074,FT-070,-0.15023923444976076,1178.7694962544108,1150.753810446541,1244.8608776216845,1245.2881515322938,28.015685807869886,0.4272739106093013,False,True,False,False,candidate_isotope_or_adduct
FT-074,FT-232,-0.12103896103896104,1178.7694962544108,1151.7625057823254,1244.8608776216845,1245.2407794332655,27.006990472085363,0.3799018115810213,False,True,False,False,candidate_isotope_or_adduct
FT-074,FT-067,-0.17386192754613808,1178.7694962544108,1150.251969729645,1244.8608776216845,1245.3086840060384,28.5175265247658,0.44780638435395304,False,True,False,False,candidate_isotope_or_adduct
FT-074,FT-114,-0.20128503075871496,1178.7694962544108,1151.256806499619,1244.8608776216845,1245.2813146104488,27.512689754791836,0.42043698876432245,False,True,False,False,candidate_isotope_or_adduct
FT-007,FT-009,0.8643609022556391,1051.7428230998376,1049.7326640547776,753.1931299912063,753.5937523711316,2.010159045059936,0.4006223799252666,False,True,False,False,candidate_isotope_or_adduct
FT-007,FT-010,0.8437457279562542,1051.7428230998376,1048.7247997662084,753.1931299912063,753.8246143446223,3.0180233336291167,0.6314843534159991,False,True,False,False,candidate_isotope_or_adduct
FT-061,FT-059,0.21602187286397811,1251.8151979857469,1223.7919594716086,1273.952845715492,1257.9046668683316,28.023238514138257,16.048178847160443,False,True,False,False,candidate_isotope_or_adduct
FT-061,FT-104,0.11122351332877649,1251.8151979857469,1222.2864765177096,1273.952845715492,1258.1864030459938,29.528721468037247,15.766442669498247,False,True,False,False,candidate_isotope_or_adduct
FT-061,FT-140,0.20727272727272728,1251.8151979857469,1223.2883799925703,1273.952845715492,1257.8617538028573,28.526817993176564,16.091091912634738,False,True,False,False,candidate_isotope_or_adduct
FT-061,FT-100,0.1357758031442242,1251.8151979857469,1222.7890111601405,1273.952845715492,1257.9887283196858,29.026186825606374,15.96411739580617,False,True,False,False,candidate_isotope_or_adduct
FT-061,FT-087,0.7380724538619275,1251.8151979857469,1252.3175410114536,1273.952845715492,1273.902456757388,0.5023430257067503,0.050388958103894765,False,True,False,False,candidate_isotope_or_adduct
FT-061,FT-224,0.6990293916609706,1251.8151979857469,1253.32364366104,1273.952845715492,1273.874816816318,1.50844567529316,0.07802889917411449,False,True,False,False,candidate_isotope_or_adduct
FT-061,FT-073,0.8217634996582365,1251.8151979857469,1252.8205095026694,1273.952845715492,1273.817172792693,1.0053115169225748,0.13567292279890353,False,True,False,False,candidate_isotope_or_adduct
FT-061,FT-084,0.20150375939849624,1251.8151979857469,1224.2978759761004,1273.952845715492,1257.7376008872648,27.517322009646477,16.21524482822724,False,True,False,False,candidate_isotope_or_adduct
FT-044,FT-031,0.9520437457279562,923.1212556300736,923.62339275087,1057.6205174785268,1057.5964004037503,0.5021371207964194,0.024117074776540903,False,True,False,True,candidate_isotope_or_adduct_correlated
FT-044,FT-033,0.9234176349965824,923.1212556300736,924.6276314779026,1057.6205174785268,1057.7246344641724,1.5063758478289628,0.10411698564553262,False,True,False,False,candidate_isotope_or_adduct
FT-044,FT-035,0.9429665071770335,923.1212556300736,924.1258165788284,1057.6205174785268,1057.66078474932,1.004560948754829,0.0402672707932652,False,True,False,False,candidate_isotope_or_adduct
FT-044,FT-248,0.8322624743677375,923.1212556300736,925.1361960129163,1057.6205174785268,1057.851741314575,2.014940382842724,0.23122383604822971,False,True,False,False,candidate_isotope_or_adduct
FT-044,FT-032,0.850909090909091,923.1212556300736,923.6242483918668,1057.6205174785268,1071.5163479969956,0.5029927617931662,13.895830518468756,False,True,False,False,candidate_isotope_or_adduct
FT-044,FT-036,0.8867532467532467,923.1212556300736,924.1258325459404,1057.6205174785268,1071.4321892574976,1.004576915866778,13.811671778970776,False,True,False,False,candidate_isotope_or_adduct
FT-044,FT-045,0.8288448393711552,923.1212556300736,923.1220202532094,1057.6205174785268,1071.5859281352352,0.0007646231357512079,13.9654106567084,True,False,False,False,candidate_isomer
FT-044,FT-034,0.7715105946684894,923.1212556300736,924.6284568794596,1057.6205174785268,1071.194488617538,1.5072012493859575,13.573971139011064,False,True,False,False,candidate_isotope_or_adduct
FT-031,FT-033,0.9441148325358851,923.62339275087,924.6276314779026,1057.5964004037503,1057.7246344641724,1.0042387270325435,0.12823406042207353,False,True,False,False,candidate_isotope_or_adduct
FT-031,FT-035,0.9453178400546821,923.62339275087,924.1258165788284,1057.5964004037503,1057.66078474932,0.5024238279584097,0.0643843455698061,False,True,False,False,candidate_isotope_or_adduct
FT-031,FT-248,0.8676965140123035,923.62339275087,925.1361960129163,1057.5964004037503,1057.851741314575,1.5128032620463046,0.2553409108247706,False,True,False,False,candidate_isotope_or_adduct
FT-031,FT-032,0.8430622009569378,923.62339275087,923.6242483918668,1057.5964004037503,1071.5163479969956,0.0008556409967468426,13.919947593245297,True,False,False,False,candidate_isomer
FT-031,FT-036,0.8919480519480519,923.62339275087,924.1258325459404,1057.5964004037503,1071.4321892574976,0.5024397950703587,13.835788853747317,False,True,False,False,candidate_isotope_or_adduct
FT-031,FT-045,0.8396992481203007,923.62339275087,923.1220202532094,1057.5964004037503,1071.5859281352352,0.5013724976606682,13.98952773148494,False,True,False,False,candidate_isotope_or_adduct
FT-031,FT-034,0.7607108680792891,923.62339275087,924.6284568794596,1057.5964004037503,1071.194488617538,1.005064128589538,13.598088213787605,False,True,False,False,candidate_isotope_or_adduct
FT-241,FT-153,0.39680109364319893,1083.3479141235127,1088.6918828508271,1473.3785589320328,1473.446015556528,5.3439687273144045,0.0674566244952075,False,True,False,False,candidate_isotope_or_adduct
FT-241,FT-240,0.7269446343130553,1083.3479141235127,1083.3466638903149,1473.3785589320328,1455.299982043751,0.0012502331978794246,18.07857688828176,True,False,False,False,candidate_isomer
FT-241,FT-152,0.46832535885167464,1083.3479141235127,1088.69277311038,1473.3785589320328,1455.33623852908,5.344858986867166,18.042320402952782,False,True,False,False,candidate_isotope_or_adduct
FT-241,FT-127,0.4400546821599453,1083.3479141235127,1089.3621822179891,1473.3785589320328,1455.0379438086263,6.014268094476392,18.34061512340645,False,True,False,False,candidate_isotope_or_adduct
FT-241,FT-123,0.4764183185235817,1083.3479141235127,1089.0265712685955,1473.3785589320328,1455.280496632148,5.678657145082752,18.09806229988476,False,True,False,False,candidate_isotope_or_adduct
FT-151,FT-153,0.22351332877648666,1088.6951060782058,1088.6918828508271,1438.8803038529063,1473.446015556528,0.003223227378612137,34.56571170362167,True,False,False,False,candidate_isomer
FT-151,FT-244,-0.4406015037593985,1088.6951060782058,1083.0144831519058,1438.8803038529063,1455.407052190095,5.680622926299975,16.526748337188792,False,True,False,False,candidate_isotope_or_adduct
FT-151,FT-240,-0.45495557074504445,1088.6951060782058,1083.3466638903149,1438.8803038529063,1455.299982043751,5.348442187890896,16.419678190844706,False,True,False,False,candidate_isotope_or_adduct
FT-151,FT-152,0.15641831852358168,1088.6951060782058,1088.69277311038,1438.8803038529063,1455.33623852908,0.0023329678258505737,16.455934676173683,True,False,False,False,candidate_isomer
FT-151,FT-127,0.1749008885850991,1088.6951060782058,1089.3621822179891,1438.8803038529063,1455.0379438086263,0.6670761397833758,16.157639955720015,False,True,False,False,candidate_isotope_or_adduct
FT-135,FT-139,0.9142036910457964,1173.2301124568482,1174.234578749382,1442.9947789043065,1443.187753176186,1.0044662925338343,0.19297427187962057,False,True,False,False,candidate_isotope_or_adduct
FT-135,FT-119,0.9372795625427205,1173.2301124568482,1173.7328914728205,1442.9947789043065,1443.2962636993905,0.5027790159722372,0.3014847950839794,False,True,False,False,candidate_isotope_or_adduct
FT-169,FT-163,0.8357074504442925,1335.3236370967948,1337.3318321701493,1551.257112257207,1551.0732220065731,2.0081950733545,0.1838902506337945,False,True,False,False,candidate_isotope_or_adduct
FT-169,FT-166,0.9068215994531784,1335.3236370967948,1336.829587591733,1551.257112257207,1551.163342823527,1.5059504949381335,0.09376943367988133,False,True,False,False,candidate_isotope_or_adduct
FT-117,FT-236,0.9310184552289815,1034.319112072233,1034.9898999251243,1419.481401442064,1419.3602150227453,0.6707878528911806,0.12118641931874663,False,True,False,False,candidate_isotope_or_adduct
FT-117,FT-124,-0.5475598086124402,1034.319112072233,1039.6588042265028,1419.481401442064,1419.321667147817,5.339692154269642,0.1597342942470732,False,True,False,False,candidate_isotope_or_adduct
FT-117,FT-208,0.3492276144907724,1034.319112072233,1034.3174542653558,1419.481401442064,1455.555851617301,0.0016578068773469568,36.07445017523696,True,False,False,False,candidate_isomer
FT-117,FT-116,0.7861380724538619,1034.319112072233,1034.3156777245072,1419.481401442064,1386.2288582150331,0.0034343477259426436,33.252543227030856,True,False,False,False,candidate_isomer
FT-117,FT-130,-0.6396992481203008,1034.319112072233,1040.3294064561312,1419.481401442064,1419.1001653827748,6.010294383898099,0.3812360592892219,False,True,False,False,candidate_isotope_or_adduct
FT-117,FT-137,-0.5919070403280929,1034.319112072233,1039.9948749944976,1419.481401442064,1419.220544280622,5.675762922264539,0.26085716144189064,False,True,False,False,candidate_isotope_or_adduct
FT-033,FT-035,0.9387833219412167,924.6276314779026,924.1258165788284,1057.7246344641724,1057.66078474932,0.5018148990741338,0.06384971485226743,False,True,False,False,candidate_isotope_or_adduct
FT-033,FT-248,0.8596582365003418,924.6276314779026,925.1361960129163,1057.7246344641724,1057.851741314575,0.5085645350137611,0.1271068504026971,False,True,False,False,candidate_isotope_or_adduct
FT-033,FT-032,0.8781954887218045,924.6276314779026,923.6242483918668,1057.7246344641724,1071.5163479969956,1.0033830860357966,13.791713532823223,False,True,False,False,candidate_isotope_or_adduct
FT-033,FT-036,0.8864524948735475,924.6276314779026,924.1258325459404,1057.7246344641724,1071.4321892574976,0.5017989319621847,13.707554793325244,False,True,False,False,candidate_isotope_or_adduct
FT-033,FT-045,0.8477922077922078,924.6276314779026,923.1220202532094,1057.7246344641724,1071.5859281352352,1.5056112246932116,13.861293671062867,False,True,False,False,candidate_isotope_or_adduct
FT-033,FT-034,0.7860013670539986,924.6276314779026,924.6284568794596,1057.7246344641724,1071.194488617538,0.0008254015569946205,13.469854153365532,True,False,False,False,candidate_isomer
FT-059,FT-104,0.8688995215311005,1223.7919594716086,1222.2864765177096,1257.9046668683316,1258.1864030459938,1.5054829538989907,0.2817361776621965,False,True,False,False,candidate_isotope_or_adduct
FT-059,FT-140,0.9149419002050581,1223.7919594716086,1223.2883799925703,1257.9046668683316,1257.8617538028573,0.5035794790383079,0.042913065474294854,False,True,False,False,candidate_isotope_or_adduct
FT-059,FT-100,0.8900341763499658,1223.7919594716086,1222.7890111601405,1257.9046668683316,1257.9887283196858,1.002948311468117,0.08406145135427323,False,True,False,False,candidate_isotope_or_adduct
FT-059,FT-087,0.22441558441558443,1223.7919594716086,1252.3175410114536,1257.9046668683316,1273.902456757388,28.525581539845007,15.997789889056548,False,True,False,False,candidate_isotope_or_adduct
FT-059,FT-224,0.33161995898838004,1223.7919594716086,1253.32364366104,1257.9046668683316,1273.874816816318,29.531684189431417,15.970149947986329,False,True,False,False,candidate_isotope_or_adduct
FT-059,FT-073,0.19655502392344498,1223.7919594716086,1252.8205095026694,1257.9046668683316,1273.817172792693,29.02855003106083,15.91250592436154,False,True,False,False,candidate_isotope_or_adduct
FT-059,FT-086,-0.3176213260423787,1223.7919594716086,1252.3224421698592,1257.9046668683316,1252.0492024447103,28.53048269825058,5.8554644236212425,False,True,False,False,candidate_isotope_or_adduct
FT-059,FT-091,-0.32609706083390294,1223.7919594716086,1251.314808260303,1257.9046668683316,1251.9082930023933,27.52284878869432,5.996373865938267,False,True,False,False,candidate_isotope_or_adduct
FT-059,FT-088,-0.22031442241968557,1223.7919594716086,1223.7937689750972,1257.9046668683316,1299.7601011100369,0.001809503488630071,41.855434241705325,True,False,False,False,candidate_isomer
FT-059,FT-084,0.8447026657552973,1223.7919594716086,1224.2978759761004,1257.9046668683316,1257.7376008872648,0.505916504491779,0.16706598106679849,False,True,False,False,candidate_isotope_or_adduct
FT-064,FT-070,0.9683663704716337,1149.7500936653876,1150.753810446541,1245.272856166862,1245.2881515322938,1.0037167811533436,0.015295365431711616,False,True,False,True,candidate_isotope_or_adduct_correlated
FT-064,FT-232,0.9296787423103212,1149.7500936653876,1151.7625057823254,1245.272856166862,1245.2407794332655,2.012412116937867,0.032076733596568374,False,True,False,False,candidate_isotope_or_adduct
FT-064,FT-067,0.9752836637047163,1149.7500936653876,1150.251969729645,1245.272856166862,1245.3086840060384,0.5018760642574307,0.03582783917636334,False,True,True,True,candidate_isotope_or_adduct_correlated
FT-064,FT-065,-0.7914149008885851,1149.7500936653876,1149.7477835102598,1245.272856166862,1279.935188473766,0.0023101551278159604,34.66233230690386,True,False,False,False,candidate_isomer
FT-064,FT-114,0.9330963773069036,1149.7500936653876,1151.256806499619,1245.272856166862,1245.2813146104488,1.5067128342313936,0.008458443586732756,False,True,False,False,candidate_isotope_or_adduct
FT-104,FT-140,0.8772658920027341,1222.2864765177096,1223.2883799925703,1258.1864030459938,1257.8617538028573,1.0019034748606828,0.32464924313649135,False,True,False,False,candidate_isotope_or_adduct
FT-104,FT-100,0.9026657552973343,1222.2864765177096,1222.7890111601405,1258.1864030459938,1257.9887283196858,0.5025346424308736,0.19767472630792327,False,True,False,False,candidate_isotope_or_adduct
FT-104,FT-091,-0.28894053315105944,1222.2864765177096,1251.314808260303,1258.1864030459938,1251.9082930023933,29.02833174259331,6.2781100436004635,False,True,False,False,candidate_isotope_or_adduct
FT-104,FT-084,0.8097060833902939,1222.2864765177096,1224.2978759761004,1258.1864030459938,1257.7376008872648,2.0113994583907697,0.448802158728995,False,True,False,False,candidate_isotope_or_adduct
FT-009,FT-010,0.9200546821599453,1049.7326640547776,1048.7247997662084,753.5937523711316,753.8246143446223,1.0078642885691806,0.23086197349073245,False,True,False,False,candidate_isotope_or_adduct
FT-070,FT-232,0.9186056049213944,1150.753810446541,1151.7625057823254,1245.2881515322938,1245.2407794332655,1.0086953357845232,0.04737209902827999,False,True,False,False,candidate_isotope_or_adduct
FT-070,FT-067,0.9676555023923445,1150.753810446541,1150.251969729645,1245.2881515322938,1245.3086840060384,0.5018407168959129,0.020532473744651725,False,True,False,True,candidate_isotope_or_adduct_correlated
FT-070,FT-071,-0.7960628844839371,1150.753810446541,1150.7515985354444,1245.2881515322938,1279.6007579597722,0.002211911096537733,34.312606427478386,True,False,False,False,candidate_isomer
FT-070,FT-114,0.9617498291182501,1150.753810446541,1151.256806499619,1245.2881515322938,1245.2813146104488,0.50299605307805,0.0068369218449788605,False,True,False,True,candidate_isotope_or_adduct_correlated
FT-140,FT-087,0.2063978127136022,1223.2883799925703,1252.3175410114536,1257.8617538028573,1273.902456757388,29.029161018883315,16.040702954530843,False,True,False,False,candidate_isotope_or_adduct
FT-140,FT-073,0.1735885167464115,1223.2883799925703,1252.8205095026694,1257.8617538028573,1273.817172792693,29.53212951009914,15.955418989835835,False,True,False,False,candidate_isotope_or_adduct
FT-140,FT-086,-0.36248803827751197,1223.2883799925703,1252.3224421698592,1257.8617538028573,1252.0492024447103,29.034062177288888,5.812551358146948,False,True,False,False,candidate_isotope_or_adduct
FT-140,FT-142,-0.2409295967190704,1223.2883799925703,1223.287004668688,1257.8617538028573,1299.8451740769872,0.0013753238822573621,41.98342027412991,True,False,False,False,candidate_isomer
FT-140,FT-091,-0.28128503075871497,1223.2883799925703,1251.314808260303,1257.8617538028573,1251.9082930023933,28.026428267732626,5.953460800463972,False,True,False,False,candidate_isotope_or_adduct
FT-140,FT-084,0.8782228298017771,1223.2883799925703,1224.2978759761004,1257.8617538028573,1257.7376008872648,1.009495983530087,0.12415291559250363,False,True,False,False,candidate_isotope_or_adduct
FT-077,FT-058,0.8979904306220096,1077.705946239623,1078.208562682587,1212.451251396288,1212.3710107648494,0.5026164429639266,0.080240631438528,False,True,False,False,candidate_isotope_or_adduct
FT-077,FT-222,0.7160902255639098,1077.705946239623,1087.6997012829654,1212.451251396288,1212.1840644998792,9.99375504334239,0.2671868964087025,False,True,False,False,candidate_isotope_or_adduct
FT-077,FT-223,0.6676418318523581,1077.705946239623,1088.2006657983875,1212.451251396288,1212.1002271969037,10.494719558764473,0.35102419938425555,False,True,False,False,candidate_isotope_or_adduct
FT-077,FT-196,0.5245933014354067,1077.705946239623,1079.2166019688184,1212.451251396288,1212.162690219896,1.5106557291953777,0.2885611763920224,False,True,False,False,candidate_isotope_or_adduct
FT-058,FT-222,0.6982911825017089,1078.208562682587,1087.6997012829654,1212.3710107648494,1212.1840644998792,9.491138600378463,0.18694626497017452,False,True,False,False,candidate_isotope_or_adduct
FT-058,FT-223,0.6622556390977443,1078.208562682587,1088.2006657983875,1212.3710107648494,1212.1002271969037,9.992103115800546,0.27078356794572755,False,True,False,False,candidate_isotope_or_adduct
FT-058,FT-196,0.5377990430622009,1078.208562682587,1079.2166019688184,1212.3710107648494,1212.162690219896,1.0080392862314511,0.2083205449534944,False,True,False,False,candidate_isotope_or_adduct
FT-193,FT-075,-0.011455912508544087,1068.7043278235449,1076.704086348371,1173.5611587867572,1165.0016465840235,7.99975852482612,8.559512202733686,False,True,False,False,candidate_isotope_or_adduct
FT-193,FT-053,-0.2312781954887218,1068.7043278235449,1097.723992703951,1173.5611587867572,1176.67239430599,29.019664880406026,3.1112355192328778,False,True,False,False,candidate_isotope_or_adduct
FT-193,FT-192,0.49993164730006834,1068.7043278235449,1068.7037715820934,1173.5611587867572,1157.8147203461158,0.0005562414514770353,15.746438440641441,True,False,False,False,candidate_isomer
FT-193,FT-220,-0.22725905673274094,1068.7043278235449,1098.2292261588002,1173.5611587867572,1176.4712324222012,29.52489833525533,2.9100736354439505,False,True,False,False,candidate_isotope_or_adduct
FT-193,FT-052,0.9230348598769651,1068.7043278235449,1069.2070748658969,1173.5611587867572,1173.5811959662594,0.5027470423519844,0.020037179502196523,False,True,False,False,candidate_isotope_or_adduct
FT-193,FT-249,0.549583048530417,1068.7043278235449,1069.709184439815,1173.5611587867572,1158.0681524278946,1.0048566162702173,15.493006358862658,False,True,False,False,candidate_isotope_or_adduct
FT-193,FT-250,0.9109501025290498,1068.7043278235449,1069.708344315076,1173.5611587867572,1173.681223284433,1.004016491531047,0.12006449767568483,False,True,False,False,candidate_isotope_or_adduct
FT-170,FT-163,0.8840464798359535,1335.8228921318928,1337.3318321701493,1551.4213307481,1551.0732220065731,1.508940038256469,0.34810874152685756,False,True,False,False,candidate_isotope_or_adduct
FT-170,FT-166,0.9191797676008202,1335.8228921318928,1336.829587591733,1551.4213307481,1551.163342823527,1.0066954598401026,0.2579879245729444,False,True,False,False,candidate_isotope_or_adduct
FT-020,FT-021,0.9739712918660287,842.5773942493681,842.0756790432796,963.3235892455184,963.2789284715732,0.5017152060885337,0.04466077394522472,False,True,True,True,candidate_isotope_or_adduct_correlated
FT-020,FT-014,0.9533287764866712,842.5773942493681,843.583190546885,963.3235892455184,963.0868614775412,1.0057962975168948,0.23672776797718598,False,True,False,True,candidate_isotope_or_adduct_correlated
FT-020,FT-025,0.9630895420369104,842.5773942493681,843.080105891697,963.3235892455184,963.2439588234024,0.5027116423289044,0.07963042211599713,False,True,False,True,candidate_isotope_or_adduct_correlated
FT-020,FT-176,0.7438961038961039,842.5773942493681,871.0972026876352,963.3235892455184,967.075674195556,28.51980843826709,3.752084950037556,False,True,False,False,candidate_isotope_or_adduct
FT-020,FT-016,0.6911278195488721,842.5773942493681,870.5947196667247,963.3235892455184,967.2980513141862,28.017325417356574,3.9744620686677763,False,True,False,False,candidate_isotope_or_adduct
FT-020,FT-175,0.9060287081339713,842.5773942493681,844.0870342319306,963.3235892455184,962.9974510538884,1.5096399825624758,0.3261381916299797,False,True,False,False,candidate_isotope_or_adduct
FT-100,FT-087,0.15696514012303486,1222.7890111601405,1252.3175410114536,1257.9887283196858,1273.902456757388,29.528529851313124,15.913728437702275,False,True,False,False,candidate_isotope_or_adduct
FT-100,FT-086,-0.31250854408749146,1222.7890111601405,1252.3224421698592,1257.9887283196858,1252.0492024447103,29.533431009718697,5.939525874975516,False,True,False,False,candidate_isotope_or_adduct
FT-100,FT-091,-0.26646616541353385,1222.7890111601405,1251.314808260303,1257.9887283196858,1251.9082930023933,28.525797100162436,6.08043531729254,False,True,False,False,candidate_isotope_or_adduct
FT-100,FT-084,0.8539166097060834,1222.7890111601405,1224.2978759761004,1257.9887283196858,1257.7376008872648,1.508864815959896,0.2511274324210717,False,True,False,False,candidate_isotope_or_adduct
FT-075,FT-053,-0.2562406015037594,1076.704086348371,1097.723992703951,1165.0016465840235,1176.67239430599,21.019906355579906,11.670747721966563,False,True,False,False,candidate_isotope_or_adduct
FT-075,FT-192,0.01848257006151743,1076.704086348371,1068.7037715820934,1165.0016465840235,1157.8147203461158,8.000314766277597,7.186926237907755,False,True,False,False,candidate_isotope_or_adduct
FT-075,FT-220,-0.2620095693779904,1076.704086348371,1098.2292261588002,1165.0016465840235,1176.4712324222012,21.52513981042921,11.469585838177636,False,True,False,False,candidate_isotope_or_adduct
FT-075,FT-052,0.03513328776486671,1076.704086348371,1069.2070748658969,1165.0016465840235,1173.5811959662594,7.497011482474136,8.579549382235882,False,True,False,False,candidate_isotope_or_adduct
FT-075,FT-249,-0.11526999316473001,1076.704086348371,1069.709184439815,1165.0016465840235,1158.0681524278946,6.994901908555903,6.9334941561289725,False,True,False,False,candidate_isotope_or_adduct
FT-075,FT-054,0.3942857142857143,1076.704086348371,1106.2349666883931,1165.0016465840235,1180.403233758563,29.530880340022122,15.401587174539372,False,True,False,False,candidate_isotope_or_adduct
FT-075,FT-250,-0.021380724538619274,1076.704086348371,1069.708344315076,1165.0016465840235,1173.681223284433,6.995742033295073,8.67957670040937,False,True,False,False,candidate_isotope_or_adduct
FT-194,FT-053,-0.4244155844155844,1106.736189796707,1097.723992703951,1180.3607794138811,1176.67239430599,9.012197092756196,3.6883851078910084,False,True,False,False,candidate_isotope_or_adduct
FT-194,FT-220,-0.44803827751196174,1106.736189796707,1098.2292261588002,1180.3607794138811,1176.4712324222012,8.506963637906892,3.8895469916799357,False,True,False,False,candidate_isotope_or_adduct
FT-194,FT-054,0.783732057416268,1106.736189796707,1106.2349666883931,1180.3607794138811,1180.403233758563,0.5012231083139795,0.04245434468180065,False,True,False,False,candidate_isotope_or_adduct
FT-232,FT-067,0.9217771701982228,1151.7625057823254,1150.251969729645,1245.2407794332655,1245.3086840060384,1.5105360526804361,0.06790457277293172,False,True,False,False,candidate_isotope_or_adduct
FT-232,FT-114,0.896678058783322,1151.7625057823254,1151.256806499619,1245.2407794332655,1245.2813146104488,0.5056992827064732,0.04053517718330113,False,True,False,False,candidate_isotope_or_adduct
FT-221,FT-191,0.6153656869446343,1005.6756059707232,996.1601236401428,1156.2008704897985,1136.386402786609,9.515482330580312,19.814467703189393,False,True,False,False,candidate_isotope_or_adduct
FT-221,FT-048,0.6250444292549556,1005.6756059707232,995.6559728029966,1156.2008704897985,1136.486651444235,10.01963316772651,19.714219045563596,False,True,False,False,candidate_isotope_or_adduct
FT-021,FT-014,0.9490362269309638,842.0756790432796,843.583190546885,963.2789284715732,963.0868614775412,1.5075115036054285,0.19206699403196126,False,True,False,False,candidate_isotope_or_adduct
FT-021,FT-025,0.9613943950786056,842.0756790432796,843.080105891697,963.2789284715732,963.2439588234024,1.0044268484174381,0.034969648170772416,False,True,False,True,candidate_isotope_or_adduct_correlated
FT-021,FT-176,0.7418181818181818,842.0756790432796,871.0972026876352,963.2789284715732,967.075674195556,29.021523644355625,3.796745723982781,False,True,False,False,candidate_isotope_or_adduct
FT-021,FT-016,0.6930963773069037,842.0756790432796,870.5947196667247,963.2789284715732,967.2980513141862,28.519040623445107,4.019122842613001,False,True,False,False,candidate_isotope_or_adduct
FT-021,FT-175,0.9109501025290498,842.0756790432796,844.0870342319306,963.2789284715732,962.9974510538884,2.0113551886510095,0.281477417684755,False,True,False,False,candidate_isotope_or_adduct
FT-024,FT-030,0.9823923444976077,944.6434806058312,943.6407760815548,1013.805438811442,1013.782160621757,1.0027045242763961,0.023278189684901918,False,True,True,True,candidate_isotope_or_adduct_correlated
FT-024,FT-027,0.9777717019822283,944.6434806058312,944.1420067072388,1013.805438811442,1013.8565207197244,0.5014738985923941,0.05108190828241277,False,True,True,True,candidate_isotope_or_adduct_correlated
FT-236,FT-237,0.3666985645933014,1034.9898999251243,1034.9881000850553,1419.3602150227453,1455.4754033806444,0.0017998400689975824,36.115188357899115,True,False,False,False,candidate_isomer
FT-236,FT-235,0.6881203007518797,1034.9898999251243,1034.9871234609543,1419.3602150227453,1385.9991044260155,0.002776464169983228,33.36111059672976,True,False,False,False,candidate_isomer
FT-236,FT-124,-0.6154203691045796,1034.9898999251243,1039.6588042265028,1419.3602150227453,1419.321667147817,4.668904301378461,0.038547874928326564,False,True,False,False,candidate_isotope_or_adduct
FT-236,FT-130,-0.6412576896787423,1034.9898999251243,1040.3294064561312,1419.3602150227453,1419.1001653827748,5.3395065310069185,0.26004963997047525,False,True,False,False,candidate_isotope_or_adduct
FT-236,FT-137,-0.6346958304853042,1034.9898999251243,1039.9948749944976,1419.3602150227453,1419.220544280622,5.004975069373359,0.139670742123144,False,True,False,False,candidate_isotope_or_adduct
FT-053,FT-192,-0.09872863978127136,1097.723992703951,1068.7037715820934,1176.67239430599,1157.8147203461158,29.020221121857503,18.85767395987432,False,True,False,False,candidate_isotope_or_adduct
FT-053,FT-220,0.957922077922078,1097.723992703951,1098.2292261588002,1176.67239430599,1176.4712324222012,0.5052334548493036,0.2011618837889273,False,True,False,True,candidate_isotope_or_adduct_correlated
FT-053,FT-052,-0.2597402597402597,1097.723992703951,1069.2070748658969,1176.67239430599,1173.5811959662594,28.51691783805404,3.0911983397306813,False,True,False,False,candidate_isotope_or_adduct
FT-053,FT-249,-0.06851674641148325,1097.723992703951,1069.709184439815,1176.67239430599,1158.0681524278946,28.01480826413581,18.604241878095536,False,True,False,False,candidate_isotope_or_adduct
FT-053,FT-054,-0.5077785372522214,1097.723992703951,1106.2349666883931,1176.67239430599,1180.403233758563,8.510973984442217,3.730839452572809,False,True,False,False,candidate_isotope_or_adduct
FT-053,FT-250,-0.17421736158578263,1097.723992703951,1069.708344315076,1176.67239430599,1173.681223284433,28.01564838887498,2.991171021557193,False,True,False,False,candidate_isotope_or_adduct
FT-153,FT-244,0.3937935748462064,1088.6918828508271,1083.0144831519058,1473.446015556528,1455.407052190095,5.677399698921363,18.03896336643288,False,True,False,False,candidate_isotope_or_adduct
FT-153,FT-240,0.36131237183868764,1088.6918828508271,1083.3466638903149,1473.446015556528,1455.299982043751,5.345218960512284,18.146033512776967,False,True,False,False,candidate_isotope_or_adduct
FT-153,FT-152,0.8556937799043062,1088.6918828508271,1088.69277311038,1473.446015556528,1455.33623852908,0.0008902595527615631,18.10977702744799,True,False,False,False,candidate_isomer
FT-153,FT-127,0.8281613123718387,1088.6918828508271,1089.3621822179891,1473.446015556528,1455.0379438086263,0.6702993671619879,18.40807174790166,False,True,False,False,candidate_isotope_or_adduct
FT-039,FT-041,0.9326042378673958,1024.6867091528734,1025.1883020825835,1095.258554693031,1095.323555128769,0.5015929297101138,0.06500043573782932,False,True,False,False,candidate_isotope_or_adduct
FT-039,FT-037,0.9398222829801777,1024.6867091528734,1025.6898265569414,1095.258554693031,1095.46453629439,1.003117404068007,0.20598160135887156,False,True,False,False,candidate_isotope_or_adduct
FT-039,FT-042,0.6177717019822283,1024.6867091528734,1025.1886386302892,1095.258554693031,1107.3546178711229,0.5019294774158425,12.096063178091754,False,True,False,False,candidate_isotope_or_adduct
FT-067,FT-114,0.951742993848257,1150.251969729645,1151.256806499619,1245.3086840060384,1245.2813146104488,1.0048367699739629,0.027369395589630585,False,True,False,True,candidate_isotope_or_adduct_correlated
FT-184,FT-219,0.6952016404647984,809.0412002643465,809.5439415442514,1121.032321128916,1120.883361213832,0.5027412799049671,0.1489599150841059,False,True,False,False,candidate_isotope_or_adduct
FT-189,FT-187,0.8853041695146958,931.123020951668,931.6249044842097,1117.150900959169,1117.1180883829777,0.501883532541683,0.0328125761911906,False,True,False,False,candidate_isotope_or_adduct
FT-244,FT-240,0.9766507177033493,1083.0144831519058,1083.3466638903149,1455.407052190095,1455.299982043751,0.3321807384090789,0.10707014634408552,False,False,True,True,high_corr_near_duplicate
FT-244,FT-152,0.5332877648667123,1083.0144831519058,1088.69277311038,1455.407052190095,1455.33623852908,5.678289958474124,0.07081366101510866,False,True,False,False,candidate_isotope_or_adduct
FT-244,FT-127,0.4926589200273411,1083.0144831519058,1089.3621822179891,1455.407052190095,1455.0379438086263,6.347699066083351,0.3691083814687772,False,True,False,False,candidate_isotope_or_adduct
FT-244,FT-123,0.5143677375256323,1083.0144831519058,1089.0265712685955,1455.407052190095,1455.280496632148,6.012088116689711,0.12655555794708562,False,True,False,False,candidate_isotope_or_adduct
FT-160,FT-165,0.9657963089542037,1254.7781749513174,1255.2798171824015,1499.4061441213764,1499.3447722912745,0.5016422310841335,0.06137183010196168,False,True,False,True,candidate_isotope_or_adduct_correlated
FT-160,FT-149,-0.20440191387559808,1254.7781749513174,1264.301168475248,1499.4061441213764,1498.8110275470938,9.522993523930609,0.5951165742826561,False,True,False,False,candidate_isotope_or_adduct
FT-160,FT-157,-0.12790157211209843,1254.7781749513174,1263.2947685123595,1499.4061441213764,1498.9586431862058,8.5165935610421,0.4475009351706376,False,True,False,False,candidate_isotope_or_adduct
FT-160,FT-154,-0.19505126452494873,1254.7781749513174,1263.7971017854209,1499.4061441213764,1498.895810560801,9.018926834103468,0.5103335605754182,False,True,False,False,candidate_isotope_or_adduct
FT-160,FT-171,-0.1397129186602871,1254.7781749513174,1262.7926388390904,1499.4061441213764,1499.0089198979422,8.01446388777299,0.39722422343425023,False,True,False,False,candidate_isotope_or_adduct
FT-160,FT-150,0.09479152426520848,1254.7781749513174,1265.276619401272,1499.4061441213764,1499.076621782328,10.498444449954604,0.3295223390484807,False,True,False,False,candidate_isotope_or_adduct
FT-160,FT-167,0.24973342447026659,1254.7781749513174,1265.77527779671,1499.4061441213764,1499.0848223250168,10.997102845392646,0.321321796359598,False,True,False,False,candidate_isotope_or_adduct
FT-035,FT-248,0.8539986329460013,924.1258165788284,925.1361960129163,1057.66078474932,1057.851741314575,1.0103794340878949,0.19095656525496452,False,True,False,False,candidate_isotope_or_adduct
FT-035,FT-032,0.856431989063568,924.1258165788284,923.6242483918668,1057.66078474932,1071.5163479969956,0.5015681869616628,13.85556324767549,False,True,False,False,candidate_isotope_or_adduct
FT-035,FT-036,0.8765003417634997,924.1258165788284,924.1258325459404,1057.66078474932,1071.4321892574976,1.5967111949066748e-05,13.771404508177511,True,False,False,False,candidate_isomer
FT-035,FT-045,0.8381134654818866,924.1258165788284,923.1220202532094,1057.66078474932,1071.5859281352352,1.0037963256190778,13.925143385915135,False,True,False,False,candidate_isotope_or_adduct
FT-035,FT-034,0.7579494190020506,924.1258165788284,924.6284568794596,1057.66078474932,1071.194488617538,0.5026403006311284,13.533703868217799,False,True,False,False,candidate_isotope_or_adduct
FT-165,FT-149,-0.19070403280929596,1255.2798171824015,1264.301168475248,1499.3447722912745,1498.8110275470938,9.021351292846475,0.5337447441806944,False,True,False,False,candidate_isotope_or_adduct
FT-165,FT-157,-0.1029665071770335,1255.2798171824015,1263.2947685123595,1499.3447722912745,1498.9586431862058,8.014951329957967,0.3861291050686759,False,True,False,False,candidate_isotope_or_adduct
FT-165,FT-154,-0.16688995215311006,1255.2798171824015,1263.7971017854209,1499.3447722912745,1498.895810560801,8.517284603019334,0.44896173047345656,False,True,False,False,candidate_isotope_or_adduct
FT-165,FT-171,-0.12065618591934381,1255.2798171824015,1262.7926388390904,1499.3447722912745,1499.0089198979422,7.512821656688857,0.33585239333228856,False,True,False,False,candidate_isotope_or_adduct
FT-165,FT-150,0.1219958988380041,1255.2798171824015,1265.276619401272,1499.3447722912745,1499.076621782328,9.99680221887047,0.26815050894651904,False,True,False,False,candidate_isotope_or_adduct
FT-165,FT-167,0.2545454545454545,1255.2798171824015,1265.77527779671,1499.3447722912745,1499.0848223250168,10.495460614308513,0.25994996625763633,False,True,False,False,candidate_isotope_or_adduct
FT-237,FT-235,-0.05060833902939166,1034.9881000850553,1034.9871234609543,1455.4754033806444,1385.9991044260155,0.0009766241009856458,69.47629895462887,True,False,False,False,candidate_isomer
FT-237,FT-204,0.8369651401230349,1034.9881000850553,1033.9838278235356,1455.4754033806444,1455.7532616121457,1.0042722615196453,0.2778582315013409,False,True,False,False,candidate_isotope_or_adduct
FT-237,FT-208,0.89203007518797,1034.9881000850553,1034.3174542653558,1455.4754033806444,1455.555851617301,0.67064581969953,0.08044823665659351,False,True,False,False,candidate_isotope_or_adduct
FT-237,FT-131,-0.0014217361585782639,1034.9881000850553,1040.328774739611,1455.4754033806444,1455.4224047810255,5.340674654555642,0.05299859961883158,False,True,False,False,candidate_isotope_or_adduct
FT-087,FT-224,0.6816131237183869,1252.3175410114536,1253.32364366104,1273.902456757388,1273.874816816318,1.0061026495864098,0.02763994107021972,False,True,False,False,candidate_isotope_or_adduct
FT-087,FT-073,0.7276555023923444,1252.3175410114536,1252.8205095026694,1273.902456757388,1273.817172792693,0.5029684912158245,0.08528396469500876,False,True,False,False,candidate_isotope_or_adduct
FT-087,FT-086,0.2959945317840055,1252.3175410114536,1252.3224421698592,1273.902456757388,1252.0492024447103,0.004901158405573369,21.85325431267779,True,False,False,False,candidate_isomer
FT-087,FT-084,0.20002734107997266,1252.3175410114536,1224.2978759761004,1273.902456757388,1257.7376008872648,28.019665035353228,16.164855870123347,False,True,False,False,candidate_isotope_or_adduct
FT-248,FT-032,0.8314422419685578,925.1361960129163,923.6242483918668,1057.851741314575,1071.5163479969956,1.5119476210495577,13.664606682420526,False,True,False,False,candidate_isotope_or_adduct
FT-248,FT-036,0.7796308954203691,925.1361960129163,924.1258325459404,1057.851741314575,1071.4321892574976,1.0103634669759458,13.580447942922547,False,True,False,False,candidate_isotope_or_adduct
FT-248,FT-045,0.7984415584415584,925.1361960129163,923.1220202532094,1057.851741314575,1071.5859281352352,2.0141757597069727,13.73418682066017,False,True,False,False,candidate_isotope_or_adduct
FT-248,FT-034,0.783732057416268,925.1361960129163,924.6284568794596,1057.851741314575,1071.194488617538,0.5077391334567665,13.342747302962835,False,True,False,False,candidate_isotope_or_adduct
FT-093,FT-098,0.7681203007518796,1233.7846794103978,1234.285360466548,1299.2759946740543,1298.978903962394,0.5006810561501425,0.297090711660303,False,True,False,False,candidate_isotope_or_adduct
FT-093,FT-142,0.769213943950786,1233.7846794103978,1223.287004668688,1299.2759946740543,1299.8451740769872,10.497674741709716,0.5691794029328321,False,True,False,False,candidate_isotope_or_adduct
FT-093,FT-085,0.7732057416267942,1233.7846794103978,1224.2975971419808,1299.2759946740543,1299.5622354883926,9.487082268416998,0.28624081433827087,False,True,False,False,candidate_isotope_or_adduct
FT-093,FT-088,0.747341079972659,1233.7846794103978,1223.7937689750972,1299.2759946740543,1299.7601011100369,9.99091043530052,0.48410643598253955,False,True,False,False,candidate_isotope_or_adduct
FT-093,FT-081,0.48757347915242655,1233.7846794103978,1225.305158770853,1299.2759946740543,1299.0897146683544,8.479520639544717,0.18628000569992764,False,True,False,False,candidate_isotope_or_adduct
FT-235,FT-116,0.7957347915242652,1034.9871234609543,1034.3156777245072,1385.9991044260155,1386.2288582150331,0.67144573644714,0.22975378901764998,False,True,False,False,candidate_isotope_or_adduct
FT-192,FT-220,-0.10868079289131921,1068.7037715820934,1098.2292261588002,1157.8147203461158,1176.4712324222012,29.525454576706807,18.65651207608539,False,True,False,False,candidate_isotope_or_adduct
FT-192,FT-052,0.46991114149008884,1068.7037715820934,1069.2070748658969,1157.8147203461158,1173.5811959662594,0.5033032838034615,15.766475620143638,False,True,False,False,candidate_isotope_or_adduct
FT-192,FT-249,0.126971975393028,1068.7037715820934,1069.709184439815,1157.8147203461158,1158.0681524278946,1.0054128577216943,0.25343208177878296,False,True,False,False,candidate_isotope_or_adduct
FT-192,FT-250,0.45681476418318523,1068.7037715820934,1069.708344315076,1157.8147203461158,1173.681223284433,1.004572732982524,15.866502938317126,False,True,False,False,candidate_isotope_or_adduct
FT-226,FT-082,-0.16303485987696514,815.1931200400654,815.19145248803,1257.978548513949,1299.3902606601064,0.0016675520354283435,41.41171214615747,True,False,False,False,candidate_isomer
FT-124,FT-212,-0.5812713602187286,1039.6588042265028,1034.6524894655838,1419.321667147817,1419.5355960078075,5.00631476091894,0.21392885999057398,False,True,False,False,candidate_isotope_or_adduct
FT-124,FT-130,0.8813943950786056,1039.6588042265028,1040.3294064561312,1419.321667147817,1419.1001653827748,0.6706022296284573,0.2215017650421487,False,True,False,False,candidate_isotope_or_adduct
FT-030,FT-027,0.9895283663704716,943.6407760815548,944.1420067072388,1013.782160621757,1013.8565207197244,0.501230625684002,0.07436009796731469,False,True,True,True,candidate_isotope_or_adduct_correlated
FT-220,FT-052,-0.28254272043745726,1098.2292261588002,1069.2070748658969,1176.4712324222012,1173.5811959662594,29.022151292903345,2.890036455941754,False,True,False,False,candidate_isotope_or_adduct
FT-220,FT-249,-0.053834586466165416,1098.2292261588002,1069.709184439815,1176.4712324222012,1158.0681524278946,28.520041718985112,18.40307999430661,False,True,False,False,candidate_isotope_or_adduct
FT-220,FT-054,-0.5373069036226931,1098.2292261588002,1106.2349666883931,1176.4712324222012,1180.403233758563,8.005740529592913,3.9320013363617363,False,True,False,False,candidate_isotope_or_adduct
FT-220,FT-250,-0.17230348598769651,1098.2292261588002,1069.708344315076,1176.4712324222012,1173.681223284433,28.520881843724283,2.7900091377682656,False,True,False,False,candidate_isotope_or_adduct
FT-204,FT-207,0.8481203007518797,1033.9838278235356,1034.6551417461487,1455.7532616121457,1455.50905041845,0.6713139226130806,0.24421119369571898,False,True,False,False,candidate_isotope_or_adduct
FT-204,FT-131,0.03838687628161312,1033.9838278235356,1040.328774739611,1455.7532616121457,1455.4224047810255,6.344946916075287,0.3308568311201725,False,True,False,False,candidate_isotope_or_adduct
FT-139,FT-119,0.9128092959671907,1174.234578749382,1173.7328914728205,1443.187753176186,1443.2962636993905,0.5016872765615972,0.10851052320435883,False,True,False,False,candidate_isotope_or_adduct
FT-014,FT-025,0.9337525632262474,843.583190546885,843.080105891697,963.0868614775412,963.2439588234024,0.5030846551879904,0.15709734586118884,False,True,False,False,candidate_isotope_or_adduct
FT-014,FT-176,0.7137115516062884,843.583190546885,871.0972026876352,963.0868614775412,967.075674195556,27.514012140750197,3.988812718014742,False,True,False,False,candidate_isotope_or_adduct
FT-014,FT-016,0.6744224196855776,843.583190546885,870.5947196667247,963.0868614775412,967.2980513141862,27.01152911983968,4.211189836644962,False,True,False,False,candidate_isotope_or_adduct
FT-014,FT-175,0.89850991114149,843.583190546885,844.0870342319306,963.0868614775412,962.9974510538884,0.503843685045581,0.08941042365279372,False,True,False,False,candidate_isotope_or_adduct
FT-041,FT-037,0.9406698564593301,1025.1883020825835,1025.6898265569414,1095.323555128769,1095.46453629439,0.5015244743578933,0.14098116562104224,False,True,False,False,candidate_isotope_or_adduct
FT-041,FT-042,0.5393848257006152,1025.1883020825835,1025.1886386302892,1095.323555128769,1107.3546178711229,0.00033654770572866255,12.031062742353924,True,False,False,False,candidate_isomer
FT-208,FT-116,0.04082023239917977,1034.3174542653558,1034.3156777245072,1455.555851617301,1386.2288582150331,0.0017765408485956868,69.32699340226782,True,False,False,False,candidate_isomer
FT-208,FT-131,0.07994531784005468,1034.3174542653558,1040.328774739611,1455.555851617301,1455.4224047810255,6.011320474255172,0.13344683627542508,False,True,False,False,candidate_isotope_or_adduct
FT-222,FT-223,0.6346958304853042,1087.6997012829654,1088.2006657983875,1212.1840644998792,1212.1002271969037,0.5009645154220834,0.08383730297555303,False,True,False,False,candidate_isotope_or_adduct
FT-222,FT-196,0.5279562542720437,1087.6997012829654,1079.2166019688184,1212.1840644998792,1212.162690219896,8.483099314147012,0.021374279983319866,False,True,False,False,candidate_isotope_or_adduct
FT-025,FT-176,0.7513875598086125,843.080105891697,871.0972026876352,963.2439588234024,967.075674195556,28.017096795938187,3.8317153721535533,False,True,False,False,candidate_isotope_or_adduct
FT-025,FT-016,0.7099384825700615,843.080105891697,870.5947196667247,963.2439588234024,967.2980513141862,27.51461377502767,4.054092490783773,False,True,False,False,candidate_isotope_or_adduct
FT-025,FT-175,0.9120984278879015,843.080105891697,844.0870342319306,963.2439588234024,962.9974510538884,1.0069283402335714,0.24650776951398257,False,True,False,False,candidate_isotope_or_adduct
FT-052,FT-249,0.6451127819548872,1069.2070748658969,1069.709184439815,1173.5811959662594,1158.0681524278946,0.5021095739182329,15.513043538364855,False,True,False,False,candidate_isotope_or_adduct
FT-052,FT-250,0.9151332877648667,1069.2070748658969,1069.708344315076,1173.5811959662594,1173.681223284433,0.5012694491790626,0.10002731817348831,False,True,False,False,candidate_isotope_or_adduct
FT-224,FT-073,0.6692822966507177,1253.32364366104,1252.8205095026694,1273.874816816318,1273.817172792693,0.5031341583705853,0.05764402362478904,False,True,False,False,candidate_isotope_or_adduct
FT-224,FT-084,0.3839507860560492,1253.32364366104,1224.2978759761004,1273.874816816318,1257.7376008872648,29.025767684939638,16.137215929053127,False,True,False,False,candidate_isotope_or_adduct
FT-249,FT-250,0.5939576213260424,1069.709184439815,1069.708344315076,1158.0681524278946,1173.681223284433,0.0008401247391702782,15.613070856538343,True,False,False,False,candidate_isomer
FT-163,FT-166,0.8549282296650718,1337.3318321701493,1336.829587591733,1551.0732220065731,1551.163342823527,0.5022445784163665,0.09012081695391316,False,True,False,False,candidate_isotope_or_adduct
FT-191,FT-048,0.8322351332877649,996.1601236401428,995.6559728029966,1136.386402786609,1136.486651444235,0.5041508371461987,0.10024865762579793,False,True,False,False,candidate_isotope_or_adduct
FT-065,FT-071,0.8776760082023239,1149.7477835102598,1150.7515985354444,1279.935188473766,1279.6007579597722,1.0038150251846218,0.334430513993766,False,True,False,False,candidate_isotope_or_adduct
FT-037,FT-042,0.5971565276828434,1025.6898265569414,1025.1886386302892,1095.46453629439,1107.3546178711229,0.5011879266521646,11.890081576732882,False,True,False,False,candidate_isotope_or_adduct
FT-098,FT-142,0.7852631578947369,1234.285360466548,1223.287004668688,1298.978903962394,1299.8451740769872,10.998355797859858,0.8662701145931351,False,True,False,False,candidate_isotope_or_adduct
FT-098,FT-085,0.7371975393028024,1234.285360466548,1224.2975971419808,1298.978903962394,1299.5622354883926,9.98776332456714,0.5833315259985739,False,True,False,False,candidate_isotope_or_adduct
FT-098,FT-088,0.7232262474367738,1234.285360466548,1223.7937689750972,1298.978903962394,1299.7601011100369,10.491591491450663,0.7811971476428425,False,True,False,False,candidate_isotope_or_adduct
FT-098,FT-081,0.4997676008202324,1234.285360466548,1225.305158770853,1298.978903962394,1299.0897146683544,8.98020169569486,0.11081070596037534,False,True,False,False,candidate_isotope_or_adduct
FT-103,FT-234,0.4557484620642515,1295.3340005034854,1297.3438707330265,1325.9263584717098,1326.1469761141468,2.009870229541093,0.22061764243699145,False,True,False,False,candidate_isotope_or_adduct
FT-103,FT-113,0.8062884483937115,1295.3340005034854,1295.8340568472142,1325.9263584717098,1325.935889442976,0.5000563437288292,0.009530971266258348,False,True,False,False,candidate_isotope_or_adduct
FT-103,FT-099,0.7133561175666439,1295.3340005034854,1296.3371434985418,1325.9263584717098,1325.9803275270754,1.0031429950563506,0.05396905536554186,False,True,False,False,candidate_isotope_or_adduct
FT-149,FT-157,0.963773069036227,1264.301168475248,1263.2947685123595,1498.8110275470938,1498.9586431862058,1.0063999628885085,0.14761563911201847,False,True,False,True,candidate_isotope_or_adduct_correlated
FT-149,FT-154,0.9687218045112782,1264.301168475248,1263.7971017854209,1498.8110275470938,1498.895810560801,0.5040666898271411,0.08478301370723784,False,True,False,True,candidate_isotope_or_adduct_correlated
FT-149,FT-171,0.9638004101161995,1264.301168475248,1262.7926388390904,1498.8110275470938,1499.0089198979422,1.5085296361576184,0.19789235084840584,False,True,False,True,candidate_isotope_or_adduct_correlated
FT-149,FT-150,0.7761038961038961,1264.301168475248,1265.276619401272,1498.8110275470938,1499.076621782328,0.9754509260239956,0.26559423523417536,False,True,False,False,candidate_isotope_or_adduct
FT-149,FT-167,0.6650444292549555,1264.301168475248,1265.77527779671,1498.8110275470938,1499.0848223250168,1.4741093214620378,0.27379477792305806,False,True,False,False,candidate_isotope_or_adduct
FT-073,FT-084,0.15018455228981545,1252.8205095026694,1224.2978759761004,1273.817172792693,1257.7376008872648,28.522633526569052,16.079571905428338,False,True,False,False,candidate_isotope_or_adduct
FT-086,FT-091,0.44623376623376626,1252.3224421698592,1251.314808260303,1252.0492024447103,1251.9082930023933,1.0076339095562616,0.1409094423170245,False,True,False,False,candidate_isotope_or_adduct
FT-086,FT-084,-0.30963773069036227,1252.3224421698592,1224.2978759761004,1252.0492024447103,1257.7376008872648,28.0245661937588,5.688398442554444,False,True,False,False,candidate_isotope_or_adduct
FT-223,FT-196,0.43152426520847575,1088.2006657983875,1079.2166019688184,1212.1002271969037,1212.162690219896,8.984063829569095,0.062463022992233164,False,True,False,False,candidate_isotope_or_adduct
FT-234,FT-113,0.5920984278879016,1297.3438707330265,1295.8340568472142,1326.1469761141468,1325.935889442976,1.5098138858122638,0.2110866711707331,False,True,False,False,candidate_isotope_or_adduct
FT-234,FT-099,0.6828708133971292,1297.3438707330265,1296.3371434985418,1326.1469761141468,1325.9803275270754,1.0067272344847424,0.16664858707144958,False,True,False,False,candidate_isotope_or_adduct
FT-113,FT-099,0.8242788790157212,1295.8340568472142,1296.3371434985418,1325.935889442976,1325.9803275270754,0.5030866513275214,0.044438084099283515,False,True,False,False,candidate_isotope_or_adduct
FT-113,FT-112,-0.02958304853041695,1295.8340568472142,1295.833757739158,1325.935889442976,1284.7258569724574,0.0002991080561969284,41.21003247051863,True,False,False,False,candidate_isomer
FT-113,FT-111,0.326971975393028,1295.8340568472142,1295.8363020697318,1325.935889442976,1243.8481834080928,0.0022452225175584317,82.08770603488324,True,False,False,False,candidate_isomer
FT-179,FT-026,0.922652084757348,728.4969707230775,727.9951742528884,1014.0492700576092,1014.168080213055,0.501796470189106,0.11881015544577167,False,True,False,False,candidate_isotope_or_adduct
FT-157,FT-154,0.975228981544771,1263.2947685123595,1263.7971017854209,1498.9586431862058,1498.895810560801,0.5023332730613674,0.06283262540478063,False,True,True,True,candidate_isotope_or_adduct_correlated
FT-157,FT-171,0.9677375256322625,1263.2947685123595,1262.7926388390904,1498.9586431862058,1499.0089198979422,0.5021296732691098,0.05027671173638737,False,True,False,True,candidate_isotope_or_adduct_correlated
FT-157,FT-150,0.7959535201640465,1263.2947685123595,1265.276619401272,1498.9586431862058,1499.076621782328,1.9818508889125042,0.11797859612215689,False,True,False,False,candidate_isotope_or_adduct
FT-157,FT-167,0.6951469583048531,1263.2947685123595,1265.77527779671,1498.9586431862058,1499.0848223250168,2.4805092843505463,0.1261791388110396,False,True,False,False,candidate_isotope_or_adduct
FT-207,FT-212,0.28027341079972656,1034.6551417461487,1034.6524894655838,1455.50905041845,1419.5355960078075,0.0026522805649165093,35.97345441064249,True,False,False,False,candidate_isomer
FT-207,FT-131,0.08863978127136021,1034.6551417461487,1040.328774739611,1455.50905041845,1455.4224047810255,5.673632993462206,0.08664563742445353,False,True,False,False,candidate_isotope_or_adduct
FT-154,FT-171,0.9622966507177033,1263.7971017854209,1262.7926388390904,1498.895810560801,1499.0089198979422,1.0044629463304773,0.113109337141168,False,True,False,True,candidate_isotope_or_adduct_correlated
FT-154,FT-150,0.7755570745044429,1263.7971017854209,1265.276619401272,1498.895810560801,1499.076621782328,1.4795176158511367,0.18081122152693752,False,True,False,False,candidate_isotope_or_adduct
FT-154,FT-167,0.6584278879015721,1263.7971017854209,1265.77527779671,1498.895810560801,1499.0848223250168,1.9781760112891789,0.18901176421582022,False,True,False,False,candidate_isotope_or_adduct
FT-032,FT-036,0.9053998632946001,923.6242483918668,924.1258325459404,1071.5163479969956,1071.4321892574976,0.5015841540736119,0.0841587394979797,False,True,False,False,candidate_isotope_or_adduct
FT-032,FT-045,0.9113328776486671,923.6242483918668,923.1220202532094,1071.5163479969956,1071.5859281352352,0.502228138657415,0.06958013823964393,False,True,False,False,candidate_isotope_or_adduct
FT-032,FT-034,0.8753246753246753,923.6242483918668,924.6284568794596,1071.5163479969956,1071.194488617538,1.0042084875927912,0.32185937945769183,False,True,False,False,candidate_isotope_or_adduct
FT-240,FT-152,0.5111961722488039,1083.3466638903149,1088.69277311038,1455.299982043751,1455.33623852908,5.3461092200650455,0.03625648532897685,False,True,False,False,candidate_isotope_or_adduct
FT-240,FT-127,0.49115516062884484,1083.3466638903149,1089.3621822179891,1455.299982043751,1455.0379438086263,6.015518327674272,0.2620382351246917,False,True,False,False,candidate_isotope_or_adduct
FT-240,FT-123,0.5130006835269993,1083.3466638903149,1089.0265712685955,1455.299982043751,1455.280496632148,5.679907378280632,0.019485411603000102,False,True,False,False,candidate_isotope_or_adduct
FT-036,FT-045,0.8579357484620642,924.1258325459404,923.1220202532094,1071.4321892574976,1071.5859281352352,1.003812292731027,0.15373887773762362,False,True,False,False,candidate_isotope_or_adduct
FT-036,FT-034,0.8175256322624743,924.1258325459404,924.6284568794596,1071.4321892574976,1071.194488617538,0.5026243335191793,0.23770063995971213,False,True,False,False,candidate_isotope_or_adduct
FT-176,FT-016,0.9392207792207792,871.0972026876352,870.5947196667247,967.075674195556,967.2980513141862,0.5024830209105176,0.22237711863022014,False,True,False,False,candidate_isotope_or_adduct
FT-176,FT-175,0.7164456596035543,871.0972026876352,844.0870342319306,967.075674195556,962.9974510538884,27.010168455704616,4.078223141667536,False,True,False,False,candidate_isotope_or_adduct
FT-142,FT-085,0.9069856459330143,1223.287004668688,1224.2975971419808,1299.8451740769872,1299.5622354883926,1.0105924732927178,0.2829385885945612,False,True,False,False,candidate_isotope_or_adduct
FT-142,FT-088,0.9122351332877648,1223.287004668688,1223.7937689750972,1299.8451740769872,1299.7601011100369,0.5067643064091953,0.08507296695029254,False,True,False,False,candidate_isotope_or_adduct
FT-142,FT-081,0.5630075187969925,1223.287004668688,1225.305158770853,1299.8451740769872,1299.0897146683544,2.018154102164999,0.7554594086327597,False,True,False,False,candidate_isotope_or_adduct
FT-085,FT-088,0.9546411483253588,1224.2975971419808,1223.7937689750972,1299.5622354883926,1299.7601011100369,0.5038281668835225,0.19786562164426869,False,True,False,True,candidate_isotope_or_adduct_correlated
FT-085,FT-081,0.5769514695830485,1224.2975971419808,1225.305158770853,1299.5622354883926,1299.0897146683544,1.0075616288722813,0.4725208200381985,False,True,False,False,candidate_isotope_or_adduct
FT-085,FT-084,-0.28374572795625425,1224.2975971419808,1224.2978759761004,1299.5622354883926,1257.7376008872648,0.00027883411962648097,41.824634601127855,True,False,False,False,candidate_isomer
FT-045,FT-034,0.8384688995215311,923.1220202532094,924.6284568794596,1071.5859281352352,1071.194488617538,1.5064366262502062,0.39143951769733576,False,True,False,False,candidate_isotope_or_adduct
FT-091,FT-084,-0.22857142857142856,1251.314808260303,1224.2978759761004,1251.9082930023933,1257.7376008872648,27.01693228420254,5.829307884871469,False,True,False,False,candidate_isotope_or_adduct
FT-152,FT-127,0.9428844839371155,1088.69277311038,1089.3621822179891,1455.33623852908,1455.0379438086263,0.6694091076092263,0.29829472045366856,False,True,False,False,candidate_isotope_or_adduct
FT-088,FT-081,0.6344224196855776,1223.7937689750972,1225.305158770853,1299.7601011100369,1299.0897146683544,1.5113897957558038,0.6703864416824672,False,True,False,False,candidate_isotope_or_adduct
FT-016,FT-175,0.7011346548188654,870.5947196667247,844.0870342319306,967.2980513141862,962.9974510538884,26.507685434794098,4.300600260297756,False,True,False,False,candidate_isotope_or_adduct
FT-212,FT-130,-0.5952153110047846,1034.6524894655838,1040.3294064561312,1419.5355960078075,1419.1001653827748,5.676916990547397,0.4354306250327227,False,True,False,False,candidate_isotope_or_adduct
FT-212,FT-137,-0.5851264524948735,1034.6524894655838,1039.9948749944976,1419.5355960078075,1419.220544280622,5.342385528913837,0.31505172718539143,False,True,False,False,candidate_isotope_or_adduct
FT-127,FT-123,0.9616404647983595,1089.3621822179891,1089.0265712685955,1455.0379438086263,1455.280496632148,0.3356109493936401,0.2425528235216916,False,False,False,True,high_corr_other
FT-131,FT-130,0.48065618591934384,1040.328774739611,1040.3294064561312,1455.4224047810255,1419.1001653827748,0.0006317165202744945,36.32223939825076,True,False,False,False,candidate_isomer
FT-171,FT-150,0.7867395762132604,1262.7926388390904,1265.276619401272,1499.0089198979422,1499.076621782328,2.483980562181614,0.06770188438576952,False,True,False,False,candidate_isotope_or_adduct
FT-171,FT-167,0.6763636363636364,1262.7926388390904,1265.77527779671,1499.0089198979422,1499.0848223250168,2.982638957619656,0.07590242707465222,False,True,False,False,candidate_isotope_or_adduct
FT-112,FT-111,-0.20514012303485987,1295.833757739158,1295.8363020697318,1284.7258569724574,1243.8481834080928,0.00254433057375536,40.87767356436461,True,False,False,False,candidate_isomer
FT-082,FT-211,0.6154203691045796,815.19145248803,815.8635371185956,1299.3902606601064,1299.0589008403172,0.6720846305655641,0.33135981978921336,False,True,False,False,candidate_isotope_or_adduct
