feature,qc_mean_intensity,qc_cv_pct,qc_detection_rate,qc_order_spearman_rho,qc_order_spearman_abs,mz,rt,qc_log_sd,Dunn_mean_intensity,Dunn_std_intensity,Dunn_cv_pct,Dunn_log_sd,Dunn_detection_rate,French_mean_intensity,French_std_intensity,French_cv_pct,French_log_sd,French_detection_rate,LMU_mean_intensity,LMU_std_intensity,LMU_cv_pct,LMU_log_sd,LMU_detection_rate,bio_cv_pct_median,bio_cv_pct_max,bio_log_sd_median,bio_detection_rate_median,bio_detection_rate_min,d_ratio_cv,d_ratio_log,passes_qc_cv_30,passes_detection_70,passes_mz_500,passes_basic_part_b_screen
FT-118,1217.939932694575,30.7738504167476,1.0,0.055882352941176466,0.055882352941176466,1560.0017940800249,1455.4088624671206,0.4325264143477304,1292.2545308712038,338.413582749751,26.187842616547186,1.270994231237462,1.0,1013.2064770747943,191.80220640439353,18.930219135406773,0.22021818930013437,1.0,1146.353212746046,487.50604119568527,42.52668686886504,1.6715166888068533,0.9615384615384616,26.187842616547186,42.52668686886504,1.270994231237462,1.0,0.9615384615384616,1.1751197251087295,0.34030556844197096,False,True,True,False
FT-188,78.81477712077168,30.27334169203846,1.0,0.24705882352941175,0.24705882352941175,931.123316275561,1102.1879690833632,0.31322687399231885,153.37385402380642,282.51253530013986,184.19862831137357,0.5913674936175541,1.0,360.94833375547785,635.3992200826013,176.03605853270082,1.3522059763956265,1.0,204.0093915709096,337.47004082368125,165.41887519250966,0.8827058541398851,1.0,176.03605853270082,184.19862831137357,0.8827058541398851,1.0,1.0,0.17197238988633015,0.354848529125854,False,True,True,False
FT-214,724.3151600157938,30.579788345011412,1.0,0.02058823529411765,0.02058823529411765,1560.5106879252833,1455.2785186733047,0.4659854486957829,770.2763041316767,211.18830729050765,27.41721459659566,1.2958554794670059,0.9629629629629629,625.432052420497,112.53195237210288,17.99267433394095,0.20208276234890343,1.0,722.1443282605505,223.43856032728644,30.94098389798189,1.0837240991306485,1.0,27.41721459659566,30.94098389798189,1.0837240991306485,1.0,0.9629629629629629,1.1153499286834354,0.429985315514891,False,True,True,False
FT-217,115.9467520052329,23.936713615607836,1.0,-0.18529411764705883,0.18529411764705883,1089.0287993120237,1473.4388815633502,0.24167745550146247,109.45642950639582,32.71733236158546,29.890735984288348,0.30738318357804045,1.0,112.3975742635556,178.924854739174,159.18924933346145,0.5770913220586236,1.0,163.51959818131456,204.238495617062,124.90153956383706,0.5285792074738542,1.0,124.90153956383706,159.18924933346145,0.5285792074738542,1.0,1.0,0.19164466426271554,0.4572208896684928,True,True,True,True
FT-180,403.61540056181417,48.3735316797716,1.0,0.33529411764705885,0.33529411764705885,1846.2712907601397,1057.5333992700469,0.8311233392873925,541.1360002197615,208.4844479998867,38.52718132137185,1.3972245904577836,0.9629629629629629,469.5664600900673,160.25244648344443,34.127745506505406,0.5632506887768665,1.0,328.003821176026,174.57622338691735,53.22383829584398,1.976783806256575,0.8846153846153846,38.52718132137185,53.22383829584398,1.3972245904577836,0.9629629629629629,0.8846153846153846,1.2555689261632481,0.5948387574649577,False,True,True,False
FT-247,1464.0742295842274,37.88716325114578,1.0,-0.2588235294117647,0.2588235294117647,1210.8237284316058,886.0371926968076,0.6083241816362294,926.0913413492736,230.99896245723627,24.943431834777886,0.22703656666750047,1.0,1413.3958274736344,649.3548521107283,45.94288729940668,0.9539903168187249,1.0,1447.5872323859533,623.8616948798812,43.09665634806789,1.0807708397543059,1.0,43.09665634806789,45.94288729940668,0.9539903168187249,1.0,1.0,0.8791207128727595,0.6376628472129678,False,True,True,False
FT-097,7306.008277116773,53.89307988529957,1.0,-0.10882352941176471,0.10882352941176471,1221.7827177901245,1303.3882126599997,0.7053675519523451,5826.099806502013,5134.451275998376,88.12844692890864,1.0357048189203664,1.0,6642.741861058269,4895.02414224133,73.68981430600847,1.001555277765536,1.0,5656.255007106838,5465.508021017859,96.62768057930002,1.0734330907254437,1.0,88.12844692890864,96.62768057930002,1.0357048189203664,1.0,1.0,0.6115287601604279,0.6810507579636739,False,True,True,False
FT-168,4360.541664934453,14.218346914517126,1.0,-0.15882352941176472,0.15882352941176472,1336.3262451050714,1551.2877356272045,0.14477929891768765,4228.6050966851,811.5313554095404,19.191467087946293,0.2069617323617849,1.0,4544.164145292001,573.1416536814055,12.612696974760718,0.12384637248116254,1.0,4226.153285283751,1065.088414705093,25.20231384919067,0.5655774027785154,1.0,19.191467087946293,25.20231384919067,0.2069617323617849,1.0,1.0,0.7408681602798013,0.6995462265681194,True,True,True,True
FT-094,6472.473961961428,53.87209222495883,1.0,-0.07941176470588236,0.07941176470588236,1221.278586377492,1303.4817365710865,0.7311301307082522,5146.338998576546,4570.016504811671,88.80131110826001,1.0409138127044353,1.0,5910.014270638975,4413.152552482888,74.67245171314534,1.0204940031670828,1.0,5054.140190482073,4953.36923224491,98.006170101357,1.1139228632793146,1.0,88.80131110826001,98.006170101357,1.0409138127044353,1.0,1.0,0.6066587480817929,0.7023925725499568,False,True,True,False
FT-147,1243.2840083105589,32.20464839346363,1.0,-0.13529411764705881,0.13529411764705881,1633.0436758967032,1455.2477318872882,0.9436086648451454,990.0005908894708,257.4479243142536,26.004825318634232,1.3420136693887885,0.9629629629629629,793.6048250037418,191.82009830698138,24.17073236746979,0.39898801301903003,1.0,1372.7790472837576,557.9960268022321,40.6471841121343,2.3949532848385684,0.8846153846153846,26.004825318634232,40.6471841121343,1.3420136693887885,0.9629629629629629,0.8846153846153846,1.2384104872408737,0.7031289519389962,False,True,True,False
FT-000,1524.5693513985927,8.530528337272678,1.0,0.3411764705882353,0.3411764705882353,359.10876783781686,543.8463735187979,0.08451870572521981,1543.2935489654608,128.64018716478154,8.335432183398606,0.08617614694791607,1.0,1472.0055212348295,166.9040132261231,11.338545325978899,0.1261361644803657,1.0,1544.4403555611805,184.28286718565386,11.932015796019115,0.11770839865074315,1.0,11.338545325978899,11.932015796019115,0.11770839865074315,1.0,1.0,0.752347685882378,0.7180346236465108,True,True,False,False
FT-110,2824.110301241298,31.437435920601978,1.0,0.3029411764705882,0.3029411764705882,1397.397689304656,1341.878177208506,0.41928975365746235,3226.9030056594324,793.9168322069155,24.603058437595493,0.653333578222849,1.0,2825.3568334846327,355.54610274710154,12.58411321831485,0.12015801757686403,1.0,2853.9472494059855,850.404097986457,29.797470789393824,0.5732015101014872,1.0,24.603058437595493,29.797470789393824,0.5732015101014872,1.0,1.0,1.2777856866999509,0.7314875244889458,False,True,True,False
FT-089,2032.678384664808,13.301625436797986,1.0,0.2411764705882353,0.2411764705882353,1233.2816716646137,1299.4896330327,0.13177581132513067,2038.935859110151,319.7756490021742,15.683457994688135,0.1873448944478679,1.0,1983.580024250205,138.7781667026422,6.996348269594038,0.0712517773303911,1.0,1989.8190370672141,284.7717931253494,14.311441785433582,0.16815920930720862,1.0,14.311441785433582,15.683457994688135,0.16815920930720862,1.0,1.0,0.9294399289900055,0.783637196369011,True,True,True,True
FT-129,1529.806824541409,33.26936010392308,1.0,0.19117647058823528,0.19117647058823528,1559.499840726536,1455.3698325798234,0.7036175623451987,1580.0124985329428,414.2169681484252,26.216056425694717,0.8821270136321299,1.0,1245.1262767999995,271.9845321786604,21.843931595248826,0.28831624378471243,1.0,1441.4703111269619,576.420383123881,39.98836317851232,1.6950077756982698,0.9615384615384616,26.216056425694717,39.98836317851232,0.8821270136321299,1.0,0.9615384615384616,1.2690451822233386,0.7976374733702756,False,True,True,False
FT-029,1413.8118931456133,49.58436690973391,1.0,0.2735294117647059,0.2735294117647059,1845.2657451181792,1070.965956893128,1.1875027906214566,1912.9908286022826,519.9022828487539,27.177458201857558,1.4699981323903624,0.9629629629629629,1606.0663566414053,672.2163440268674,41.85483004778218,0.8995210806249635,1.0,1196.9346617921526,565.4339101388225,47.24016508070764,1.5047609597769982,1.0,41.85483004778218,47.24016508070764,1.4699981323903624,1.0,0.9629629629629629,1.184674907367383,0.8078260539627078,False,True,True,False
FT-177,68.19244081104604,43.36305199513545,1.0,-0.02941176470588235,0.02941176470588235,1372.9222666552944,1005.5678939773716,0.4683521472169243,113.29797193431698,37.17606873085299,32.812651538374695,0.40048695203871315,1.0,54.22832817998535,26.104196600017985,48.137564767583136,0.5783439672956243,1.0,443.87748219649313,992.9210675700135,223.69259703299682,1.5658557741777528,1.0,48.137564767583136,223.69259703299682,0.5783439672956243,1.0,1.0,0.9008152407480541,0.809815911812776,False,True,True,False
FT-174,37.48465694808375,118.22179845316255,0.9375,-0.02941176470588235,0.02941176470588235,1210.8304701216448,928.6948296247882,1.2200528355984501,17.294270130560477,53.96306590141231,312.0285822646825,1.4735517983913975,0.6296296296296297,97.2041630102426,23.251326409421583,23.920093223755806,0.23893785005894214,1.0,34.369061484985146,60.612707401265816,176.35834317950685,1.9123610988875155,0.6153846153846154,176.35834317950685,312.0285822646825,1.4735517983913975,0.6296296296296297,0.6153846153846154,0.6703499041881458,0.8279673893583657,False,False,True,False
FT-201,234.61268382121654,39.34274778372879,1.0,0.07647058823529412,0.07647058823529412,1560.0025678909035,1385.9591274494428,0.4638252031331135,256.7227117143957,89.50559819421989,34.8646980224309,0.602493039128482,1.0,285.294707984394,79.64861810960777,27.918014558463053,0.49728412872357386,1.0,202.688378516017,69.33342331347107,34.20690609944968,0.5549127688174665,1.0,34.20690609944968,34.8646980224309,0.5549127688174665,1.0,1.0,1.150140491202206,0.8358524604174039,False,True,True,False
FT-001,2225.536943568739,7.934346462965352,1.0,0.19705882352941176,0.19705882352941176,357.1095460532417,543.8391573306372,0.08011885102060602,2277.6606883506997,205.7698257154262,9.03426163378305,0.09159879360153064,1.0,2165.6732002234016,205.64987886871373,9.495886953188494,0.09585264717868175,1.0,2246.727268822069,259.64428574386557,11.556555588520265,0.11356100392812608,1.0,9.495886953188494,11.556555588520265,0.09585264717868175,1.0,1.0,0.8355561204634167,0.8358543387044294,True,True,False,False
FT-023,1768.6488499031534,16.057134870666506,1.0,-0.18823529411764706,0.18823529411764706,1373.9225103480585,980.4212867734888,0.16949745541484162,1770.0987940056827,323.50770533601474,18.276251383908697,0.19702871520909576,1.0,1824.9613909279733,227.3149329952592,12.455876279096074,0.12393431623332725,1.0,1699.825069969328,399.2304388201249,23.486560227478506,0.34105459582002046,1.0,18.276251383908697,23.486560227478506,0.19702871520909576,1.0,1.0,0.8785792301370942,0.8602677799272217,True,True,True,True
FT-161,2261.558763434563,13.66344624112812,1.0,0.18529411764705883,0.18529411764705883,1255.783773964013,1499.2176641397284,0.14218255586422554,2289.2257960955617,420.4224160972272,18.365266406410747,0.17124685018169145,1.0,2404.156180008782,392.6592100237592,16.332516717874995,0.1649602797032179,1.0,2394.185734845982,383.955309576996,16.03698927734593,0.15959729489675437,1.0,16.332516717874995,18.365266406410747,0.1649602797032179,1.0,1.0,0.8365793513117467,0.8619199489721281,True,True,True,True
FT-120,210.97358428737374,40.64542969256171,1.0,0.17058823529411765,0.17058823529411765,1558.9989797646351,1386.1476473421424,0.4397433390517312,226.62013438520964,70.09743849350485,30.93169046239863,0.5861250588574527,1.0,262.3696924081124,74.01826459612289,28.211438568517472,0.3982854134417971,1.0,178.50583687438555,61.17873568877857,34.27268080417449,0.4943201856234966,1.0,30.93169046239863,34.27268080417449,0.4943201856234966,1.0,1.0,1.314038420951204,0.8895921142630935,False,True,True,False
FT-158,994.754597744716,14.478321875755146,1.0,0.22058823529411767,0.22058823529411767,1256.286883804324,1499.1705919535325,0.14795445084755152,988.1466796263403,203.06819794960268,20.550410393160586,0.20066332385806415,1.0,1066.708522918447,175.02912508890694,16.408336610083357,0.1619257321850824,1.0,1052.9436143684175,179.121852018199,17.01153315086496,0.16591747582781363,1.0,17.01153315086496,20.550410393160586,0.16591747582781363,1.0,1.0,0.8510885966218152,0.8917351840688329,True,True,True,True
FT-018,2719.6012785888224,18.510310731634313,1.0,-0.2529411764705882,0.2529411764705882,1372.9191123009864,980.422438027575,0.19785258447284607,2700.190045656604,651.514564657568,24.12847072396119,0.5172835306293211,1.0,2803.7602110732228,356.7108877011631,12.722588982194784,0.1269841623967162,1.0,2635.671107355181,530.3400228677482,20.121631313852696,0.2202243373097747,1.0,20.121631313852696,24.12847072396119,0.2202243373097747,1.0,1.0,0.9199209767297012,0.8984138033506269,True,True,True,True
FT-003,3676.3871476726326,8.424932240247307,1.0,0.30882352941176466,0.30882352941176466,355.11192836605056,543.9952686842126,0.086255494335368,3754.799418625511,342.3949762286551,9.118861969835738,0.09314177101289434,1.0,3562.9456886580056,331.0780093462069,9.29225529314505,0.09169105643368913,1.0,3666.658107573661,404.4305103343743,11.02994875630764,0.10918896026293703,1.0,9.29225529314505,11.02994875630764,0.09314177101289434,1.0,1.0,0.9066617279082321,0.9260667195540762,True,True,False,False
FT-008,6149.202168356023,12.408062152601413,1.0,-0.4058823529411764,0.4058823529411764,1050.739663862885,753.4570032840134,0.1330881840911399,6348.454789613156,900.6797858404665,14.187385996889954,0.142508801305404,1.0,6503.969550720227,593.4426810086998,9.124315179842501,0.09088359385847672,1.0,6275.771036411887,895.731524807046,14.272852205888825,0.14999671819895888,1.0,14.187385996889954,14.272852205888825,0.142508801305404,1.0,1.0,0.8745840957115997,0.9338944884247871,True,True,True,True
FT-155,1087.7698336030307,15.070465441424748,1.0,-0.5205882352941177,0.5205882352941177,1266.2831822007336,1499.1248349190344,0.15367317570595554,1009.7221976645932,157.85608072607192,15.633614977582987,0.16427655675620917,1.0,1030.8070125145923,135.40441370882255,13.135767613620665,0.13873927886818127,1.0,997.7027006819925,143.62022611258183,14.395092447320067,0.1670527753153103,1.0,14.395092447320067,15.633614977582987,0.16427655675620917,1.0,1.0,1.0469168917515645,0.9354540826784595,True,True,True,True
FT-162,5599.462218843057,14.744459138824974,1.0,0.34411764705882353,0.34411764705882353,1254.277029107562,1499.404825285124,0.14844205420126563,5675.728669578604,1001.410407489035,17.64373291585457,0.1689536556037153,1.0,5946.051391582643,885.2658508452146,14.888298007286243,0.147637912164383,1.0,5860.709307745455,933.2510067407525,15.923857637971864,0.15771475922722505,1.0,15.923857637971864,17.64373291585457,0.15771475922722505,1.0,1.0,0.9259351266533237,0.9412058511746518,True,True,True,True
FT-010,29386.32026906297,10.751418725041763,1.0,-0.34705882352941175,0.34705882352941175,1048.7247997662084,753.8246143446223,0.11656653564503214,30190.928196631507,3678.606832378517,12.184477431167387,0.12371664392208248,1.0,30941.1819221988,2643.9503244453585,8.54508509433653,0.08503524911484345,1.0,30036.333138705257,3928.4577489313447,13.07901910259837,0.13622525254829182,1.0,12.184477431167387,13.07901910259837,0.12371664392208248,1.0,1.0,0.8823865271021045,0.9422057691643048,True,True,True,True
FT-009,15977.066281070063,11.69699933367453,1.0,-0.37941176470588234,0.37941176470588234,1049.7326640547776,753.5937523711316,0.1266850504934778,16370.722413751446,2183.5472823487676,13.338124165581005,0.13339529898969654,1.0,16811.464003479407,1526.2813382541226,9.078812755023796,0.08987310618708759,1.0,16213.887083644742,2212.4311029425867,13.64528500494066,0.1416506352360659,1.0,13.338124165581005,13.64528500494066,0.13339529898969654,1.0,1.0,0.8769598474618047,0.9496965144421091,True,True,True,True
FT-135,1396.4444657974168,16.141270650672233,1.0,0.4382352941176471,0.4382352941176471,1173.2301124568482,1442.9947789043065,0.17016235253786038,1353.0424658944398,300.116912251219,22.180893786864573,0.21770144849645434,1.0,1493.6667457121855,271.9953183197364,18.20990653373943,0.17904196581975698,1.0,1474.131702811324,253.0396811159103,17.165337441243345,0.17014557830789312,1.0,18.20990653373943,22.180893786864573,0.17904196581975698,1.0,1.0,0.8864005216482349,0.9504048492696077,True,True,True,True
FT-013,360.9056645045966,158.59027079124607,0.8125,-0.22713963131249046,0.22713963131249046,1210.8270502489595,899.7233926516836,2.4481833258212204,778.9589976906474,315.45496593421757,40.49699237950084,1.5237843342713742,0.9629629629629629,101.36601102941296,98.63154183149045,97.30238058087433,2.5292827236078073,0.6153846153846154,145.30308644944594,328.3710283470457,225.99040142295465,2.568833216885875,0.6153846153846154,97.30238058087433,225.99040142295465,2.5292827236078073,0.6153846153846154,0.6153846153846154,1.6298704085603681,0.9679358115921081,False,False,True,False
FT-028,421.65824465694675,55.976213472367114,1.0,0.44705882352941173,0.44705882352941173,1845.2675702568588,1057.465322843472,1.2444521687968584,639.3515506917423,184.40183354408424,28.84200927401707,0.8176455099697597,1.0,551.0747999842475,188.960670335931,34.28947764284131,1.2832490732732922,0.9615384615384616,397.5999126816215,186.54522403624006,46.91782319017165,1.3563873210393416,0.9615384615384616,34.28947764284131,46.91782319017165,1.2832490732732922,0.9615384615384616,0.9615384615384616,1.6324603732787801,0.9697666608264355,False,True,True,False
FT-007,1879.438143583619,13.630836118108505,1.0,-0.4823529411764706,0.4823529411764706,1051.7428230998376,753.1931299912063,0.14764398371761622,1963.1802174907298,294.8428732773366,15.018635102904344,0.15197890503924746,1.0,2017.0313766717788,186.8149816362389,9.261877816917984,0.09254345159414722,1.0,1919.6534459821257,276.64712691001125,14.411305722344801,0.15295658656666392,1.0,14.411305722344801,15.018635102904344,0.15197890503924746,1.0,1.0,0.9458432414610305,0.9714768222569324,True,True,True,True
FT-159,1213.416491655562,28.312238191900448,1.0,-0.8029411764705883,0.8029411764705883,1343.8406591266526,1551.4018781172863,0.29483822664550735,1004.2222939698863,301.79672512746885,30.052780837438654,0.5499986215498742,1.0,1047.5708897310249,202.59123229530567,19.339142990821667,0.20221278465125633,1.0,933.4698175111224,254.90342394134504,27.307087937881594,0.3032184463030614,1.0,27.307087937881594,30.052780837438654,0.3032184463030614,1.0,1.0,1.0368091338155638,0.9723624345427252,True,True,True,True
FT-231,1042.5955671103536,34.11507305832052,1.0,0.19705882352941176,0.19705882352941176,1617.0940780665944,1121.0916356070506,0.3707737124333627,1260.3037259310606,282.3095676834098,22.400121643284923,0.3780355970204668,1.0,1171.963990694181,294.9801738849736,25.169730147617432,0.3805126440747159,1.0,950.2162189586245,393.2469283170614,41.3849943277157,0.8416772641550445,1.0,25.169730147617432,41.3849943277157,0.3805126440747159,1.0,1.0,1.3554008270346853,0.9744057607729826,False,True,True,False
FT-134,95.52808774190564,45.21537246953128,1.0,0.01764705882352941,0.01764705882352941,1088.3568018363508,1473.517094540187,0.46499056970594455,91.33530349120332,27.506077509615835,30.11549363523492,0.2851151402910636,1.0,56.04936341605339,18.990768327578987,33.88221947609086,0.4707562270959803,1.0,101.8460806709039,35.528399390476544,34.884405130207966,0.6048213700750014,1.0,33.88221947609086,34.884405130207966,0.4707562270959803,1.0,1.0,1.3344867357770855,0.9877523502437702,False,True,True,False
FT-165,4330.35494209882,14.1802946889407,1.0,0.18235294117647058,0.18235294117647058,1255.2798171824015,1499.3447722912745,0.14365649327527252,4407.864743981796,796.825276951614,18.077353168323643,0.17119354698067868,1.0,4630.7623836912135,645.9876644050186,13.9499203560969,0.13782869291348906,1.0,4575.479196150883,657.9457366478869,14.379821401032334,0.14295637710856302,1.0,14.379821401032334,18.077353168323643,0.14295637710856302,1.0,1.0,0.9861245347541444,1.0048974112304052,True,True,True,True
FT-242,89.71860351470247,23.66593284612022,1.0,0.3411764705882353,0.3411764705882353,1083.0169631809986,1422.690822712629,0.2496713091730518,66.41583704481312,23.052806813847926,34.709803925671196,0.3865645976661263,1.0,74.1644410706666,20.72114526249264,27.93946123419008,0.24699782523747307,1.0,118.07059894448072,27.47207855016358,23.267501643725485,0.22880333136139072,1.0,27.93946123419008,34.709803925671196,0.24699782523747307,1.0,1.0,0.8470432785997943,1.0108239169029458,True,True,True,True
FT-011,941.284421070307,13.923371617206628,1.0,-0.31176470588235294,0.31176470588235294,1211.8279152595003,874.6133425350365,0.15007380306645424,966.1213739346884,142.41034481376695,14.740419646630667,0.14822032972032986,1.0,973.0838019527819,115.79495268750158,11.899792438752407,0.1177259174278969,1.0,914.5955915956824,142.09156456147008,15.535999283963841,0.15962846914797654,1.0,14.740419646630667,15.535999283963841,0.14822032972032986,1.0,1.0,0.9445709112080267,1.0125048524019722,True,True,True,True
FT-139,952.8259689204157,17.392485203411233,1.0,0.09411764705882353,0.09411764705882353,1174.234578749382,1443.187753176186,0.18538078359323285,937.8703448389373,210.2884714069699,22.42191285439175,0.20906683227050538,1.0,1015.3883019316761,186.65916917908572,18.383033251809685,0.18291288039617204,1.0,1022.9330490962743,184.24052239988814,18.011004978542655,0.1802488128117026,1.0,18.383033251809685,22.42191285439175,0.18291288039617204,1.0,1.0,0.9461161803479337,1.0134922329784297,True,True,True,True
FT-012,1649.2667877752604,13.164394734624388,1.0,-0.27058823529411763,0.27058823529411763,1210.8240555433492,874.6067099501091,0.13325238698074576,1685.3797272568602,222.50859199018427,13.202282452533195,0.13080888115053255,1.0,1711.1374552184586,208.71317901889782,12.19733566011222,0.12179730338781766,1.0,1659.9486327207628,246.1524069231582,14.828917116531404,0.15692962635530705,1.0,13.202282452533195,14.828917116531404,0.13080888115053255,1.0,1.0,0.9971302145636539,1.0186799688883608,True,True,True,True
FT-169,5079.026956656628,14.133081504178797,1.0,-0.26176470588235295,0.26176470588235295,1335.3236370967948,1551.257112257207,0.149029704617286,4867.651450721024,857.628083304824,17.618929621137667,0.17593323463777436,1.0,5161.863797230696,713.809238900211,13.828517507245436,0.13526319267580297,1.0,5028.46361191364,737.3696871364397,14.663916139105261,0.14608326807040997,1.0,14.663916139105261,17.618929621137667,0.14608326807040997,1.0,1.0,0.9637999406235793,1.0201695689437609,True,True,True,True
FT-186,69.87107009203004,29.940805838239186,1.0,0.06470588235294117,0.06470588235294117,931.6243046494036,1102.186769188893,0.2947319773666832,79.08902165136585,17.924290219155072,22.663436523677774,0.24374598405349432,1.0,303.63529508360534,525.693109301528,173.13307043464084,1.3586506177174884,1.0,69.20358692577742,18.98562056384173,27.434445824613523,0.2884858520977447,1.0,27.434445824613523,173.13307043464084,0.2884858520977447,1.0,1.0,1.091358142593754,1.0216514093274225,True,True,True,True
FT-160,6247.629484689547,15.618042252582018,1.0,0.3382352941176471,0.3382352941176471,1254.7781749513174,1499.4061441213764,0.15520092165763325,6330.268243369318,1145.0491190354082,18.088477059953938,0.1720377748311183,1.0,6638.670151488845,966.0078220657962,14.551224869172797,0.14304573766571196,1.0,6585.487282796269,987.4374043812518,14.994143363708316,0.15141053600789944,1.0,14.994143363708316,18.088477059953938,0.15141053600789944,1.0,1.0,1.041609505374197,1.0250338302054227,True,True,True,True
FT-200,118.20702815776716,32.93943226212099,1.0,0.3411764705882353,0.3411764705882353,1039.6606356714726,1386.5689310879638,0.3180027880431912,112.08920837006771,35.737109706901926,31.882738959948938,0.30571548885347327,1.0,132.16427975693648,30.004812585437374,22.702664169637416,0.2281400024537738,1.0,84.36630293131853,23.53272136508822,27.893507890521047,0.3063415606593952,1.0,27.893507890521047,31.882738959948938,0.30571548885347327,1.0,1.0,1.1808995982651103,1.0401919419778143,False,True,True,False
FT-170,5970.165276770475,15.335464947798307,1.0,-0.2647058823529412,0.2647058823529412,1335.8228921318928,1551.4213307481,0.15774179224805698,5671.299210429717,1427.1031630819377,25.163602027158877,0.5649406356678215,1.0,6153.13984052284,801.2089553315006,13.021140037399523,0.1287423968507694,1.0,5957.12164483998,900.2420365247706,15.112030443503773,0.15122501579813383,1.0,15.112030443503773,25.163602027158877,0.15122501579813383,1.0,1.0,1.014785207396838,1.0430932436378266,True,True,True,True
FT-002,1466.5399815071848,29.23708763368497,1.0,-0.4617647058823529,0.4617647058823529,889.6499309783783,609.0997423566134,0.35653278411646944,1439.636430766677,450.079252450003,31.263396982133454,0.43985395738291505,1.0,1606.1515481488566,344.3016937438306,21.436438805581563,0.21465792447493906,1.0,1593.6030149750613,493.28334676682425,30.953966711373457,0.3413215147327254,1.0,30.953966711373457,31.263396982133454,0.3413215147327254,1.0,1.0,0.94453444065191,1.0445658088551943,True,True,True,True
FT-163,1104.3794371121548,19.224971401205693,1.0,-0.24705882352941175,0.24705882352941175,1337.3318321701493,1551.0732220065731,0.2080320585726839,1079.683403511371,209.82167410839028,19.43362965717575,0.19624051980134938,1.0,1164.8620666957506,148.96093780322212,12.787860645661242,0.12566001736905047,1.0,1085.544693924251,240.08297041015055,22.116359810322418,0.3071777378640448,1.0,19.43362965717575,22.116359810322418,0.19624051980134938,1.0,1.0,0.9892630321946568,1.0600871766099624,True,True,True,True
FT-119,1461.413215491092,18.379504683930964,1.0,0.2735294117647059,0.2735294117647059,1173.7328914728205,1443.2962636993905,0.19051115498312932,1452.7842246307484,309.6817537912521,21.3164314796964,0.20259242657568635,1.0,1604.4312693890804,294.64690830418886,18.364570295141505,0.17960709114150072,1.0,1571.5174271553221,282.5367328618133,17.97859368147424,0.1780589395206016,1.0,18.364570295141505,21.3164314796964,0.17960709114150072,1.0,1.0,1.0008132174371327,1.0607106533062105,True,True,True,True
FT-006,15002.78195670832,27.68529672806163,1.0,-0.4735294117647058,0.4735294117647058,887.6403722304062,609.3874587233016,0.34573889989425116,14353.00281365266,4482.013535674623,31.2270093851811,0.4300291955618134,1.0,16234.006148135048,3248.81288554222,20.012391617305394,0.2028509278892641,1.0,16153.435788884508,4743.407375695724,29.36469638836683,0.32425750651606167,1.0,29.36469638836683,31.2270093851811,0.32425750651606167,1.0,1.0,0.942808887308281,1.066247944755368,True,True,True,True
FT-238,74.77722454767705,22.366020042548126,1.0,0.4941176470588235,0.4941176470588235,1083.34221048445,1423.037280138564,0.27951773450837586,60.38118484345158,16.487280292249793,27.305327537039645,0.2921114397875644,1.0,53.77688656031649,12.374878358330772,23.011518795256084,0.2619713772785836,1.0,93.97777325423417,22.833771100379494,24.296990990208123,0.2506508361585895,1.0,24.296990990208123,27.305327537039645,0.2619713772785836,1.0,1.0,0.9205263339629918,1.0669781462847876,True,True,True,True
FT-133,1439.6278977590514,23.857013794598302,1.0,-0.5235294117647059,0.5235294117647059,1088.3554957275571,1455.6188085752144,0.22385571033575027,1097.3934043636864,239.03633427878904,21.782191630483883,0.20921588092273716,1.0,928.0793216650783,169.53446132105458,18.26723830209801,0.1843039852101316,1.0,1659.7731732869022,357.42945752525014,21.534837607805233,0.21609546552606793,1.0,21.534837607805233,21.782191630483883,0.20921588092273716,1.0,1.0,1.107833466362031,1.0699747521480913,True,True,True,True
FT-005,31389.311688309157,24.858072651975814,1.0,-0.4382352941176471,0.4382352941176471,886.6324598613013,609.4612894305731,0.31046840140868154,30292.07643437917,8830.42094827246,29.150926538170932,0.4041830115391308,1.0,33741.45757326203,5823.609372125243,17.25950741600471,0.1775964155562451,1.0,33604.26137529538,8872.61190006485,26.40323440225254,0.2891473850239668,1.0,26.40323440225254,29.150926538170932,0.2891473850239668,1.0,1.0,0.9414783156208731,1.0737375383247802,True,True,True,True
FT-166,2406.167023633026,15.296797158994861,1.0,-0.011764705882352941,0.011764705882352941,1336.829587591733,1551.163342823527,0.15774771381286237,2365.3991751565654,420.01840403181177,17.7567663184803,0.1772971814166283,1.0,2476.4544542656777,312.97061794079127,12.637850754803962,0.12387761264885999,1.0,2403.2401571449404,357.6057644318012,14.880151006491102,0.146822983131908,1.0,14.880151006491102,17.7567663184803,0.146822983131908,1.0,1.0,1.0280001293214032,1.074407497027488,True,True,True,True
FT-004,5192.6804661605365,28.729475050265037,1.0,-0.5029411764705883,0.5029411764705883,888.6453654740943,609.2556518766722,0.36699227987446964,4984.858382333048,1549.4631335959764,31.083393243175465,0.44899996491227245,1.0,5633.607046559093,1219.6645374404723,21.64979785349817,0.2186352319383048,1.0,5642.504715364699,1733.473738644778,30.721706513146195,0.33667046735737677,1.0,30.721706513146195,31.083393243175465,0.33667046735737677,1.0,1.0,0.9351523177259486,1.090063772908558,True,True,True,True
FT-185,704.0531607739538,35.63242573863698,1.0,-0.3411764705882353,0.3411764705882353,931.6414646729085,1057.9007241015097,0.358561879229129,763.5264102705099,254.09803412121,33.27953436884856,0.3390353672028617,1.0,673.6389042741837,204.31017142639357,30.329330763122833,0.3147175110238025,1.0,490.345401363719,129.40766856142127,26.391125154130226,0.26337928035419955,1.0,30.329330763122833,33.27953436884856,0.3147175110238025,1.0,1.0,1.1748503788933626,1.1393134054177574,False,True,True,False
FT-148,177.81589617208553,36.333024456642505,1.0,-0.23823529411764705,0.23823529411764705,1633.0433891731236,1473.397159852177,0.6517561201264118,190.7729244579503,64.76521691799374,33.94885154799267,0.5702642801878499,1.0,108.82450829372759,37.789003450940115,34.72471784475611,0.5168630238256683,1.0,189.200281860983,82.41434253159015,43.55931276685148,1.4694846454274102,0.9230769230769231,34.72471784475611,43.55931276685148,0.5702642801878499,1.0,0.9230769230769231,1.0463159015165122,1.1429018838628957,False,True,True,False
FT-060,369.74450695465333,22.866667234978813,1.0,0.45,0.45,1251.815294797806,1252.0156980757831,0.24206875325493174,429.4710455346248,94.39164729852023,21.978582323522478,0.2548115972073745,1.0,356.3431608640206,54.006261886152025,15.155689183202997,0.15315736229536206,1.0,398.06766440561483,83.15382079225036,20.889368373191946,0.21144502276670624,1.0,20.889368373191946,21.978582323522478,0.21144502276670624,1.0,1.0,1.0946557515029705,1.1448306991932065,True,True,True,True
FT-124,1507.2597927325078,25.12363128027184,1.0,0.011764705882352941,0.011764705882352941,1039.6588042265028,1419.321667147817,0.24497897986156617,1567.191517746793,393.21321048667943,25.090310024904685,0.24806841518019895,1.0,1530.9240870352298,288.82811600363993,18.866259826310603,0.19932675308689982,1.0,1284.3888138783086,271.18124036222844,21.113640778556476,0.21167684076305793,1.0,21.113640778556476,25.090310024904685,0.21167684076305793,1.0,1.0,1.1899241605828592,1.1573253785272866,True,True,True,True
FT-181,1221.0936373939762,51.98084334351931,0.9375,0.22352941176470587,0.22352941176470587,1846.2703428802347,1070.925201977295,2.0428809645783694,1625.241352708035,535.3104293058557,32.93728826268802,1.7650775287100662,0.9629629629629629,1467.3924232302472,485.0620917862445,33.056058086933014,0.7582234149307799,1.0,983.2956805956594,566.0775872861749,57.569416652299054,2.392102628991127,0.8846153846153846,33.056058086933014,57.569416652299054,1.7650775287100662,0.9629629629629629,0.8846153846153846,1.5725058083700314,1.157388800973136,False,True,True,False
FT-141,888.5969814991581,167.39851531639894,1.0,0.10882352941176471,0.10882352941176471,1223.2951510470548,1273.6834926002612,1.2896810145860427,429.8015036558696,892.6774941057882,207.69529341166074,0.639739563891613,1.0,638.5838143309703,1430.4582203124507,224.0047724684518,1.1135535397645646,1.0,946.457216260543,1637.6925570643639,173.03397648917453,1.2648041976199556,1.0,207.69529341166074,224.0047724684518,1.1135535397645646,1.0,1.0,0.8059812649899971,1.1581670467849405,False,True,True,False
FT-098,1330.0288203057967,19.555021328744907,1.0,0.2735294117647059,0.2735294117647059,1234.285360466548,1298.978903962394,0.19571058456898066,1380.7702743624186,248.78766377707743,18.018034454859414,0.2512702448482652,1.0,1317.6710638832337,121.39355388052373,9.212735803939692,0.09140956907957001,1.0,1342.9153125990638,195.28260272259394,14.541691563904063,0.16805376654523052,1.0,14.541691563904063,18.018034454859414,0.16805376654523052,1.0,1.0,1.3447556113268913,1.1645712475971581,True,True,True,True
FT-115,133.8988169299706,25.767798646125033,1.0,0.36176470588235293,0.36176470588235293,1151.2577144686827,1279.5426959634483,0.2857751244224514,129.58792378319725,31.86225846519408,24.587367043938574,0.24400077283519925,1.0,94.63121562935763,25.29950592898983,26.73484194484036,0.25860736912001187,1.0,177.61194427190546,34.084432892518635,19.190394560592672,0.19428187386171553,1.0,24.587367043938574,26.73484194484036,0.24400077283519925,1.0,1.0,1.048009679120053,1.1712058166941421,True,True,True,True
FT-210,90.3952652679282,52.41198234034748,0.875,0.3502576371346299,0.3502576371346299,293.1831414699142,674.6181627077369,1.6170761385067793,163.0680569273807,111.8976902630593,68.62023891833753,1.4841522738024193,0.9259259259259259,103.89107607341886,42.90390082611157,41.297003022465354,1.372458882625995,0.9230769230769231,105.23522123766917,26.20545069904746,24.901787054605595,0.23245934973969926,1.0,41.297003022465354,68.62023891833753,1.372458882625995,0.9259259259259259,0.9230769230769231,1.2691473594787408,1.1782328483405973,False,True,False,False
FT-131,396.4168665524327,25.542116474258115,1.0,-0.3911764705882353,0.3911764705882353,1040.328774739611,1455.4224047810255,0.25693815317374585,378.1161960243794,110.61036929606671,29.253010174929138,0.28273996339605223,1.0,289.63971956519316,65.94409456238809,22.767628231854143,0.21606309906782434,1.0,351.8905565449919,71.7714349029512,20.395953675947727,0.20527525262557408,1.0,22.767628231854143,29.253010174929138,0.21606309906782434,1.0,1.0,1.1218611009521928,1.1891810970141201,True,True,True,True
FT-244,975.27497075787,24.533543453340897,1.0,0.7588235294117647,0.7588235294117647,1083.0144831519058,1455.407052190095,0.2546089195383783,881.5857680047274,177.9292576811823,20.182864122669024,0.21321771532284703,1.0,766.3033208076005,184.92167446975543,24.1316551094765,0.2420482355061325,1.0,1476.1368033971635,292.4589518664695,19.812455809882117,0.19843983020270223,1.0,20.182864122669024,24.1316551094765,0.21321771532284703,1.0,1.0,1.2155630293217536,1.1941264784347683,True,True,True,True
FT-072,122.36489085503719,27.032351275756344,1.0,0.36470588235294116,0.36470588235294116,1252.819559504331,1252.123154423304,0.28376736542922826,145.40447430488308,33.238896509614065,22.859610523345367,0.23669346321251955,1.0,111.04914744010998,21.10003677121711,19.000629232742728,0.1875858058867834,1.0,130.78801710461696,39.40299930055532,30.127377242088606,0.2933388740004765,1.0,22.859610523345367,30.127377242088606,0.23669346321251955,1.0,1.0,1.1825377010754214,1.198881293880273,True,True,True,True
FT-153,141.39530207407512,30.777450431411072,1.0,0.023529411764705882,0.023529411764705882,1088.6918828508271,1473.446015556528,0.3113265533022637,133.3825948156918,44.38350144493094,33.275332142293465,0.3508235879348188,1.0,97.44115056236751,23.642763242119695,24.263633080755827,0.2567438152468976,1.0,150.38452181647463,24.9824051140288,16.612351332616985,0.17472391409637378,1.0,24.263633080755827,33.275332142293465,0.2567438152468976,1.0,1.0,1.2684600994820325,1.2125961164940884,False,True,True,False
FT-183,385.2066526096163,114.43976449267024,1.0,0.19117647058823528,0.19117647058823528,1026.1928910886666,1107.040419851715,0.7865799369713576,372.1381477967582,392.7128537046444,105.52878172520033,0.6224216495504399,1.0,323.00929009022786,368.65525136917535,114.13147010917145,0.6415510535728555,1.0,364.2449941782958,369.43531821107945,101.42495411487879,0.7394003175035394,1.0,105.52878172520033,114.13147010917145,0.6415510535728555,1.0,1.0,1.0844412549997433,1.2260597696641964,False,True,True,False
FT-138,497.61428997063217,28.63601897223219,1.0,-0.4794117647058824,0.4794117647058824,1039.997339280622,1455.4289604217147,0.28666368961576383,481.3879235704385,128.87263216360017,26.771056325583757,0.26204684109946513,1.0,372.0069448320419,78.37290204771354,21.06759111260632,0.21092566743124935,1.0,458.4213653710289,105.13150113369572,22.93337725404798,0.23221061850357155,1.0,22.93337725404798,26.771056325583757,0.23221061850357155,1.0,1.0,1.248661226604888,1.2344986265619664,True,True,True,True
FT-068,472.5409406108604,23.703958866755677,1.0,0.3294117647058824,0.3294117647058824,1150.2524730526775,1279.7884240559065,0.24144189566997137,442.4930305940953,87.98194662788195,19.883238954013937,0.2060094685673168,1.0,334.80251374598936,57.20044068189484,17.084830111309177,0.18089084513798406,1.0,580.5758467964937,112.13830397823811,19.315013636374264,0.19290821756355203,1.0,19.315013636374264,19.883238954013937,0.19290821756355203,1.0,1.0,1.2272297246591688,1.2515894798023848,True,True,True,True
FT-228,751.9026800879519,44.58193173604164,1.0,0.23823529411764705,0.23823529411764705,1618.0944863886548,1121.2716800177573,0.6186283402117961,940.7269163944364,228.77150450877423,24.318588160057796,0.493839024526792,1.0,883.9544670195636,214.0696357445891,24.217269523663298,0.3392931951200334,1.0,713.6000303386122,289.0728418799,40.509084864070324,0.8885026351919585,1.0,24.318588160057796,40.509084864070324,0.493839024526792,1.0,1.0,1.8332450651582433,1.2526922934139928,False,True,True,False
FT-215,33.18757460515258,39.175446516473265,1.0,-0.2676470588235294,0.2676470588235294,1089.0277133500265,1422.7716282760944,0.5423038886192848,34.32126723297615,18.461762249183035,53.7910273646447,0.5308766964836253,1.0,34.30054364856846,17.54005654571251,51.13638059332785,0.43138695732310456,1.0,39.484882605673334,13.057460435299028,33.069518189280075,0.36423999803542717,1.0,51.13638059332785,53.7910273646447,0.43138695732310456,1.0,1.0,0.7660973667265137,1.2571170254762816,False,True,True,False
FT-178,1360.8780803096256,30.49154442228591,1.0,0.3058823529411765,0.3058823529411765,1455.998949997305,1013.726434598975,0.32630297766737787,1450.6667791604805,309.56596846474355,21.33956418605611,0.2594716549765548,1.0,1679.1258688084865,229.1803249530222,13.648787694257212,0.1363614110155887,1.0,1261.1295235666462,373.74603691074884,29.635816934468718,0.4241204834792494,1.0,21.33956418605611,29.635816934468718,0.2594716549765548,1.0,1.0,1.4288738118752196,1.257566949641809,False,True,True,False
FT-095,2506.461190989754,25.32923730364128,1.0,0.4176470588235294,0.4176470588235294,1296.8385481999308,1325.9004245551305,0.25949763562953027,2754.034399961064,519.7633846100945,18.872799287381554,0.22344427542434617,1.0,2421.396406298692,255.86849521679514,10.566980877282775,0.10522228961238901,1.0,2458.75815225543,430.6424203795125,17.514631115080686,0.20628180981171867,1.0,17.514631115080686,18.872799287381554,0.20628180981171867,1.0,1.0,1.4461758935837337,1.25797633764404,True,True,True,True
FT-146,214.16382200172248,41.48457330967996,0.9375,0.2529411764705882,0.2529411764705882,1633.038705134174,1439.0391430336188,1.3891906359996673,252.2574597989109,81.81384191675339,32.432674927422156,1.1020700697132348,0.9629629629629629,194.7691029998359,63.56732097576573,32.63727151622159,0.4567167706769161,1.0,176.01031162648218,79.66699450429772,45.262685900677184,1.7413143057619085,0.8846153846153846,32.63727151622159,45.262685900677184,1.1020700697132348,0.9629629629629629,0.8846153846153846,1.2710797006747647,1.2605284130083878,False,True,True,False
FT-143,1464.771087251278,33.619841877544296,1.0,-0.2029411764705882,0.2029411764705882,1632.5484544078683,1455.1631672982346,1.0980953417891361,1214.9776774954184,318.2436930983162,26.19337778734756,0.8698982139348729,1.0,951.689737579767,255.37002557234652,26.833327658000766,0.33039402983415944,1.0,1573.1999792105357,694.9803852635057,44.17622644593863,2.006755499299079,0.9615384615384616,26.833327658000766,44.17622644593863,0.8698982139348729,1.0,0.9615384615384616,1.252913626891148,1.262326240241422,False,True,True,False
FT-106,2500.145921880725,34.29340896304346,1.0,-0.5176470588235293,0.5176470588235293,1231.808475840107,1298.7819691151412,0.38824645543226716,2243.7752502109615,827.3387959234545,36.87262330956131,0.38487502556610453,1.0,2021.5119669038327,593.090777450566,29.33896940313193,0.3063307471768744,1.0,1907.962566053599,598.0131640151575,31.343023948948794,0.3017615756580523,1.0,31.343023948948794,36.87262330956131,0.3063307471768744,1.0,1.0,1.0941321111485678,1.2674093574031433,False,True,True,False
FT-240,797.7353830048313,25.50757943432951,1.0,0.7794117647058825,0.7794117647058825,1083.3466638903149,1455.299982043751,0.2659884190272099,749.2124685931215,156.67297368702637,20.911687973002962,0.21705070354062672,1.0,641.6223005743767,133.8967047100821,20.868461802250096,0.2094988543832425,1.0,1249.7407612960637,257.2084574486674,20.58094489787828,0.20420959179377796,1.0,20.868461802250096,20.911687973002962,0.2094988543832425,1.0,1.0,1.2223028067923631,1.2696414011917665,True,True,True,True
FT-149,1677.2303813752246,25.270663429687534,1.0,-0.8382352941176471,0.8382352941176471,1264.301168475248,1498.8110275470938,0.2663691594433942,1444.6155491564878,308.9157870225074,21.383944482868372,0.21521703736140885,1.0,1487.1104695276,246.07943293564134,16.547488433311326,0.17367111731522095,1.0,1364.6292449941482,275.96621860978564,20.222798215860387,0.20862353640500259,1.0,20.222798215860387,21.383944482868372,0.20862353640500259,1.0,1.0,1.249612598610028,1.2767934243348724,True,True,True,True
FT-209,251.8363750452312,45.75032082019402,1.0,0.2588235294117647,0.2588235294117647,1632.5496568490846,1438.8645645787187,0.6540057117454976,297.2296674711474,82.44288472097743,27.737098191579513,0.4706029824323556,1.0,225.51509532415326,72.14676163967314,31.991987736328724,0.5061476934554608,1.0,206.13844488765625,94.05753748481264,45.62833368422529,0.6927256569586862,1.0,31.991987736328724,45.62833368422529,0.5061476934554608,1.0,1.0,1.4300555875820722,1.292124255828596,False,True,True,False
FT-049,1522.3020678960027,23.039047485710192,1.0,0.4264705882352941,0.4264705882352941,1097.2225774589213,1176.9292956095635,0.23324130546924293,1629.7688458633008,293.20914570349555,17.990842471171455,0.18044907903091603,1.0,1163.888749871282,148.00100518591552,12.716078336721047,0.12670950350836543,1.0,1688.8168226865332,320.6753350172048,18.988165602654373,0.1843203417953455,1.0,17.990842471171455,18.988165602654373,0.18044907903091603,1.0,1.0,1.28059858912266,1.2925602431547023,True,True,True,True
FT-144,195.42380971906152,46.77206321768487,1.0,-0.0058823529411764705,0.0058823529411764705,1632.5484775521786,1473.171101763048,0.6169266493968099,227.70220987372522,67.4536171004552,29.62361109181257,0.4720285479290065,1.0,147.81458066139191,44.96343623947015,30.41880986184353,0.47635426805205233,1.0,213.1852988747729,90.95806850845734,42.66620118204632,1.1972044875688512,0.9615384615384616,30.41880986184353,42.66620118204632,0.47635426805205233,1.0,0.9615384615384616,1.5376033260378927,1.2951004971984357,False,True,True,False
FT-090,3998.5250136372188,33.0605059349684,1.0,-0.5235294117647059,0.5235294117647059,1231.3077713436496,1298.9480323268451,0.3701801192390544,3596.623643607192,1225.2445440335202,34.066520866349954,0.34867606988717637,1.0,3221.337354559711,881.3703961379541,27.360387911262986,0.2830592979136534,1.0,3058.577487490377,894.2486784183606,29.237404711041314,0.2815901424309355,1.0,29.237404711041314,34.066520866349954,0.2830592979136534,1.0,1.0,1.1307606219399944,1.3077829344153076,False,True,True,False
FT-053,1524.2772033612134,22.909048583844687,1.0,0.35000000000000003,0.35000000000000003,1097.723992703951,1176.67239430599,0.22593662784505641,1671.1802435147465,287.7338823688492,17.217405691901973,0.17237712024367807,1.0,1219.6638227725537,157.07131428749912,12.87824655899384,0.12535699542077208,1.0,1742.1051937077452,299.62721972470104,17.19914622876478,0.177369890551874,1.0,17.19914622876478,17.217405691901973,0.17237712024367807,1.0,1.0,1.3319875463079882,1.3107112331709965,True,True,True,True
FT-108,3568.752889089883,32.7256258706427,1.0,-0.5147058823529412,0.5147058823529412,1230.8065470462725,1298.9114676822571,0.3600688283222652,3222.4611815171634,1067.2635989108257,33.11951762312148,0.3375569268445345,1.0,2866.505973711532,743.1204386923806,25.924259202927576,0.26542345140665047,1.0,2749.595438100975,777.2666726479977,28.268401302877546,0.2743717267212931,1.0,28.268401302877546,33.11951762312148,0.2743717267212931,1.0,1.0,1.1576751553796372,1.31233940400872,False,True,True,False
FT-220,941.3825138744115,23.857517869632947,1.0,0.2647058823529412,0.2647058823529412,1098.2292261588002,1176.4712324222012,0.23549545251422227,1013.4723231108319,195.23682802898963,19.26414995031283,0.19123105652301456,1.0,734.95976536782,105.153312264095,14.307356296091895,0.14355919853619684,1.0,1065.0847021265004,189.08473519174368,17.753023286713777,0.1790773746972458,1.0,17.753023286713777,19.26414995031283,0.1790773746972458,1.0,1.0,1.3438566200432873,1.3150486090850884,True,True,True,True
FT-130,1690.3564335303488,28.29615546842182,1.0,0.0,0.0,1040.3294064561312,1419.1001653827748,0.273235335414619,1746.552910711543,388.0026245844947,22.215337548887828,0.2194204165726086,1.0,1679.1886749866558,296.3389533027039,17.647746064334243,0.18271217451577312,1.0,1395.0587724915536,291.22306713090524,20.87532603452866,0.20679431360974967,1.0,20.87532603452866,22.215337548887828,0.20679431360974967,1.0,1.0,1.3554832830691506,1.3212903713119162,True,True,True,True
FT-125,391.7480786464344,31.05456678505959,1.0,-0.3970588235294118,0.3970588235294118,1039.65820184451,1455.661683126547,0.3138889707393186,375.14680195751055,119.78391601336502,31.929877953999416,0.29607834492627794,1.0,291.3895545745723,62.5033309989622,21.450093188898567,0.2278525152149949,1.0,347.0263448656185,78.01527380110933,22.48108103473232,0.23746828572080303,1.0,22.48108103473232,31.929877953999416,0.23746828572080303,1.0,1.0,1.381364478740217,1.3218142784269102,False,True,True,False
FT-105,41415.38659143461,14.217871991669279,1.0,0.4264705882352941,0.4264705882352941,1222.2792600253013,1300.11549170832,0.14561391110773406,43079.30368149134,4733.557043407208,10.988007323435314,0.10869063121957741,1.0,41117.41663917922,3427.6542600338134,8.336258792989762,0.08356090549491953,1.0,42261.01480804069,4771.840521568528,11.291353374364842,0.11245542879962815,1.0,10.988007323435314,11.291353374364842,0.10869063121957741,1.0,1.0,1.2939445318119949,1.3397098671141585,True,True,True,True
FT-241,75.5960270019099,37.26291079701177,1.0,0.7588235294117647,0.7588235294117647,1083.3479141235127,1473.3785589320328,0.38559906655234155,86.44656523626352,23.88664065657076,27.63168275256185,0.2876345174351453,1.0,74.4061458059146,84.76771056014178,113.92568401709033,0.4926808426024553,1.0,110.25376969547045,33.29881741730168,30.201976321785295,0.28578480923397964,1.0,30.201976321785295,113.92568401709033,0.2876345174351453,1.0,1.0,1.233790477814966,1.3405869017069028,False,True,True,False
FT-065,472.67474828403033,22.821137547296594,1.0,0.31764705882352945,0.31764705882352945,1149.7477835102598,1279.935188473766,0.22560540407223892,435.00772944567206,67.22379266824612,15.453470850715462,0.15552329458409345,1.0,348.4606462533602,60.19778422917391,17.275346549579965,0.16741827631204,1.0,587.6739058988328,116.6840701373275,19.85524097056208,0.19625760627300703,1.0,17.275346549579965,19.85524097056208,0.16741827631204,1.0,1.0,1.3210234296487366,1.3475554105678864,True,True,True,True
FT-136,150.17727872789396,34.407180850691304,1.0,-0.06176470588235294,0.06176470588235294,1040.0009583626654,1386.0494617442523,0.3318507930476493,142.4205887144614,35.682815687949116,25.054534607696002,0.24219921642282485,1.0,169.0156814234013,33.44972102185214,19.790897945177775,0.20642816115766952,1.0,121.59334198082391,27.861967123467046,22.914056534329873,0.24120868904337994,1.0,22.914056534329873,25.054534607696002,0.24120868904337994,1.0,1.0,1.5015752797477135,1.375782913806923,False,True,True,False
FT-176,1196.8338491415998,23.297266690684314,1.0,0.2058823529411765,0.2058823529411765,871.0972026876352,967.075674195556,0.23889439373097912,1358.636934645906,240.13395226612215,17.674622715060146,0.1735187629869162,1.0,834.4079225856998,101.21502376284296,12.130160922872522,0.11918870286230529,1.0,1405.763404801112,261.6324508462792,18.611414264500297,0.18457296889718114,1.0,17.674622715060146,18.611414264500297,0.1735187629869162,1.0,1.0,1.3181196038110188,1.3767640433731794,True,True,True,True
FT-157,4652.940872544712,25.586801003412663,1.0,-0.788235294117647,0.788235294117647,1263.2947685123595,1498.9586431862058,0.2609939753866435,4113.560349663417,853.3785255509065,20.74549667469282,0.2094669889318891,1.0,4212.456875457168,723.239622575468,17.169068882087405,0.17865637858822223,1.0,3884.969042771122,719.3424672483061,18.516041166063037,0.18948322773615114,1.0,18.516041166063037,20.74549667469282,0.18948322773615114,1.0,1.0,1.3818721169355146,1.3773988257687302,True,True,True,True
FT-150,1532.540603133753,15.614811099290122,1.0,-0.5852941176470587,0.5852941176470587,1265.276619401272,1499.076621782328,0.15764798951870426,1449.3280687927497,233.93920670054862,16.141218247115958,0.1634651463716654,1.0,1492.7716031517655,163.66621994921448,10.963915685672045,0.11236801671127536,1.0,1416.5261159363304,161.27256414546858,11.385075243661616,0.1142916715381597,1.0,11.385075243661616,16.141218247115958,0.1142916715381597,1.0,1.0,1.371515845534997,1.3793480084510688,True,True,True,True
FT-127,1045.6410951475164,24.137011790813723,1.0,-0.4705882352941176,0.4705882352941176,1089.3621822179891,1455.0379438086263,0.23215741090187217,821.8988475249354,165.3057017990457,20.11265769465999,0.19625846984922687,1.0,659.4826737906666,96.10015867414523,14.572052078603875,0.15531147768696993,1.0,1221.2068678407175,194.37799755889074,15.916877203825516,0.1679594025102196,1.0,15.916877203825516,20.11265769465999,0.1679594025102196,1.0,1.0,1.5164414150919348,1.3822233672672561,True,True,True,True
FT-016,1490.9994550537526,22.889144110211046,1.0,0.17352941176470588,0.17352941176470588,870.5947196667247,967.2980513141862,0.22977012530847127,1657.2798037242412,283.6899927722588,17.117809082977434,0.16574476687101172,1.0,1007.5215541434601,131.48134765325304,13.049978644380596,0.1304064507052669,1.0,1729.7524478633172,328.5581034303082,18.994515882094042,0.18745358613451046,1.0,17.117809082977434,18.994515882094042,0.16574476687101172,1.0,1.0,1.3371538378105194,1.3862888683977954,True,True,True,True
FT-101,43239.0845382071,13.235657179199036,1.0,0.4558823529411765,0.4558823529411765,1222.7800653728018,1300.021420828775,0.1349972760354536,45557.49099681806,4420.148442554461,9.702352666575042,0.09737031856704914,1.0,43120.127373938994,2960.1820920723767,6.8649660201640685,0.06866352877885512,1.0,44610.31605518913,4225.289315579831,9.471552074082068,0.09736926272243067,1.0,9.471552074082068,9.702352666575042,0.09736926272243067,1.0,1.0,1.397411646547038,1.386446525946167,True,True,True,True
FT-123,1643.2145223507462,22.842368398882446,1.0,-0.4617647058823529,0.4617647058823529,1089.0265712685955,1455.280496632148,0.2241952334378355,1286.2016715521836,256.60000085784606,19.950215159352272,0.19172815120197928,1.0,1046.1914279598236,146.85775512281577,14.037369376004435,0.14505365590391492,1.0,1929.5898358592387,307.75342793660053,15.949162988804776,0.16156088601439764,1.0,15.949162988804776,19.950215159352272,0.16156088601439764,1.0,1.0,1.432198568345952,1.3876826190335212,True,True,True,True
FT-152,1974.5319659039872,23.117827485993438,1.0,-0.4558823529411765,0.4558823529411765,1088.69277311038,1455.33623852908,0.21972243641252687,1546.6056052690012,325.3481191160207,21.036269234226193,0.20326958888373617,1.0,1278.0668562864444,176.15363740923442,13.782818679851152,0.1445684245367744,1.0,2328.5512059533166,351.0407999828976,15.075502702513269,0.1576561288347655,1.0,15.075502702513269,21.036269234226193,0.1576561288347655,1.0,1.0,1.5334697583344545,1.3936815399216806,True,True,True,True
FT-151,155.02049247926035,31.259272974433078,1.0,0.26176470588235295,0.26176470588235295,1088.6951060782058,1438.8803038529063,0.3340683862437121,171.17956573796332,42.46153506733896,24.805259251760127,0.23962255254281423,1.0,138.7429977355953,26.464926109218336,19.074783261965376,0.21232641128580246,1.0,132.93005980478864,31.382141228278098,23.608009561090707,0.24713050608580492,1.0,23.608009561090707,24.805259251760127,0.23962255254281423,1.0,1.0,1.3240960824563845,1.3941441767423912,False,True,True,False
FT-164,1414.7916590414427,34.974729783273844,1.0,-0.7588235294117647,0.7588235294117647,1344.339916651195,1551.2785241791908,0.43084900061791725,1185.3613924679112,349.02286836688785,29.44442687138861,0.5670884284185412,1.0,1273.608569240133,247.499047145468,19.432897447693225,0.2047294826690415,1.0,1113.6068667951038,292.89519970952966,26.301490089807466,0.30847855463313223,1.0,26.301490089807466,29.44442687138861,0.30847855463313223,1.0,1.0,1.329762293461369,1.3966902857487709,False,True,True,False
FT-154,3116.2051270456295,25.642702602362093,1.0,-0.8411764705882352,0.8411764705882352,1263.7971017854209,1498.895810560801,0.26613363271624807,2789.5480939162576,662.2254721710295,23.739525180271354,0.23764129873805623,1.0,2897.8859424874627,513.2025329567398,17.709549069285362,0.18408113738320184,1.0,2663.1373140151636,498.73907816322577,18.727501414911497,0.18946020804999283,1.0,18.727501414911497,23.739525180271354,0.18946020804999283,1.0,1.0,1.369253806700795,1.4046940803845387,True,True,True,True
FT-071,312.004407713369,25.854876458548492,1.0,0.38235294117647056,0.38235294117647056,1150.7515985354444,1279.6007579597722,0.25387955044990546,282.45114734847255,66.81995543728179,23.657172599424083,0.24233869419509074,1.0,221.7498548305289,32.575163558897856,14.690049553264982,0.14679148033614847,1.0,379.0370810139955,66.92717953695194,17.657158861056324,0.180356915029766,1.0,17.657158861056324,23.657172599424083,0.180356915029766,1.0,1.0,1.4642716114183358,1.4076507707398151,True,True,True,True
FT-069,837.8789706795819,22.734782938414142,1.0,0.5323529411764706,0.5323529411764706,1150.7568385346326,1199.4452906242605,0.24666020864337754,963.5270914734795,167.26846340223193,17.36001663912072,0.17788949017574895,1.0,880.6997002504892,111.29518142855169,12.637131748415156,0.12381388931197862,1.0,864.6323305632338,151.8128953212514,17.55808682545543,0.17444343436628443,1.0,17.36001663912072,17.55808682545543,0.17444343436628443,1.0,1.0,1.3096060568963632,1.4139839056679957,True,True,True,True
FT-245,88.51679395190241,36.11925264316823,1.0,0.8058823529411765,0.8058823529411765,1083.02130840629,1473.1330249701502,0.4472327829446076,98.14780253491524,28.042501259829134,28.571705667942236,0.2995754866079673,1.0,72.38617095643076,25.493013967975468,35.21807222448569,0.36243324309929353,1.0,121.74430209413163,37.588003177106906,30.874548155891677,0.31529674118057377,1.0,30.874548155891677,35.21807222448569,0.31529674118057377,1.0,1.0,1.1698714572532367,1.4184503819164838,False,True,True,False
FT-086,247.99778350655694,28.599258094881463,1.0,0.4617647058823529,0.4617647058823529,1252.3224421698592,1252.0492024447103,0.2888251511747733,294.6502447734531,61.3521851001876,20.822037717076828,0.21009023181684144,1.0,236.83616924944528,36.0748597640879,15.23198921786833,0.1512361118627817,1.0,258.70919233858064,53.74691233270888,20.77503000448807,0.2019675154421769,1.0,20.77503000448807,20.822037717076828,0.2019675154421769,1.0,1.0,1.376616933342725,1.4300574552419232,True,True,True,True
FT-091,298.25374900867274,26.79849971125619,1.0,0.4735294117647058,0.4735294117647058,1251.314808260303,1251.9082930023933,0.2693801180078147,355.7487567285468,70.96567132753324,19.948255611665683,0.1988918170283125,1.0,285.4788067253155,44.122300561907764,15.455543291646773,0.16153397099639286,1.0,328.4359116955954,63.91181330858244,19.459447348077422,0.18561572086884975,1.0,19.459447348077422,19.948255611665683,0.18561572086884975,1.0,1.0,1.377145981173194,1.4512785703003586,True,True,True,True
FT-225,56.88954332566981,42.190969315727784,1.0,0.4794117647058824,0.4794117647058824,1077.7143327045933,1186.9637374633428,0.5066915379678796,80.73975326922363,26.92942968746948,33.35337129118332,0.3466794905088786,1.0,65.78898030292068,17.277471594322904,26.26195377215153,0.2715956800775632,1.0,69.38107808751514,81.67884672190607,117.7249604263556,0.7119806126003634,1.0,33.35337129118332,117.7249604263556,0.3466794905088786,1.0,1.0,1.2649686578124295,1.4615561400073738,False,True,True,False
FT-056,2542.5988142845426,23.657985968163377,1.0,0.5117647058823529,0.5117647058823529,1178.2689676482953,1244.9133772041282,0.25187454872060117,2975.833522177238,518.5589672499494,17.425671274465348,0.17187378942963483,1.0,2432.6862108110627,308.0027308638646,12.661013553456852,0.1276400845836562,1.0,2496.4985602396814,487.78693280579375,19.538842944854846,0.18819142098216313,1.0,17.425671274465348,19.538842944854846,0.17187378942963483,1.0,1.0,1.3576513406878352,1.465462241546252,True,True,True,True
FT-171,4101.889504258449,26.314336728144585,1.0,-0.7823529411764706,0.7823529411764706,1262.7926388390904,1499.0089198979422,0.26749430137423286,3602.7528369859992,763.2426028588037,21.184983744189328,0.21420128673819727,1.0,3748.1534837250065,643.9282085836734,17.179878342220977,0.17828072961857513,1.0,3415.4990741055353,624.9167111734417,18.296497747905185,0.18137051004627033,1.0,18.296497747905185,21.184983744189328,0.18137051004627033,1.0,1.0,1.4382171435600228,1.4748500255415893,True,True,True,True
FT-208,1101.7275424408358,22.495292878243585,1.0,0.6941176470588235,0.6941176470588235,1034.3174542653558,1455.555851617301,0.23172772708407366,1252.0742352079556,202.9867249204052,16.212035933052434,0.16750892483500746,1.0,1016.5694461633427,164.97485385097477,16.228586691603805,0.156238074640324,1.0,1309.1332916575625,206.8353400983014,15.799410298122988,0.1571177741744939,1.0,16.212035933052434,16.228586691603805,0.1571177741744939,1.0,1.0,1.387567420349785,1.4748664070731963,True,True,True,True
FT-083,3183.904454987846,16.514409940609106,1.0,0.5088235294117647,0.5088235294117647,1224.8042649657891,1299.2791674223463,0.1680517027859565,3385.404320157776,501.8025239471976,14.822528610816304,0.18110001569744577,1.0,3214.0403074863275,261.340158546479,8.131203517819939,0.08263745543770079,1.0,3361.5122177818866,374.31564402317696,11.13533492584392,0.11375856435619654,1.0,11.13533492584392,14.822528610816304,0.11375856435619654,1.0,1.0,1.483063603437821,1.4772663819821013,True,True,True,True
FT-230,842.0695641777539,25.49495654191033,1.0,0.5117647058823529,0.5117647058823529,975.6477809466752,1174.6013930519584,0.2607855624152654,979.2014684364193,175.1981907538367,17.891945263684267,0.17594824697444475,1.0,875.7135831950275,117.60876363869497,13.430049036078806,0.13230380840374317,1.0,856.2163698280697,155.40450417313585,18.150144011418686,0.18092862573769872,1.0,17.891945263684267,18.150144011418686,0.17594824697444475,1.0,1.0,1.4249404503633312,1.4821719846583221,True,True,True,True
FT-172,44.86338354956652,83.24972942918775,0.8125,0.4690285893335842,0.4690285893335842,886.6352611425967,674.1885161473726,1.8015690023736017,115.37484397483789,198.80115693027244,172.3089280828228,2.055260982721543,0.8518518518518519,189.97026294726518,38.22021388502828,20.11905089358013,0.20230135916244532,1.0,8.819351335494595,10.504444048628276,119.10676476116575,1.2135599258080747,0.7307692307692307,119.10676476116575,172.3089280828228,1.2135599258080747,0.8518518518518519,0.7307692307692307,0.6989504718402945,1.4845323778914243,False,True,True,False
FT-202,157.84461632562994,32.5262290778542,1.0,0.7176470588235294,0.7176470588235294,1033.9870057402484,1386.1519996372765,0.3923562480372845,170.54677305128698,45.58314942362598,26.727652835693455,0.2761820550416628,1.0,206.5152695907976,54.47476663338082,26.378081747330626,0.2620040403370905,1.0,153.77264659607332,40.78064140551163,26.520088135462313,0.23066235851324282,1.0,26.520088135462313,26.727652835693455,0.2620040403370905,1.0,1.0,1.226475150147052,1.497519837986028,False,True,True,False
FT-081,1235.9663304777628,24.344557812894895,1.0,0.18529411764705883,0.18529411764705883,1225.305158770853,1299.0897146683544,0.27551931272005625,1351.9687589957975,310.09536848832835,22.93657796639162,0.3147561074284376,1.0,1293.8914970204712,191.31573603701648,14.786072593998165,0.15896141998788954,1.0,1343.4639346537099,224.76185036206823,16.730024868140777,0.18335144593898112,1.0,16.730024868140777,22.93657796639162,0.18335144593898112,1.0,1.0,1.4551417588897062,1.5026841556065413,True,True,True,True
FT-218,1088.0531608444526,23.288654011415517,1.0,0.36470588235294116,0.36470588235294116,945.1499525476456,1013.699714864276,0.24564522838109018,1457.3761529640421,238.36747581852495,16.35593359571091,0.16329674954407788,1.0,900.6878120200137,122.53662314854476,13.604783090572337,0.1390024678115418,1.0,1085.186787597364,178.21331329189445,16.42236298199539,0.166993503197978,1.0,16.35593359571091,16.42236298199539,0.16329674954407788,1.0,1.0,1.4238657717174035,1.5042873117004965,True,True,True,True
FT-014,2718.919676522759,20.400819397350524,1.0,0.411764705882353,0.411764705882353,843.583190546885,963.0868614775412,0.21366323598141002,3366.352051141575,473.72975359362243,14.072495876745107,0.14140291761213378,1.0,2380.824763724956,251.76628823729231,10.574750904530559,0.10597984825928747,1.0,2927.5962813309816,436.4718112876728,14.908879823048494,0.14900817269989236,1.0,14.072495876745107,14.908879823048494,0.14140291761213378,1.0,1.0,1.4496944661439208,1.5110242390293904,True,True,True,True
FT-249,57.44579966488082,34.88002767461898,1.0,0.44705882352941173,0.44705882352941173,1069.709184439815,1158.0681524278946,0.3652660876945863,85.44935386550566,20.69051146818552,24.213771704759374,0.24129809334514077,1.0,66.3599438332354,14.021452557348102,21.129391840029953,0.22120857094076762,1.0,56.09416772816921,14.578851233039604,25.989959069699214,0.27095720845721294,1.0,24.213771704759374,25.989959069699214,0.24129809334514077,1.0,1.0,1.4405036976442247,1.5137545540906032,False,True,True,False
FT-022,1931.4354881676734,33.51329463872406,1.0,0.3852941176470588,0.3852941176470588,1454.994982263801,1013.8599853437128,0.3862815064400354,2151.957752055407,406.97914964731353,18.91204180279999,0.2174993683250549,1.0,2408.1907841939847,444.142112575329,18.4429786664092,0.2534464585786758,1.0,1868.178556246246,515.3938316659433,27.58803915946506,0.38238242699581654,1.0,18.91204180279999,27.58803915946506,0.2534464585786758,1.0,1.0,1.7720611549072565,1.5241148312203558,False,True,True,False
FT-107,2094.548256323321,32.82765891666285,1.0,0.30882352941176466,0.30882352941176466,1397.901805271989,1341.8330587617788,0.5170952437641811,2456.2627190686503,568.3237431129319,23.137742502089726,0.42386427580432895,1.0,2139.5896893620716,272.83681101452,12.751828650654394,0.12309842958573218,1.0,2261.8157031471037,500.9305246173863,22.147274153256106,0.3383611796860345,1.0,22.147274153256106,23.137742502089726,0.3383611796860345,1.0,1.0,1.4822437600898395,1.528234545830565,False,True,True,False
FT-093,2081.5751006820055,16.099955640436384,1.0,0.33529411764705885,0.33529411764705885,1233.7846794103978,1299.2759946740543,0.1615064272691865,2147.9050547406255,332.0115052875654,15.457457235122439,0.1857706614272096,1.0,2036.8419712830494,165.8746481206181,8.143717110077528,0.0805692196587481,1.0,2110.2057825618335,210.73416753085726,9.986427355678156,0.10551824386770317,1.0,9.986427355678156,15.457457235122439,0.10551824386770317,1.0,1.0,1.6121837236699221,1.530601925783377,True,True,True,True
FT-229,945.172832112783,23.88500134835429,1.0,0.4088235294117647,0.4088235294117647,975.1420796493152,1174.724661855747,0.25459076478578924,1088.976075931535,180.96079605428028,16.617518056995173,0.16523234093079167,1.0,967.2604112422093,109.52501511713166,11.323219046717066,0.1128474561408967,1.0,954.0760835351625,172.59667006380357,18.09045138457687,0.18274549888193048,1.0,16.617518056995173,18.09045138457687,0.16523234093079167,1.0,1.0,1.437338672744806,1.540804683584467,True,True,True,True
FT-137,2048.669283254314,27.892818680279543,1.0,0.02647058823529412,0.02647058823529412,1039.9948749944976,1419.220544280622,0.2695145316222555,2155.3957502627236,521.3173040588439,24.186616494687804,0.23491065598042066,1.0,2089.3228813814176,343.74676876419284,16.45254411500603,0.17357949401801037,1.0,1708.5592877701222,291.9745065619708,17.08893034335572,0.1711747048075066,1.0,17.08893034335572,24.186616494687804,0.17357949401801037,1.0,1.0,1.632215599212413,1.5526864687961992,True,True,True,True
FT-197,262.8986786247949,65.55339497066699,1.0,0.7088235294117646,0.7088235294117646,1230.809519318578,1266.2292769123917,0.8468583658103872,373.3922626024187,176.40342808479863,47.2434610335324,0.5429417491454177,1.0,293.2922715330596,137.19761121810794,46.778461123767855,0.6182623656522949,1.0,180.04649249224278,114.39040383958886,63.533814103330734,0.5412987451367818,1.0,47.2434610335324,63.533814103330734,0.5429417491454177,1.0,1.0,1.3875654648616575,1.5597591585899035,False,True,True,False
FT-175,1152.152451527903,21.92618496162545,1.0,0.3235294117647059,0.3235294117647059,844.0870342319306,962.9974510538884,0.22144875100405248,1416.7259403002945,201.214701063736,14.20279641530992,0.14104796679534182,1.0,996.045056276274,120.94579400387005,12.142602710767655,0.1225801649187221,1.0,1231.6481771727367,191.53310688768488,15.5509593110714,0.15410058103288093,1.0,14.20279641530992,15.5509593110714,0.14104796679534182,1.0,1.0,1.5437935122403144,1.5700244110953463,True,True,True,True
FT-251,18.421988599663745,102.8243990578499,0.6875,0.14031413699623504,0.14031413699623504,887.6472211426521,674.3056333776316,1.5924706235105204,2.583768094911873,4.02607477310478,155.82183172836574,1.0137998193841844,0.37037037037037035,71.61419434694625,19.327524054913024,26.988398363148217,0.2885758066209139,1.0,4.3683905445476015,6.7403838484739405,154.29902110943212,1.174631727470006,0.46153846153846156,154.29902110943212,155.82183172836574,1.0137998193841844,0.46153846153846156,0.37037037037037035,0.6663969629782983,1.570793950701076,False,False,True,False
FT-092,5846.052689965294,23.13000892768107,1.0,0.411764705882353,0.411764705882353,1251.3142498680247,1273.8054275719012,0.24483094351056117,6249.047975504685,958.7852779282655,15.342901537747148,0.1543332540079897,1.0,6070.297175154671,602.4090978247751,9.923881491179644,0.09829540703312853,1.0,6095.667906844218,963.8012055304598,15.811248582756674,0.1611782741413397,1.0,15.342901537747148,15.811248582756674,0.1543332540079897,1.0,1.0,1.5075381192257415,1.5863784191181927,True,True,True,True
FT-075,779.4965717097257,26.974969976873293,1.0,0.34705882352941175,0.34705882352941175,1076.704086348371,1165.0016465840235,0.2897733442814483,810.0869100296438,150.02029141936075,18.51903660730316,0.19025868809289453,1.0,868.8621625716228,115.15851739923558,13.253945488706067,0.12711975128942704,1.0,769.8637517831886,141.35892824546863,18.36155136776443,0.1825205073875006,1.0,18.36155136776443,18.51903660730316,0.1825205073875006,1.0,1.0,1.4691008094354485,1.5876207470004688,True,True,True,True
FT-195,445.76683325359517,27.706092572515264,1.0,0.34411764705882353,0.34411764705882353,1077.708774786632,1164.8240522057135,0.3030313741715149,465.89478718902365,88.6000781091792,19.017185971053205,0.19546197346558045,1.0,518.8456134619379,69.39037172457046,13.373992171114478,0.12932172474186612,1.0,449.01755169964633,87.6416366387773,19.5185324731809,0.1905756682027097,1.0,19.017185971053205,19.5185324731809,0.1905756682027097,1.0,1.0,1.4568975985557369,1.5900842800623916,True,True,True,True
FT-038,423.7966793550052,28.831034671397266,1.0,0.5147058823529412,0.5147058823529412,1025.690862799387,1107.23462155222,0.31584345576736145,639.112857653513,507.7790029695238,79.450600451667,0.3907956941146937,1.0,413.86352127777786,61.064671389588604,14.754784669365213,0.1478343687389213,1.0,438.18500502963366,85.02436825023963,19.403760346497844,0.19852343838383932,1.0,19.403760346497844,79.450600451667,0.19852343838383932,1.0,1.0,1.485847802516327,1.5909630537261161,True,True,True,True
FT-204,813.5810174519474,25.254555837934205,1.0,0.65,0.65,1033.9838278235356,1455.7532616121457,0.27033707938968865,907.3039348830181,149.96438064919698,16.528571615699253,0.16124042264041027,1.0,749.1496770881816,132.98027338281872,17.750828365793417,0.17001278311942886,1.0,958.6451829542445,164.37144081247556,17.14622299628463,0.1696418839343308,1.0,17.14622299628463,17.750828365793417,0.1696418839343308,1.0,1.0,1.4728932338863518,1.5935750837000693,True,True,True,True
FT-025,6458.960169777018,20.089604466565802,1.0,0.3558823529411765,0.3558823529411765,843.080105891697,963.2439588234024,0.21255601098464535,7873.257348434647,1046.0193241224986,13.2857250541984,0.13327296563141153,1.0,5629.686242933677,530.7260280567623,9.427275431609072,0.0943071053017986,1.0,6925.330358568963,1040.09237275369,15.018667975409228,0.1521282760596768,1.0,13.2857250541984,15.018667975409228,0.13327296563141153,1.0,1.0,1.5121195406807941,1.5948921822037354,True,True,True,True
FT-066,1313.9452043548085,22.755407391877235,1.0,0.4764705882352941,0.4764705882352941,1150.2523051364865,1199.6136168612857,0.24940748980475483,1467.200533485155,234.80167129530037,16.003379629201593,0.1634155737458739,1.0,1370.4015117600438,165.70220828686985,12.091507989804683,0.1191002032664035,1.0,1356.8324626653,217.7398718523021,16.047660845656935,0.15578423191971302,1.0,16.003379629201593,16.047660845656935,0.15578423191971302,1.0,1.0,1.4219126159049005,1.6009803221502719,True,True,True,True
FT-020,12358.648357941045,20.14941480624029,1.0,0.3294117647058824,0.3294117647058824,842.5773942493681,963.3235892455184,0.21222935663015052,14888.698178974217,1951.1491746343634,13.104901121508203,0.13236228449213264,1.0,10680.330618977996,1048.9853936481172,9.821656567299177,0.09866428599893257,1.0,13136.357161884442,1887.0794021712497,14.365317408137095,0.1461039584881746,1.0,13.104901121508203,14.365317408137095,0.13236228449213264,1.0,1.0,1.537548022637912,1.6033975043907998,True,True,True,True
FT-145,1057.5379063408889,33.841605460924775,0.9375,-0.3029411764705882,0.3029411764705882,1632.0422244647154,1455.2449080604651,1.7623276686116254,828.2446186621021,231.87857625066016,27.996387905933304,1.3111582028313253,0.9629629629629629,679.7249247934143,196.23195167673936,28.86931823728242,0.71295336553404,1.0,1138.012470849773,491.3327394622425,43.174635783679605,1.0975387745376597,1.0,28.86931823728242,43.174635783679605,1.0975387745376597,1.0,0.9629629629629629,1.172234314048367,1.6057087999957078,False,True,True,False
FT-211,1154.3467780636868,20.583822661778637,1.0,0.25588235294117645,0.25588235294117645,815.8635371185956,1299.0589008403172,0.2029541876776536,1230.49580464696,156.36580071843187,12.7075444002261,0.1272078013816536,1.0,1138.815117306495,132.40987404841184,11.626985981849739,0.11756715197821789,1.0,1198.2501228248218,144.66184369840784,12.072758512001977,0.12614961781851702,1.0,12.072758512001977,12.7075444002261,0.12614961781851702,1.0,1.0,1.7049808990476778,1.6088371188696755,True,True,True,True
FT-021,15129.81390988583,19.919431951294996,1.0,0.3764705882352941,0.3764705882352941,842.0756790432796,963.2789284715732,0.20769392388154725,18071.716392432663,2298.1845121707015,12.717024007376752,0.1288866123188612,1.0,13077.289781468895,1257.139455269022,9.613149790795681,0.09566169917243525,1.0,16024.025702075325,2199.269285200562,13.724823749600748,0.13921544538433372,1.0,12.717024007376752,13.724823749600748,0.1288866123188612,1.0,1.0,1.5663595460494806,1.6114468379983438,True,True,True,True
FT-024,2409.190144825427,23.536422377220443,1.0,0.36176470588235293,0.36176470588235293,944.6434806058312,1013.805438811442,0.2512244285224129,3259.03734561026,513.1179395689405,15.744463323198229,0.15588486315226702,1.0,2029.1148356938502,245.62658099229193,12.105109906620962,0.120766639796172,1.0,2443.620755594765,406.55916484525926,16.637572091104,0.17154718000775093,1.0,15.744463323198229,16.637572091104,0.15588486315226702,1.0,1.0,1.494901534213705,1.611602457366364,True,True,True,True
FT-074,2723.07419807351,25.452340062375875,1.0,0.411764705882353,0.411764705882353,1178.7694962544108,1244.8608776216845,0.2679730975169043,3176.7149157166673,525.7081136411338,16.548797345339814,0.1658777529459467,1.0,2615.767244047789,331.7867625354463,12.684108774984901,0.12339117616812269,1.0,2694.457166686339,485.89443386060935,18.033110337328743,0.1797152167317355,1.0,16.548797345339814,18.033110337328743,0.1658777529459467,1.0,1.0,1.5380175085377623,1.615485456957128,True,True,True,True
FT-061,6713.818483944544,22.831307467547767,1.0,0.3911764705882353,0.3911764705882353,1251.8151979857469,1273.952845715492,0.23887434157225015,7128.4952568354165,1035.096753237507,14.520550494088734,0.14693418015888102,1.0,6915.9913640098885,716.4822976029093,10.359791675440919,0.10246977968560987,1.0,7044.734768935612,1046.6316083602549,14.856934188288687,0.14927422337876747,1.0,14.520550494088734,14.856934188288687,0.14693418015888102,1.0,1.0,1.5723444835540024,1.6257234451095963,True,True,True,True
FT-042,733.8785213958358,27.8406183147788,1.0,0.4558823529411765,0.4558823529411765,1025.1886386302892,1107.3546178711229,0.3012010789549105,905.9908230138992,168.75954844023966,18.62707040219663,0.18519767179162294,1.0,720.041082656171,106.40405823965409,14.777498229286927,0.14393851985228429,1.0,731.9833867398276,142.22855910509824,19.430572015926263,0.19392964750048125,1.0,18.62707040219663,19.430572015926263,0.18519767179162294,1.0,1.0,1.4946321516826204,1.6263761635935141,True,True,True,True
FT-017,3279.401444235843,35.768664711404405,1.0,0.2588235294117647,0.2588235294117647,1684.17080155624,963.0445524548423,1.0507090926889322,4158.224634878452,995.6811876958643,23.94486289519491,0.6449972657301474,1.0,2906.640313672744,608.6504120255352,20.93999760350336,0.45383555241523416,1.0,3154.988139169094,1437.8006797535731,45.57230063413918,1.4934066429033932,1.0,23.94486289519491,45.57230063413918,0.6449972657301474,1.0,1.0,1.4937928384873824,1.6290132509314013,False,True,True,False
FT-233,868.799531497013,24.958592901588325,1.0,0.4588235294117647,0.4588235294117647,1179.778005634704,1244.6512806591527,0.2681526200148095,1036.1497168646174,170.3027150323796,16.43611075315588,0.16437416847067704,1.0,852.9316266516083,103.94259908633498,12.186510130288763,0.12146050770867217,1.0,890.4352367947397,153.16996116685368,17.201695849123492,0.17810884880325786,1.0,16.43611075315588,17.201695849123492,0.16437416847067704,1.0,1.0,1.5185218252922792,1.63135499032286,True,True,True,True
FT-063,1224.2201682630816,23.115102616354637,1.0,0.5323529411764706,0.5323529411764706,1149.7527620467906,1199.627733531914,0.2584796444059898,1403.740408274534,220.23408296643822,15.689089070047368,0.15844014845996326,1.0,1292.5027699691805,162.33883923725097,12.560038013777092,0.12666216545658773,1.0,1273.2629893831324,228.5484794232739,17.949825081619668,0.17467946867666256,1.0,15.689089070047368,17.949825081619668,0.15844014845996326,1.0,1.0,1.4733234359976037,1.631402437566548,True,True,True,True
FT-142,30210.204891719182,16.149635848555363,1.0,0.44705882352941173,0.44705882352941173,1223.287004668688,1299.8451740769872,0.1619450892403199,32271.204773627844,3220.5800368362943,9.979732890134196,0.10154773288504315,1.0,30474.97131943083,2160.8771589333255,7.090661829616066,0.07073366776375559,1.0,31597.492667450668,3067.4587282504244,9.70791815836162,0.0990908015529504,1.0,9.70791815836162,9.979732890134196,0.0990908015529504,1.0,1.0,1.6635529456586287,1.6343100136674393,True,True,True,True
FT-205,305.2181539913414,35.155796499503545,1.0,0.28823529411764703,0.28823529411764703,1559.5079808864853,1385.8104858293589,0.4165410423520588,316.3446276251264,74.65964112560529,23.60072990209848,0.2537392712173635,1.0,363.4794030599575,73.06051471151733,20.10031767865143,0.22738480325913848,1.0,256.30104367463497,85.07108822344587,33.19186180585382,0.4756263044059418,1.0,23.60072990209848,33.19186180585382,0.2537392712173635,1.0,1.0,1.489606323420431,1.6416104623995416,False,True,True,False
FT-104,5841.077577943538,25.353987900338183,1.0,0.43529411764705883,0.43529411764705883,1222.2864765177096,1258.1864030459938,0.2679731183545309,5853.501383078921,963.0088164287031,16.451842297544037,0.16218430379980864,1.0,6874.212608891712,858.8650098495339,12.494012895943925,0.12317459010403277,1.0,5569.991228538283,918.4706883615175,16.48962539933028,0.16459752465366462,1.0,16.451842297544037,16.48962539933028,0.16218430379980864,1.0,1.0,1.5411032662356043,1.652275294687593,True,True,True,True
FT-087,4648.464899478415,24.42782090896069,1.0,0.4323529411764706,0.4323529411764706,1252.3175410114536,1273.902456757388,0.25882896226423474,5024.422428162566,781.6733945939079,15.557477615984736,0.15773777126218688,1.0,4823.307949680164,528.6143461577075,10.95958109398261,0.1082018974720037,1.0,4837.901622392741,748.8788138766353,15.479413851872684,0.15634281381449736,1.0,15.479413851872684,15.557477615984736,0.15634281381449736,1.0,1.0,1.5780843604750214,1.6555219645166324,True,True,True,True
FT-096,1763.1303685987662,18.723993217249536,1.0,0.411764705882353,0.411764705882353,815.5252605920695,1299.3577408679637,0.1867985641148948,1832.9567153591122,204.2628993895234,11.143901963309826,0.11252856296208752,1.0,1701.0860479705066,169.43313145814534,9.960291641935973,0.10168686135712476,1.0,1756.6472987466445,198.62249534190013,11.306908079021662,0.11923302439613034,1.0,11.143901963309826,11.306908079021662,0.11252856296208752,1.0,1.0,1.6802008200445764,1.660010216053589,True,True,True,True
FT-203,1680.5062875592694,30.839490445722536,1.0,0.8676470588235294,0.8676470588235294,1033.9851251097311,1419.5994173936797,0.3530023856064743,1936.3164448047266,402.9926658578325,20.81233503640844,0.19768356451324798,1.0,1982.8918837503913,439.9229907367873,22.18592926532778,0.21138949805861512,1.0,1778.4510582875105,430.1917640905181,24.18912581742645,0.22602942797277423,1.0,22.18592926532778,24.18912581742645,0.21138949805861512,1.0,1.0,1.390047271714625,1.6699144888862552,False,True,True,False
FT-040,780.9964350724675,27.006426558068128,1.0,0.5823529411764706,0.5823529411764706,1024.6859401518484,1107.6170160866384,0.3148180899430225,951.0122073465504,173.75886699485983,18.270939705355623,0.18831046072111868,1.0,753.6994522024642,116.15019627125176,15.410678080213152,0.150496224795471,1.0,789.8296231670555,152.89654677833602,19.358168178758866,0.19919749777504636,1.0,18.270939705355623,19.358168178758866,0.18831046072111868,1.0,1.0,1.4781082414798805,1.6718035139282958,True,True,True,True
FT-015,1659.047450135412,36.81316958280288,1.0,0.3029411764705882,0.3029411764705882,1685.172273985871,962.883033571473,1.349432073680128,2066.3966469167967,570.9602390147946,27.63071842314039,0.8069407118605975,1.0,1411.6876752169676,378.9761476769072,26.845608581137533,0.48398044216786573,1.0,1632.9332523941323,670.5500900217854,41.06414570458746,1.034697073242102,1.0,27.63071842314039,41.06414570458746,0.8069407118605975,1.0,1.0,1.3323276296707616,1.6722815615148294,False,True,True,False
FT-026,2186.174014664266,26.76399938719095,1.0,0.45294117647058824,0.45294117647058824,727.9951742528884,1014.168080213055,0.27929391370364615,2332.567971465339,388.398084428052,16.651093952218552,0.16687286916576644,1.0,2671.7120464734235,315.23190109661533,11.798872618503614,0.11723272224215657,1.0,2137.1074866730532,365.2158486284119,17.089259707613607,0.17522567481292195,1.0,16.651093952218552,17.089259707613607,0.16687286916576644,1.0,1.0,1.6073418037272547,1.6736927644373638,True,True,True,True
FT-030,4808.515277561291,22.733541065410712,1.0,0.35000000000000003,0.35000000000000003,943.6407760815548,1013.782160621757,0.2447436164422679,6436.716473341391,947.1765742155299,14.715213543091435,0.14616508330966188,1.0,4039.8900579451915,458.01570695863455,11.337330976566104,0.11260134283892163,1.0,4813.59268467135,747.4913305086839,15.528761560757589,0.15840440582457374,1.0,14.715213543091435,15.528761560757589,0.14616508330966188,1.0,1.0,1.5449005207324196,1.6744328460700828,True,True,True,True
FT-085,7369.696948499053,16.589174176350777,1.0,0.4823529411764706,0.4823529411764706,1224.2975971419808,1299.5622354883926,0.1696520059906809,7887.307028035314,781.2551840879449,9.905220898729885,0.10029234453856949,1.0,7389.294166797708,609.7532206319643,8.25184661576699,0.08184577712751141,1.0,7728.710039496721,784.4854906443359,10.150277169609277,0.10511599740139647,1.0,9.905220898729885,10.150277169609277,0.10029234453856949,1.0,1.0,1.6747909356042685,1.6915748332659402,True,True,True,True
FT-079,85.72907572772174,117.85172704644359,1.0,0.3764705882352941,0.3764705882352941,1077.2093617269695,1186.4594094558372,0.7049937232291745,89.28751929112467,24.88581714288769,27.871551747055182,0.31387457053121043,1.0,62.65457214130426,23.916145705811246,38.17142929629045,0.41628193334548497,1.0,78.20078760019376,159.04518128584027,203.38053639429864,0.8607456709839802,1.0,38.17142929629045,203.38053639429864,0.41628193334548497,1.0,1.0,3.087432910401827,1.6935486908197837,False,True,True,False
FT-216,113.67280832208658,40.86863928385059,1.0,0.02647058823529412,0.02647058823529412,1089.030599875195,1438.9321184551102,0.4203681081806044,145.3736485493624,36.6395058704649,25.203677720191333,0.2474880099770297,1.0,112.83399593807525,25.311527729248706,22.432536859848515,0.23291874147370992,1.0,104.53449000245071,27.348362124194797,26.162046730752348,0.38173415753333345,1.0,25.203677720191333,26.162046730752348,0.2474880099770297,1.0,1.0,1.621534751299793,1.6985392876997167,False,True,True,False
FT-207,901.5359142400708,23.86976222900561,1.0,0.6705882352941177,0.6705882352941177,1034.6551417461487,1455.50905041845,0.24700579665589129,1012.604362845107,162.12225493419857,16.01042429628536,0.16383853376461022,1.0,818.3109865921647,118.99974711036812,14.54211773520719,0.1383840957575858,1.0,1051.3941265559201,148.17942650847803,14.09361368546668,0.14368256199741222,1.0,14.54211773520719,16.01042429628536,0.14368256199741222,1.0,1.0,1.6414227049761623,1.719107685874504,True,True,True,True
FT-237,554.1358398453309,25.64152815066953,1.0,0.5470588235294118,0.5470588235294118,1034.9881000850553,1455.4754033806444,0.271445882997665,603.5486996706461,102.72488537514357,17.020148569817163,0.17745344050417114,1.0,501.05865293786644,77.21240287965394,15.409853203199471,0.14782218904092312,1.0,646.2470818658154,100.03377165030805,15.47918349766394,0.15737458357119505,1.0,15.47918349766394,17.020148569817163,0.15737458357119505,1.0,1.0,1.6565168411201567,1.7248394044192337,True,True,True,True
FT-057,1750.840616587273,26.13731181686385,1.0,0.4588235294117647,0.4588235294117647,1179.2722036799555,1244.832670568563,0.2807429250055691,2075.2540081895863,336.55944648128775,16.217747087976765,0.1627503094638855,1.0,1686.582621228665,223.76746703879448,13.267506982597821,0.1292956382009373,1.0,1764.3225936962879,309.96360606602855,17.568420150231663,0.16987977667897097,1.0,16.217747087976765,17.568420150231663,0.1627503094638855,1.0,1.0,1.6116487496738114,1.7249916508937042,True,True,True,True
FT-059,2204.6761641712146,25.285845324679034,1.0,0.5647058823529412,0.5647058823529412,1223.7919594716086,1257.9046668683316,0.268634739113561,2272.2351504147978,355.04574660649183,15.625396277391362,0.15463417084273645,1.0,2574.462211524568,305.136128782069,11.852422125915409,0.11961592565528474,1.0,2139.431574062037,333.5811795047838,15.592047137615582,0.15765118225608932,1.0,15.592047137615582,15.625396277391362,0.15463417084273645,1.0,1.0,1.6217142689158057,1.7372275328896325,True,True,True,True
FT-179,1503.3908726355257,27.658142114172705,1.0,0.488235294117647,0.488235294117647,728.4969707230775,1014.0492700576092,0.2947024361632544,1615.3406295622092,272.7589623506292,16.885538403411083,0.16962032927511564,1.0,1819.5447630369238,213.85676363822907,11.75331148662097,0.11589938936961444,1.0,1452.522443325298,254.1393477885932,17.496414527460608,0.1787198362282374,1.0,16.885538403411083,17.496414527460608,0.16962032927511564,1.0,1.0,1.6379781001585016,1.737424030614054,True,True,True,True
FT-082,1595.1659601377976,19.852059171313357,1.0,0.4264705882352941,0.4264705882352941,815.19145248803,1299.3902606601064,0.1958418033366511,1654.4984072155069,187.1044954108484,11.308835027876643,0.11247358403061983,1.0,1577.4993446520975,160.48355175814314,10.173288014489556,0.10451824093719442,1.0,1622.361488071959,224.87574502928473,13.86101350917364,0.13895785110689657,1.0,11.308835027876643,13.86101350917364,0.11247358403061983,1.0,1.0,1.7554468804591623,1.7412248842655809,True,True,True,True
FT-078,750.8839119116299,28.714399427285933,1.0,0.4735294117647058,0.4735294117647058,1077.205728818574,1164.9081193819106,0.3180683629926151,820.718794452905,144.52799610962492,17.609928892388528,0.1821749056385841,1.0,854.605458357555,111.33603502772895,13.027770176158588,0.1284196688399669,1.0,765.2266471390691,145.57378190997628,19.023616395773566,0.18904358341235336,1.0,17.609928892388528,19.023616395773566,0.1821749056385841,1.0,1.0,1.630580089377706,1.745950474779602,True,True,True,True
FT-102,526.3788486510487,27.744936075419808,1.0,0.5117647058823529,0.5117647058823529,1295.3371125063638,1284.5115125888428,0.302114459955327,616.1015013748932,125.68594800544533,20.400201545518772,0.21203111207956277,1.0,607.4260162741509,73.3245843992448,12.071360533584892,0.11715393626020652,1.0,503.6426854460259,91.6148124211813,18.19043839384806,0.1728215092319016,1.0,18.19043839384806,20.400201545518772,0.1728215092319016,1.0,1.0,1.5252483461202917,1.7481299711943428,True,True,True,True
FT-235,102.78573053057019,39.86890807095555,1.0,0.8176470588235294,0.8176470588235294,1034.9871234609543,1385.9991044260155,0.4068118251484805,110.77933844337234,27.823400549547163,25.11605588236095,0.268179462644495,1.0,130.67367706474275,31.09342531256213,23.794712149377094,0.23242965190460693,1.0,97.34169297661317,22.790983141221545,23.413382738984406,0.22038266807796497,1.0,23.794712149377094,25.11605588236095,0.23242965190460693,1.0,1.0,1.6755364730057998,1.7502578600231393,False,True,True,False
FT-027,4362.503124337215,23.57513795659931,1.0,0.3294117647058824,0.3294117647058824,944.1420067072388,1013.8565207197244,0.2542767575911119,5824.448721157228,861.7404194386281,14.79522716559197,0.14515789314486022,1.0,3647.3902651743274,439.72138083963887,12.055780952154906,0.1200180783006753,1.0,4373.4330090644735,714.0307540499331,16.32655061984526,0.16665106444720396,1.0,14.79522716559197,16.32655061984526,0.14515789314486022,1.0,1.0,1.593428589689116,1.7517253253142535,True,True,True,True
FT-113,6569.4645484130915,23.68863738372679,1.0,0.3735294117647059,0.3735294117647059,1295.8340568472142,1325.935889442976,0.24481052462656913,7368.556145887404,1043.1682911556613,14.157024395313625,0.13958183891760204,1.0,6413.690739831438,602.9944686928131,9.401676712411314,0.09240899075156724,1.0,6654.192293825612,993.751515519923,14.934216981406134,0.15079304611666886,1.0,14.157024395313625,14.934216981406134,0.13958183891760204,1.0,1.0,1.6732779941785223,1.753885222640502,True,True,True,True
FT-121,1594.7126915775868,35.15321912293587,1.0,0.26176470588235295,0.26176470588235295,1558.995169070793,1419.464297181073,1.1936719823746633,1781.9293715738143,466.3613252281389,26.17170650351001,0.6795557358789748,1.0,1756.4701773168433,300.0450192892814,17.082272341658857,0.20565422093900682,1.0,1369.314260107025,561.4973029008304,41.00572960197932,1.7849930331126256,0.9615384615384616,26.17170650351001,41.00572960197932,0.6795557358789748,1.0,0.9615384615384616,1.3431764229138559,1.756547578589271,False,True,True,False
FT-234,1102.7792701514434,27.049322323508058,1.0,0.4264705882352941,0.4264705882352941,1297.3438707330265,1326.1469761141468,0.2805014972162492,1277.4338999726838,198.41212180334298,15.532085206724652,0.1581898438575669,1.0,1116.9503595533008,120.77910182883129,10.81329181693752,0.10587120910391087,1.0,1100.586871194896,214.22614713330833,19.464719481954674,0.2161070797720798,1.0,15.532085206724652,19.464719481954674,0.1581898438575669,1.0,1.0,1.7415126149190188,1.773195360561901,True,True,True,True
FT-182,1234.0606693282587,26.545148245211095,1.0,0.4558823529411765,0.4558823529411765,1026.1932694786867,1095.4661545958722,0.2956398132549009,1528.7790478201348,247.4252037503428,16.184497302153837,0.1666024833400257,1.0,1276.0309182981389,134.97663136993327,10.577849598656558,0.1047096398512401,1.0,1169.9526520608183,203.64575367316775,17.406324376841663,0.16773146744089087,1.0,16.184497302153837,17.406324376841663,0.1666024833400257,1.0,1.0,1.6401589588870618,1.7745222479758465,True,True,True,True
FT-194,1353.6654370993724,28.018845689510503,1.0,0.5705882352941177,0.5705882352941177,1106.736189796707,1180.3607794138811,0.2998005722475232,1582.1479570135245,264.1599388799202,16.69628543328847,0.17015767125757697,1.0,1558.2344313893739,163.01152399190025,10.461296497379648,0.10403006147278868,1.0,1326.7369244309625,217.48977891541796,16.39283379474038,0.16856419519391438,1.0,16.39283379474038,16.69628543328847,0.16856419519391438,1.0,1.0,1.7092130647051589,1.7785542884871604,True,True,True,True
FT-076,20958.550936442414,22.692285035381815,1.0,0.5,0.5,1076.70024884105,1212.7298144435597,0.24965538859710895,24068.696871680317,3404.7506715331688,14.145970135754473,0.14033717898327255,1.0,22539.69817974451,2140.6167695095387,9.497095979010144,0.09304473711337702,1.0,20273.604282270328,2976.373678783881,14.681028776845464,0.1430870654367492,1.0,14.145970135754473,14.681028776845464,0.14033717898327255,1.0,1.0,1.6041519116477003,1.7789682706025218,True,True,True,True
FT-103,5605.078776929837,24.177904513444243,1.0,0.40294117647058825,0.40294117647058825,1295.3340005034854,1325.9263584717098,0.25324432053930257,6202.990984655216,889.4379874250322,14.338856684223767,0.14216803721935214,1.0,5454.22489794098,537.364855957592,9.852268030980024,0.09713946408634304,1.0,5655.052521078041,857.1288926092959,15.156868825082082,0.15546443534471166,1.0,14.338856684223767,15.156868825082082,0.14216803721935214,1.0,1.0,1.686180777582206,1.7813027843141,True,True,True,True
FT-224,1065.7368459227166,26.74490267072709,1.0,0.45294117647058824,0.45294117647058824,1253.32364366104,1273.874816816318,0.2846566613841711,1131.8724397203835,195.93611392219677,17.310794666102183,0.17745819277197386,1.0,1123.237617494687,129.79823076354248,11.55572327189767,0.11067955426128849,1.0,1106.2478456732324,171.17416985035055,15.473401419026366,0.15977428097863228,1.0,15.473401419026366,17.310794666102183,0.15977428097863228,1.0,1.0,1.728443665776103,1.7816175396980207,True,True,True,True
FT-051,112.01591078476525,30.525566016960074,1.0,0.5323529411764706,0.5323529411764706,1069.2050570468462,1157.7638325982018,0.37509843427693756,142.9059654289295,29.160715138683127,20.405526844983555,0.20884716129778402,1.0,110.27678130247513,19.12185369597076,17.339872881782753,0.16354172943017536,1.0,99.34108019766782,27.14648683125351,27.326546859806356,0.2569963402982306,1.0,20.405526844983555,27.326546859806356,0.20884716129778402,1.0,1.0,1.495945988008852,1.7960427709242583,False,True,True,False
FT-099,4622.3856251563175,24.795098428896285,1.0,0.4382352941176471,0.4382352941176471,1296.3371434985418,1325.9803275270754,0.25578678044232306,5190.727239524641,737.7696715020783,14.21322364782246,0.14152440819676654,1.0,4511.777704396095,463.7669430354685,10.279029097191394,0.10282670467585556,1.0,4707.913349982537,733.405059130438,15.578134188326947,0.1570806421928748,1.0,14.21322364782246,15.578134188326947,0.14152440819676654,1.0,1.0,1.7445091306007152,1.807368663126246,True,True,True,True
FT-116,201.7508324287772,35.14948209680574,1.0,0.8294117647058824,0.8294117647058824,1034.3156777245072,1386.2288582150331,0.3968435076157633,232.45577151071544,54.69360663450678,23.528607734304238,0.22297776057596694,1.0,278.06689159050256,64.37858849634938,23.152194829133787,0.21948583951199457,1.0,215.69819438386168,48.55754510998705,22.51179953021437,0.2064452131907509,1.0,23.152194829133787,23.528607734304238,0.21948583951199457,1.0,1.0,1.5181922213515175,1.80805972949374,False,True,True,False
FT-140,4226.345298832553,25.980691273135342,1.0,0.4176470588235294,0.4176470588235294,1223.2883799925703,1257.8617538028573,0.2761643012265764,4373.076038022114,681.3888596526523,15.58145464950195,0.15254192521319299,1.0,4981.22967388966,538.1426134919026,10.803408971738632,0.10686188735780922,1.0,4149.313877134342,641.3451806306745,15.456656199593398,0.1539508764304035,1.0,15.456656199593398,15.58145464950195,0.15254192521319299,1.0,1.0,1.6808739831981763,1.810415732203514,True,True,True,True
FT-055,2115.397088771124,26.875296572693966,1.0,0.6029411764705882,0.6029411764705882,1105.7327676680493,1180.3586166880116,0.2962900050129663,2456.03514673785,392.3427347793351,15.974638445237714,0.16325071999139532,1.0,2409.999131777913,261.48962812644004,10.850195947312768,0.10630793602068445,1.0,2086.2547096795543,340.3801422531515,16.315368429075154,0.1683459442656976,1.0,15.974638445237714,16.315368429075154,0.16325071999139532,1.0,1.0,1.6823727600987368,1.8149384273991764,True,True,True,True
FT-058,6336.19264884365,24.599059497481832,1.0,0.5323529411764706,0.5323529411764706,1078.208562682587,1212.3710107648494,0.2657426093794797,7379.501683982271,1059.931039180427,14.363179040680784,0.1463733866992633,1.0,6821.428970727191,641.9514915191722,9.410806654646406,0.09416038081634776,1.0,6094.607934818468,905.7391878528504,14.861319998590334,0.15099736662524574,1.0,14.363179040680784,14.861319998590334,0.1463733866992633,1.0,1.0,1.7126472786985387,1.8155117905789164,True,True,True,True
FT-073,2413.939758906413,25.82156192771801,1.0,0.5441176470588236,0.5441176470588236,1252.8205095026694,1273.817172792693,0.2705468101907281,2605.1013010697498,380.02745007669296,14.587818520555796,0.148824903127596,1.0,2502.8238423307967,275.5844630521342,11.010941257275684,0.10828769011476386,1.0,2537.20069032346,389.39743919561244,15.347522199592708,0.15406162057333983,1.0,14.587818520555796,15.347522199592708,0.148824903127596,1.0,1.0,1.7700769920692851,1.817886687678695,True,True,True,True
FT-077,12873.880216558819,23.385592929483487,1.0,0.5323529411764706,0.5323529411764706,1077.705946239623,1212.451251396288,0.24887112888364857,14994.437712840809,2019.4863345047688,13.468236509964882,0.13666697186451313,1.0,14034.840844937466,1398.3174407231106,9.963187015601251,0.09921262463357636,1.0,12487.949131367654,1749.6939888766426,14.011059546052298,0.1406704930404792,1.0,13.468236509964882,14.011059546052298,0.13666697186451313,1.0,1.0,1.736351519531228,1.8210041935396852,True,True,True,True
FT-198,1210.7867643846014,28.231000409846303,1.0,0.3235294117647059,0.3235294117647059,1398.406658551712,1341.7948458373571,0.2998591183716909,1411.7931053390105,230.31986201850404,16.313995382715646,0.16377007951185044,1.0,1168.5421554421146,170.9220043120999,14.626943796258,0.1625630716157749,1.0,1272.5411853686894,205.51068255546267,16.14962917651429,0.16649875190631655,1.0,16.14962917651429,16.313995382715646,0.16377007951185044,1.0,1.0,1.7480896992298394,1.8309762031347918,True,True,True,True
FT-243,161.443969675892,36.02200067444077,1.0,0.6911764705882353,0.6911764705882353,1083.0184165320716,1438.918439562102,0.44827227382122176,203.45385559039389,41.27843794233053,20.28884526299412,0.20683192917787016,1.0,170.64969018079324,41.52366171149954,24.332690945707363,0.24480925266499842,1.0,176.92273689744272,46.469376127861416,26.26535002948685,0.2454882273931065,1.0,24.332690945707363,26.26535002948685,0.24480925266499842,1.0,1.0,1.4803952737827202,1.8311083790392757,False,True,True,False
FT-122,1103.9610665946047,32.74258010221827,1.0,0.2441176470588235,0.2441176470588235,1558.9975814931574,1455.6854919433242,0.7688930773628404,1178.1918015436613,288.72042165929406,24.505383697375414,0.415923417515344,1.0,945.852278358895,159.966495954928,16.912418526123187,0.2081933314397553,1.0,1074.6091082965984,381.44949747447635,35.496581457338074,0.7362439149689234,1.0,24.505383697375414,35.496581457338074,0.415923417515344,1.0,1.0,1.3361382342168786,1.8486409876993157,False,True,True,False
FT-100,6324.949652582003,26.565693216204167,1.0,0.4764705882352941,0.4764705882352941,1222.7890111601405,1257.9887283196858,0.2831981678556553,6549.730114579365,1021.0287502296198,15.588867516187605,0.15309518159137805,1.0,7453.093771898189,845.6342554408549,11.346083671042889,0.11190472558245647,1.0,6103.745556370345,964.8087257444208,15.806830688370866,0.15814959201329692,1.0,15.588867516187605,15.806830688370866,0.15309518159137805,1.0,1.0,1.7041451656843025,1.849817642279111,True,True,True,True
FT-062,2801.9509681243844,24.038157083770283,1.0,0.5411764705882353,0.5411764705882353,1078.713769906068,1212.1759527027516,0.2578660045685095,3256.250114720501,451.7922009089399,13.87461604581684,0.13911411325948833,1.0,2957.4174327081073,317.83785355916774,10.747142085658284,0.10910270516758697,1.0,2650.8468674825617,371.22544862474786,14.004032189806978,0.14184000928660817,1.0,13.87461604581684,14.004032189806978,0.13911411325948833,1.0,1.0,1.7325277329759134,1.8536293588524286,True,True,True,True
FT-088,16409.012051906455,17.619555757019903,1.0,0.4647058823529412,0.4647058823529412,1223.7937689750972,1299.7601011100369,0.18241853670846966,17521.122370164787,1899.7236305273698,10.842476813941131,0.10969981062797703,1.0,16445.75592270199,1281.4478411459404,7.79196679781079,0.07746805942626925,1.0,17006.907217733016,1624.1758162128883,9.550095119701533,0.09819477671826707,1.0,9.550095119701533,10.842476813941131,0.09819477671826707,1.0,1.0,1.8449612842778222,1.8577213860555022,True,True,True,True
FT-189,1480.560002436654,28.869827033666454,1.0,0.5176470588235293,0.5176470588235293,931.123020951668,1117.150900959169,0.3167488660197441,1851.4315293017266,304.87140027149155,16.466793151485046,0.1676128010425516,1.0,1691.1328081716217,203.6897625086579,12.044575182056713,0.11865281937134513,1.0,1351.1460373244204,268.7063462339109,19.887291144783372,0.19015061051002344,1.0,16.466793151485046,19.887291144783372,0.1676128010425516,1.0,1.0,1.7532148954614668,1.8897653642774668,True,True,True,True
FT-227,656.1784100901457,31.291072567024777,1.0,0.6411764705882352,0.6411764705882352,815.5263145478614,1257.9480855586548,0.3401744460721563,668.0380300302627,115.4091091386501,17.275829211912075,0.1797552775488135,1.0,767.245729291512,100.45569592317935,13.09302770781688,0.12800576909280958,1.0,653.2542738254717,124.79541999936534,19.10365151819988,0.18565836290102303,1.0,17.275829211912075,19.10365151819988,0.1797552775488135,1.0,1.0,1.8112631343593553,1.8924309244816475,False,True,True,False
FT-117,2195.771428348932,30.544954965767307,1.0,0.8735294117647058,0.8735294117647058,1034.319112072233,1419.481401442064,0.3424399831249118,2572.326956354759,429.9381004264666,16.71397562290181,0.16511445324285526,1.0,2570.13465528317,481.31998150937244,18.727422725496925,0.1805334748183766,1.0,2370.748701971744,475.66429916115834,20.06388525133642,0.1885186089258635,1.0,18.727422725496925,20.06388525133642,0.1805334748183766,1.0,1.0,1.631028220673478,1.8968226444952616,False,True,True,False
FT-236,1048.3515380098256,31.41407620073105,1.0,0.8411764705882352,0.8411764705882352,1034.9898999251243,1419.3602150227453,0.3507873511114665,1250.771202744346,216.06689323187516,17.274693625644545,0.1781775799977198,1.0,1262.991263292811,245.48553626259857,19.436835661284015,0.19515875425309243,1.0,1159.4381701553714,217.76123081193074,18.7816165119654,0.18262338572681713,1.0,18.7816165119654,19.436835661284015,0.18262338572681713,1.0,1.0,1.6725970408733326,1.920823829409245,False,True,True,False
FT-112,618.9770275743064,33.51192584837041,1.0,0.4705882352941176,0.4705882352941176,1295.833757739158,1284.7258569724574,0.35496083950282853,743.6891791221483,132.65433355194074,17.837335445505083,0.1840981492445497,1.0,713.3423548265934,93.39326986140809,13.092348888229283,0.12947590558446093,1.0,580.1499596314684,134.84158154061424,23.242539157680945,0.32966948338574104,1.0,17.837335445505083,23.242539157680945,0.1840981492445497,1.0,1.0,1.8787517872696196,1.9281065070964438,False,True,True,False
FT-187,1249.9772435550733,31.0430616431128,1.0,0.5235294117647059,0.5235294117647059,931.6249044842097,1117.1180883829777,0.33457840158742524,1610.9381862511555,268.18180019060657,16.647553734802045,0.1731770803974548,1.0,1449.2496683597599,179.79828538091041,12.406301640517437,0.12216818030937411,1.0,1144.2280918951253,215.98896178600793,18.87639040816387,0.18626026423000225,1.0,16.647553734802045,18.87639040816387,0.1731770803974548,1.0,1.0,1.8647221169928803,1.9320016298897171,False,True,True,False
FT-080,20513.122644763193,23.224701534351595,1.0,0.5088235294117647,0.5088235294117647,1077.2019763854523,1212.614388815364,0.2556673107342475,23565.27406575403,3078.4012590335115,13.063294958691625,0.13231632682864186,1.0,22038.1341772768,1826.1000996285065,8.286092120772057,0.08190456701212619,1.0,19634.724123017422,2751.192249955203,14.011871176382007,0.13968801226957278,1.0,13.063294958691625,14.011871176382007,0.13231632682864186,1.0,1.0,1.777859384465564,1.932243109086251,True,True,True,True
FT-048,1621.3277249601028,29.814346203089585,1.0,0.42352941176470593,0.42352941176470593,995.6559728029966,1136.486651444235,0.32262268992729765,1727.0199550777254,285.4537140604505,16.528686493816657,0.16505329780649045,1.0,1773.7608517519923,221.0640380072473,12.463012575167406,0.1219667463940386,1.0,1572.313153716591,285.88733846997985,18.182595356033698,0.17718054200280098,1.0,16.528686493816657,18.182595356033698,0.16505329780649045,1.0,1.0,1.8037940409991478,1.954657642197144,True,True,True,True
FT-206,164.53404527072766,37.448622989622066,1.0,0.823529411764706,0.823529411764706,1034.6560763743712,1386.0386461317642,0.44289841067385277,188.6426636835975,40.62467727436547,21.53525426385176,0.21941381640744262,1.0,217.8586346343642,49.0157388128015,22.498873590695837,0.22490055207517734,1.0,168.16508787552533,44.587460351738784,26.514100468191188,0.26763242655107533,1.0,22.498873590695837,26.514100468191188,0.22490055207517734,1.0,1.0,1.6644665715668776,1.9693077966558545,False,True,True,False
FT-222,1325.6717036063073,24.016426276297075,1.0,0.55,0.55,1087.6997012829654,1212.1840644998792,0.25985919428748283,1580.3396273371811,203.21595557861878,12.859005245665502,0.13179930937771894,1.0,1481.5420330226773,140.54256362472287,9.486235320504852,0.0939740392382832,1.0,1335.4254791006808,183.96273593758974,13.775589788917033,0.13647418333890704,1.0,12.859005245665502,13.775589788917033,0.13179930937771894,1.0,1.0,1.8676737288362568,1.9716278902703628,True,True,True,True
FT-184,1611.1087325989288,30.896170536013813,1.0,0.5764705882352941,0.5764705882352941,809.0412002643465,1121.032321128916,0.33247364796409296,1826.1220988835794,309.38008384636134,16.941916645962742,0.16838020082641034,1.0,1771.1965456796859,213.24235429548827,12.039451794078438,0.11898696730006253,1.0,1585.4719118587839,286.73354934935156,18.085060177016278,0.19605350118581305,1.0,16.941916645962742,18.085060177016278,0.16838020082641034,1.0,1.0,1.8236526115465437,1.97454122475393,False,True,True,False
FT-213,1048.985504699794,35.83056294639526,1.0,0.3147058823529411,0.3147058823529411,1560.5057355603417,1419.153460464564,1.0470685076334585,1187.2845502730047,304.24090810613296,25.624936165148924,1.3762796654962668,0.9629629629629629,1149.3603627012274,227.14399479550156,19.762643829274538,0.24834050812849423,1.0,924.2119682221944,318.55603142202057,34.467853952896974,0.5286315309700265,1.0,25.624936165148924,34.467853952896974,0.5286315309700265,1.0,0.9629629629629629,1.3982693543301954,1.9807151981875017,False,True,True,False
FT-226,593.9021730506636,30.297895592227906,1.0,0.6176470588235293,0.6176470588235293,815.1931200400654,1257.978548513949,0.3334196350934473,604.3154235139024,113.40610196606305,18.766044610717127,0.1952238374571496,1.0,709.9457105082,104.45714619909813,14.71339915897578,0.14118890954092822,1.0,587.9465842483919,99.82948354685098,16.979345780955445,0.16832289539960898,1.0,16.979345780955445,18.766044610717127,0.16832289539960898,1.0,1.0,1.784397113003668,1.9808335301141797,False,True,True,False
FT-191,1478.790400013751,28.823978187496955,1.0,0.5088235294117647,0.5088235294117647,996.1601236401428,1136.386402786609,0.31654211348657235,1592.8457905950559,253.47909156526862,15.913598985032557,0.15960844212578412,1.0,1632.2827122058422,187.35124927456545,11.477867643490619,0.1133438634158443,1.0,1444.4866983163456,258.4388219631698,17.89139507233947,0.17689468363971816,1.0,15.913598985032557,17.89139507233947,0.15960844212578412,1.0,1.0,1.8112796617916023,1.9832416711210805,True,True,True,True
FT-111,862.7082298883722,26.92453309116219,1.0,0.28529411764705886,0.28529411764705886,1295.8363020697318,1243.8481834080928,0.3096651981281204,941.9337049253423,168.08480994779336,17.84465393571576,0.1871746774567769,1.0,879.3783074108985,112.40360012946724,12.782166580889458,0.12599301554598025,1.0,925.0503848651662,148.35749135826296,16.037774134852913,0.15573089515051108,1.0,16.037774134852913,17.84465393571576,0.15573089515051108,1.0,1.0,1.6788198203047657,1.988463482655992,True,True,True,True
FT-041,4503.070971084091,26.73846505412899,1.0,0.538235294117647,0.538235294117647,1025.1883020825835,1095.323555128769,0.29222666011831,5657.612548011058,803.8518442563457,14.2083226349415,0.14641689000147096,1.0,4693.89387812412,531.021757061976,11.313032864607388,0.1111005998557717,1.0,4284.492865219782,756.12239342919,17.647885460777935,0.17519862850461562,1.0,14.2083226349415,17.647885460777935,0.14641689000147096,1.0,1.0,1.8818875205137178,1.9958534846312757,True,True,True,True
FT-037,2663.60798226518,26.37521340201261,1.0,0.5088235294117647,0.5088235294117647,1025.6898265569414,1095.46453629439,0.2846336475604287,3377.9765544257552,470.8525129470486,13.938892273546047,0.14244435767823652,1.0,2780.6495108802046,308.1995834351413,11.08372638224304,0.10976883221380396,1.0,2552.360774406815,432.99932254356173,16.964659811628454,0.17019969959223247,1.0,13.938892273546047,16.964659811628454,0.14244435767823652,1.0,1.0,1.892202973120673,1.998209351355141,True,True,True,True
FT-196,1255.000236263474,23.657012214084094,1.0,0.4941176470588235,0.4941176470588235,1079.2166019688184,1212.162690219896,0.25278811560369874,1502.0750012535811,205.1084538597918,13.655007485552666,0.13810554488967566,1.0,1384.1578943046043,170.6923984244188,12.331858896067201,0.11999903200544287,1.0,1217.1334868260196,155.32320877279227,12.76139474050923,0.12514601805750783,1.0,12.76139474050923,13.655007485552666,0.12514601805750783,1.0,1.0,1.853795192071622,2.0199453368746902,True,True,True,True
FT-212,1780.0740063048067,31.79740808937526,1.0,0.7941176470588236,0.7941176470588236,1034.6524894655838,1419.5355960078075,0.35226449256505915,2083.2919239496496,352.30232329865345,16.910847646869104,0.16853703308839896,1.0,2094.7735127509095,376.1929790610024,17.958646926319794,0.1734203936098636,1.0,1883.0614438448315,352.02689026201756,18.694392124733312,0.181817829179053,1.0,17.958646926319794,18.694392124733312,0.1734203936098636,1.0,1.0,1.7705904136226258,2.0312748992920255,False,True,True,False
FT-052,1452.0044694646954,29.676781931316693,1.0,0.5088235294117647,0.5088235294117647,1069.2070748658969,1173.5811959662594,0.3283180717538755,1869.4132180029421,309.1881290067762,16.539314370371034,0.16834379884783435,1.0,1574.3380719415977,183.53313358969825,11.657796813828604,0.11293426992150432,1.0,1306.9271333079812,206.5767764919614,15.80629640530089,0.16158385933295294,1.0,15.80629640530089,16.539314370371034,0.16158385933295294,1.0,1.0,1.8775291295539744,2.031874180436284,True,True,True,True
FT-219,1204.5423319275496,29.878328402020703,1.0,0.4647058823529412,0.4647058823529412,809.5439415442514,1120.883361213832,0.31828277849560666,1381.1779666476816,215.85318145742949,15.628194676558325,0.15617004980064855,1.0,1310.72264542162,170.00666032498788,12.970452667375854,0.12876246397497282,1.0,1195.7723020363837,203.71048835418412,17.0358928708474,0.18539797283339615,1.0,15.628194676558325,17.0358928708474,0.15617004980064855,1.0,1.0,1.9118221279158376,2.0380526157345495,True,True,True,True
FT-039,4616.98225209315,26.76978501789307,1.0,0.5617647058823529,0.5617647058823529,1024.6867091528734,1095.258554693031,0.30128529844044977,5860.259538718309,845.8541077096662,14.433731170457035,0.14771934778595244,1.0,4827.889309674254,564.9530345554092,11.7018638646777,0.11266757061383216,1.0,4432.228118590318,743.9422565813716,16.7848368061431,0.17013968576534863,1.0,14.433731170457035,16.7848368061431,0.14771934778595244,1.0,1.0,1.8546683945926243,2.0395791272854567,True,True,True,True
FT-193,1463.187158065923,29.147497999454483,1.0,0.4970588235294117,0.4970588235294117,1068.7043278235449,1173.5611587867572,0.3305019187528442,1875.6918015895387,299.1210446702725,15.947238475787172,0.16140005587894776,1.0,1579.1620944470108,197.29499658343133,12.493650732702006,0.12563768440081793,1.0,1328.449181942947,222.44032102618448,16.74436057093659,0.16839142173095797,1.0,15.947238475787172,16.74436057093659,0.16140005587894776,1.0,1.0,1.8277457908282602,2.0477187380946456,True,True,True,True
FT-250,876.8528885709525,30.903977503542787,1.0,0.5352941176470588,0.5352941176470588,1069.708344315076,1173.681223284433,0.33715310923840525,1146.694247411121,184.64450501502733,16.102331151647196,0.16308088868715337,1.0,947.3096902869554,129.42615238703775,13.662496405777553,0.13534391572659946,1.0,803.9137460068445,142.01323909802102,17.665233341688864,0.18733021680470321,1.0,16.102331151647196,17.665233341688864,0.16308088868715337,1.0,1.0,1.919223819985931,2.067398037578663,False,True,True,False
FT-192,110.81134070934324,36.87563769254062,1.0,0.6617647058823529,0.6617647058823529,1068.7037715820934,1157.8147203461158,0.44311356785207223,140.82468161103216,30.098785199213687,21.3732314924373,0.21278046405855516,1.0,116.24438344070025,18.18095460054112,15.640286491618557,0.15609115763907302,1.0,102.932757607801,25.17865608242844,24.46126643023136,0.24080747166863664,1.0,21.3732314924373,24.46126643023136,0.21278046405855516,1.0,1.0,1.7253187804375156,2.082491782375903,False,True,True,False
FT-248,782.34377599326,28.139995211435327,1.0,0.5558823529411765,0.5558823529411765,925.1361960129163,1057.851741314575,0.3113908101178363,984.2078416156464,141.69105553721553,14.396456677750066,0.1470664258116758,1.0,888.1955762194525,115.93824676920455,13.053233980593358,0.12332502145946893,1.0,705.144738578054,123.53648349224281,17.519308694177866,0.17958844190642687,1.0,14.396456677750066,17.519308694177866,0.1470664258116758,1.0,1.0,1.9546473025495295,2.1173480513940293,True,True,True,True
FT-064,7019.659621602379,27.420531016933356,1.0,0.5852941176470587,0.5852941176470587,1149.7500936653876,1245.272856166862,0.3036883426915638,8222.700502118765,1179.0398734545934,14.338840058090247,0.14231080848712074,1.0,8648.549944427341,997.4514895958982,11.533164472717212,0.11259749739789555,1.0,6280.645541455693,1008.543814332969,16.057964227976704,0.15828231018812086,1.0,14.338840058090247,16.057964227976704,0.14231080848712074,1.0,1.0,1.912325606942116,2.1339794631203146,True,True,True,True
FT-239,132.44490444288004,40.76988434964884,1.0,0.6029411764705882,0.6029411764705882,1083.3425827511437,1439.3248342615186,0.4532071729619668,169.97322735947583,34.67651091859427,20.401160498798454,0.21206024487031422,1.0,143.68484010810724,24.437557514895392,17.00774938852894,0.16948659588534154,1.0,144.30933844947086,42.60418718740518,29.522820660925422,0.3199124138180536,1.0,20.401160498798454,29.522820660925422,0.21206024487031422,1.0,1.0,1.998410058685143,2.1371623579852335,False,True,True,False
FT-054,2203.0198745656503,29.086759741250738,1.0,0.5470588235294118,0.5470588235294118,1106.2349666883931,1180.403233758563,0.3193309510265341,2565.7053659742064,370.65888177097634,14.446665883252578,0.14743987954555587,1.0,2490.7964301416414,253.9603708573037,10.195950491339914,0.10078137878333943,1.0,2109.5967585999774,351.5692028680602,16.665232416330465,0.17276519575958293,1.0,14.446665883252578,16.665232416330465,0.14743987954555587,1.0,1.0,2.0133891083457405,2.1658383878960468,True,True,True,True
FT-173,2140.430821994222,260.0470539847035,0.75,-0.09778046040608337,0.09778046040608337,887.6456265913164,639.9073997418709,3.0667919402970805,792.2838363274495,3130.176502669965,395.08271646428847,1.4036107145523358,0.9629629629629629,252.81409405440627,84.30801703208176,33.3478310801527,0.35973519943029325,1.0,12.772048581389658,19.39467434123787,151.85249427799812,1.7203337058412174,0.38461538461538464,151.85249427799812,395.08271646428847,1.4036107145523358,0.9629629629629629,0.38461538461538464,1.7124977447432135,2.184930556956596,False,False,True,False
FT-223,1336.0577052730841,25.57620621249437,1.0,0.611764705882353,0.611764705882353,1088.2006657983875,1212.1002271969037,0.28399399153196214,1566.8063654769285,203.18424430813133,12.968050729503068,0.12924646351537097,1.0,1457.0960924867836,150.09133649120218,10.30071642255561,0.10070386519347074,1.0,1324.7064546953684,177.1261779807841,13.370975686950684,0.13318818730240645,1.0,12.968050729503068,13.370975686950684,0.12924646351537097,1.0,1.0,1.9722475448300814,2.197305704215167,True,True,True,True
FT-034,1030.2700246106833,28.728133654055515,1.0,0.4941176470588235,0.4941176470588235,924.6284568794596,1071.194488617538,0.3143997203931661,1322.4495019727296,189.72741302341626,14.346665996727689,0.14218883954643807,1.0,1237.3042656549942,136.23454282775054,11.010593482083552,0.10929280040841755,1.0,965.2442927376534,160.50590859898264,16.628527079269354,0.16782740831807186,1.0,14.346665996727689,16.628527079269354,0.14218883954643807,1.0,1.0,2.0024257664190466,2.2111420375611472,True,True,True,True
FT-070,4812.123898037988,27.757368417379645,1.0,0.5147058823529412,0.5147058823529412,1150.753810446541,1245.2881515322938,0.31210388629472724,5680.02297054193,794.1014545351698,13.980602871741638,0.14087967903614654,1.0,5922.174753797512,671.8698078586966,11.344984499619324,0.11151759814073475,1.0,4327.332987567539,685.7080635380767,15.845974079372242,0.1569836826101603,1.0,13.980602871741638,15.845974079372242,0.14087967903614654,1.0,1.0,1.9854199902555247,2.215393223707221,True,True,True,True
FT-232,1013.021817549967,28.0504244131573,1.0,0.5264705882352941,0.5264705882352941,1151.7625057823254,1245.2407794332655,0.3111476566827239,1236.67040761456,175.3357399150024,14.178049287458187,0.13933391153114544,1.0,1280.991860501545,153.6803555445121,11.99698142378062,0.11792960741224162,1.0,923.3008881384958,161.59604168436906,17.501991361685935,0.16931488513490545,1.0,14.178049287458187,17.501991361685935,0.13933391153114544,1.0,1.0,1.97844032309653,2.2331078863968647,True,True,True,True
FT-067,7489.672904397807,27.84769747123257,1.0,0.5529411764705882,0.5529411764705882,1150.251969729645,1245.3086840060384,0.3110312292744166,8693.720973351676,1205.6544441426283,13.868106048471606,0.13853576841706491,1.0,9156.506198805662,1051.7108907050158,11.485940902242787,0.11414952619495007,1.0,6613.405117642587,945.3827076976552,14.29494626263945,0.14393993689314377,1.0,13.868106048471606,14.29494626263945,0.13853576841706491,1.0,1.0,2.008038976187498,2.2451330283024844,True,True,True,True
FT-036,2403.959721174465,27.790374715900676,1.0,0.5294117647058824,0.5294117647058824,924.1258325459404,1071.4321892574976,0.30854459232511044,3015.459451380102,409.15017577165975,13.568419087326866,0.13699706808027676,1.0,2798.249193064306,302.8907394371992,10.82429471213426,0.10665985485896391,1.0,2224.1299899389287,358.29222190097795,16.109320207080888,0.16503021798217418,1.0,13.568419087326866,16.109320207080888,0.13699706808027676,1.0,1.0,2.0481660049738113,2.2521985079586613,True,True,True,True
FT-044,8629.153049278148,26.746543660909595,1.0,0.5823529411764706,0.5823529411764706,923.1212556300736,1057.6205174785268,0.3003560788663235,10887.842401474969,1398.3701406270277,12.843409089367343,0.13208890527660305,1.0,9946.427838055935,1088.6759177985998,10.945396030856696,0.10857071564728461,1.0,8080.942700648376,1237.438276710791,15.313043571160389,0.15382778114142023,1.0,12.843409089367343,15.313043571160389,0.13208890527660305,1.0,1.0,2.0825112300636923,2.2738933163035733,True,True,True,True
FT-032,4336.593666881878,28.140022417127362,1.0,0.5088235294117647,0.5088235294117647,923.6242483918668,1071.5163479969956,0.3166016455832766,5471.033296250808,762.1422931731681,13.930499997056302,0.1391479599071635,1.0,5127.680455951312,520.4160844420444,10.14915201742021,0.0999837293693759,1.0,4107.125133726587,623.0336793082789,15.169581130900957,0.15210512075046323,1.0,13.930499997056302,15.169581130900957,0.1391479599071635,1.0,1.0,2.0200296057624434,2.2752877282175485,True,True,True,True
FT-084,937.335373035028,30.639042368836495,1.0,0.26176470588235295,0.26176470588235295,1224.2978759761004,1257.7376008872648,0.35052597554881915,976.7642016839395,166.92728924696652,17.089824643366764,0.17435815955595446,1.0,1121.976197511705,138.91574071399768,12.381344722114608,0.1208105296218209,1.0,920.0735806264433,140.05799036873228,15.22247712768495,0.15349714602166956,1.0,15.22247712768495,17.089824643366764,0.15349714602166956,1.0,1.0,2.012750100515087,2.2835993022263397,False,True,True,False
FT-033,1829.7184043410064,28.869960758880808,1.0,0.5794117647058823,0.5794117647058823,924.6276314779026,1057.7246344641724,0.32570433796367115,2379.581924690336,322.4165743274361,13.549294982537461,0.14192381777507623,1.0,2139.4680840240308,223.16571675875394,10.430897213433138,0.10275487922584804,1.0,1714.9553026320805,264.77437808027145,15.439141630916026,0.15372343512716308,1.0,13.549294982537461,15.439141630916026,0.14192381777507623,1.0,1.0,2.1307352741296763,2.2949237349283687,True,True,True,True
FT-035,4211.875180568749,27.873518874204404,1.0,0.6294117647058822,0.6294117647058822,924.1258165788284,1057.66078474932,0.31171312702133325,5367.388832727418,701.5943401768532,13.071427504914725,0.1348240299406671,1.0,4869.594483956336,527.6910259073154,10.836447011057667,0.10702676398633063,1.0,3906.657411279688,609.9403436119093,15.612844419140238,0.1551586877931396,1.0,13.071427504914725,15.612844419140238,0.1348240299406671,1.0,1.0,2.1324005250171982,2.311999775993277,True,True,True,True
FT-031,7579.413047277645,27.13704222554384,1.0,0.5823529411764706,0.5823529411764706,923.62339275087,1057.5964004037503,0.30343103571664115,9591.620727260302,1216.1852641840148,12.679663831238658,0.130651761301701,1.0,8769.327128838859,906.9322926252433,10.342096711647358,0.10239515652631567,1.0,7060.0500622814325,1071.4244346200549,15.175875881449876,0.1510819429558106,1.0,12.679663831238658,15.175875881449876,0.130651761301701,1.0,1.0,2.1402020263886494,2.3224412184995984,True,True,True,True
FT-128,2183.8080818278986,35.824292031752236,1.0,0.28529411764705886,0.28529411764705886,1559.5001805325464,1419.26972000283,0.8385948832448418,2449.2470001450074,575.3051974390612,23.489064083981745,0.36104539833813765,1.0,2348.7569163587227,429.08596729766737,18.26864092700062,0.19968708415307437,1.0,1916.9367824028009,640.0545908518363,33.38944699311129,1.5392345848496949,0.9615384615384616,23.489064083981745,33.38944699311129,0.36104539833813765,1.0,0.9615384615384616,1.5251476986766126,2.3226854215697674,False,True,True,False
FT-045,4964.597455987662,28.262187847124576,1.0,0.5117647058823529,0.5117647058823529,923.1220202532094,1071.5859281352352,0.31498390779878094,6264.066114147568,841.6832718802143,13.436692023081447,0.1332425374285835,1.0,5801.103306062147,608.0658542767477,10.481900117884809,0.10323583676449234,1.0,4665.739113876931,731.2515001851302,15.672790148301006,0.15789822818312932,1.0,13.436692023081447,15.672790148301006,0.1332425374285835,1.0,1.0,2.103359055828325,2.363989112467997,True,True,True,True
FT-019,4116.246071318711,33.44674500157909,1.0,0.25588235294117645,0.25588235294117645,1683.166364634833,963.0453163090324,1.0611235329790651,5168.905155116901,1137.129381585569,21.99942439376896,0.4477758405461799,1.0,3509.059576510881,867.3019898627156,24.7160805039705,0.41844634474788545,1.0,4015.047956829381,1699.6107187701557,42.33101913214285,1.049121894859547,1.0,24.7160805039705,42.33101913214285,0.4477758405461799,1.0,1.0,1.3532382286991684,2.3697650406612984,False,True,True,False
FT-043,3118.8095264918284,31.94980221848458,1.0,0.5617647058823529,0.5617647058823529,1005.172041771252,1156.3855354906916,0.3793356594662203,3876.9053153964496,617.4300280197714,15.925847494076173,0.1593609127292718,1.0,4275.790561019544,477.8174094852651,11.174948881764957,0.108745086451523,1.0,2479.727802149605,391.10122052108386,15.77194158899414,0.1613811788650551,1.0,15.77194158899414,15.925847494076173,0.1593609127292718,1.0,1.0,2.0257367831478374,2.3803557156493556,False,True,True,False
FT-114,2379.22740320011,28.005355334905033,1.0,0.5676470588235295,0.5676470588235295,1151.256806499619,1245.2813146104488,0.3107024174035839,2848.02463209496,361.81326244440453,12.704007485295541,0.12919692484849615,1.0,2963.276355013792,334.4810583564143,11.287541838292618,0.11213147647493502,1.0,2134.4398651518786,329.74216340837523,15.44865089862403,0.1556323039452427,1.0,12.704007485295541,15.44865089862403,0.12919692484849615,1.0,1.0,2.2044504749639264,2.404874711746674,True,True,True,True
FT-167,1510.4056100065832,22.117507787534358,1.0,-0.5970588235294118,0.5970588235294118,1265.77527779671,1499.0848223250168,0.3161078412050037,1444.4191985415803,273.45953525759,18.93214487412658,0.25141500817166335,1.0,1514.7214648542426,165.5400592244962,10.92874584968172,0.11214390400030463,1.0,1457.9028162015684,176.75848660577049,12.124161133476541,0.1281531360530247,1.0,12.124161133476541,18.93214487412658,0.1281531360530247,1.0,1.0,1.8242505641454037,2.4666414801914076,True,True,True,True
FT-221,1428.0417919737756,34.042216482524715,1.0,0.5911764705882353,0.5911764705882353,1005.6756059707232,1156.2008704897985,0.3966460218785764,1783.22943632542,289.78292360659947,16.25045648661652,0.15954560981097,1.0,1972.818486794425,231.98440999501298,11.7590346779423,0.11778316712104801,1.0,1122.3541286146215,179.02596705451697,15.950934067084313,0.16569279344901772,1.0,15.950934067084313,16.25045648661652,0.15954560981097,1.0,1.0,2.1341832609522737,2.4860980026246007,False,True,True,False
FT-132,183.03596224489058,181.94243512525176,1.0,-0.12941176470588234,0.12941176470588234,1088.3549855574815,1438.8098367577045,0.803763598109783,117.60280716636966,35.56276832514589,30.239727419802282,0.32175343628870207,1.0,92.46158035664156,20.396997763991312,22.05997094719373,0.22520260824693508,1.0,90.0489988654422,30.53243747210083,33.90647076235088,0.39862042015760873,1.0,30.239727419802282,33.90647076235088,0.32175343628870207,1.0,1.0,6.016669151789642,2.4980730816145322,False,True,True,False
FT-050,5273.6830605610785,32.14419478695363,1.0,0.5882352941176471,0.5882352941176471,1004.669623849698,1156.3925786840523,0.37789434139927675,6581.1352570758845,976.5986958541667,14.839365211407111,0.15043863148764797,1.0,7323.356623935527,729.2654193675152,9.958076013722959,0.10005322542496986,1.0,4250.654481007634,631.9083081377187,14.866141460359827,0.1510288355989158,1.0,14.839365211407111,14.866141460359827,0.15043863148764797,1.0,1.0,2.166143519551914,2.5119501398170088,False,True,True,False
FT-046,5583.736964527925,32.02140540109251,1.0,0.6,0.6,1004.1671268211272,1156.358765017695,0.37947761380415934,6917.041036523019,1029.6813517947776,14.88615357864591,0.14775407658157283,1.0,7712.581031773899,751.1978769822063,9.739902555155783,0.09684001659269682,1.0,4497.696904549683,660.8527451943933,14.693136492276794,0.14963272383291795,1.0,14.693136492276794,14.88615357864591,0.14775407658157283,1.0,1.0,2.17934444547793,2.56830554245084,False,True,True,False
FT-047,182.78808546698897,52.43701123466053,1.0,0.5352941176470588,0.5352941176470588,995.65692637966,1120.1782129636545,0.5715361984022241,208.39953879709918,44.56602322066169,21.384895320738604,0.21662299384317524,1.0,137.89933185239082,23.060450880579097,16.722670495070485,0.17119236164702095,1.0,149.29900214579092,35.157614459584295,23.548459101724454,0.22317054053957305,1.0,21.384895320738604,23.548459101724454,0.21662299384317524,1.0,1.0,2.4520583546559735,2.6383911895151315,False,True,True,False
FT-190,160.33641639661067,52.98803412092796,1.0,0.4147058823529412,0.4147058823529412,996.1598538662096,1120.0790796707618,0.6595869009212898,176.69602992283015,35.70565684970565,20.20739054821982,0.21398212568906444,1.0,128.18565729961352,20.615683862484047,16.08267593799373,0.15932937255094232,1.0,135.2047540661623,32.374012577711,23.944433612052435,0.23840551703937987,1.0,20.20739054821982,23.944433612052435,0.21398212568906444,1.0,1.0,2.622210621133166,3.0824392401808822,False,True,True,False
FT-126,113.85418146069082,147.67948663123295,1.0,0.1764705882352941,0.1764705882352941,1089.3589349095078,1439.0541834189,0.8101362774811199,83.07953397816863,22.35354422111101,26.90619837490302,0.2626624619802582,1.0,66.70065480286488,14.095403950509496,21.132332196990788,0.22275879297076168,1.0,94.399882418813,175.05466633139278,185.43949615821347,0.6338249300021165,1.0,26.90619837490302,185.43949615821347,0.2626624619802582,1.0,1.0,5.488679023826057,3.084324540984505,False,True,True,False
FT-156,1732.6610796448417,38.268817924731124,1.0,0.2735294117647059,0.2735294117647059,1560.001369125993,1419.237135066407,1.4041038161056512,1988.40151440123,464.98202001143517,23.38471463855507,0.43148637839489484,1.0,1868.9123200001716,482.22812415002306,25.802608233112764,0.444972533041154,1.0,1479.5864305815498,630.004312421414,42.57975738354072,1.728392181291407,0.9615384615384616,25.802608233112764,42.57975738354072,0.444972533041154,1.0,0.9615384615384616,1.483137579697092,3.1554842419358735,False,True,True,False
FT-109,2167.6842351855566,33.66733127297364,1.0,0.3529411764705882,0.3529411764705882,1396.899301617407,1341.7972869078426,0.5486092752104066,2553.355198638648,457.2919255846127,17.909452074212922,0.19324292819551983,1.0,2248.06669725239,266.94138903778975,11.874264645441713,0.11778108624112588,1.0,2349.4589729078234,396.3375235881907,16.869310260721896,0.17221409130284,1.0,16.869310260721896,17.909452074212922,0.17221409130284,1.0,1.0,1.9957740270723374,3.185623609891901,False,True,True,False
FT-199,200.3895760191465,167.92148376434199,1.0,0.11470588235294117,0.11470588235294117,1223.794329633322,1273.4466422499067,0.8238986501167961,166.9571488678886,33.31550328812195,19.954523369636693,0.20650308996422084,1.0,145.27692101802444,34.59737047023646,23.814774038296136,0.23218931398217088,1.0,381.8564351011379,768.0265468837157,201.12965928682002,1.1423191432662736,1.0,23.814774038296136,201.12965928682002,0.23218931398217088,1.0,1.0,7.051147472334202,3.5483917669874367,False,True,True,False
FT-246,191.2102077544888,108.47109839140545,0.75,0.35260226631284614,0.35260226631284614,886.640677379445,640.7806068187616,2.6106435495104487,468.88342204777,180.03436497661866,38.39640228488963,0.515262569482088,1.0,628.632635942715,131.30052024271228,20.886685280952744,0.21364623179854728,1.0,19.486687229670956,52.87094795849828,271.3182971295169,1.7129874154009022,0.4230769230769231,38.39640228488963,271.3182971295169,0.515262569482088,1.0,0.4230769230769231,2.8250328660113224,5.066627587822876,False,False,True,False
