task_name,positive_class,negative_class,feature,n_positive,n_negative,median_transformed_positive,median_transformed_negative,median_diff_transformed,mean_diff_transformed,raw_median_positive,raw_median_negative,raw_log2_fc,u_statistic,p_value,auc_positive_class,auc_abs,rank_biserial,cliffs_delta,positive_detection_rate_raw,negative_detection_rate_raw,detection_rate_diff_raw,q_value,neglog10_q,effect_direction,significant_fdr_05,qc_mean_intensity,qc_std_intensity,qc_cv_pct,qc_log_sd,qc_detection_rate,Dunn_mean_intensity,Dunn_std_intensity,Dunn_cv_pct,Dunn_log_sd,Dunn_detection_rate,French_mean_intensity,French_std_intensity,French_cv_pct,French_log_sd,French_detection_rate,LMU_mean_intensity,LMU_std_intensity,LMU_cv_pct,LMU_log_sd,LMU_detection_rate,bio_cv_pct_median,bio_cv_pct_max,bio_log_sd_median,bio_detection_rate_median,bio_detection_rate_min,d_ratio_cv,d_ratio_log,mz,mz max,mz min,mz std,rt,rt end,rt max,rt min,rt start,rt std,detection_rate__Dunn,detection_rate__French,detection_rate__LMU,blank_mean_intensity,blank_detection_rate,qc_mean_intensity_cont,bio_mean_intensity,blank_to_qc_ratio,blank_to_bio_ratio,blank_dominant_flag,carryover_spearman_rho,n_blank_contexts,bio_detection_rate_max,passes_mz_500,passes_qc_cv_30,passes_detection_70_any_class,passes_detection_70_all_classes,blank_dominant_veto,potential_carryover_flag,retained_main,retained_high_confidence,exclusion_reason,redundancy_cluster_id,redundancy_cluster_size,candidate_isomer_neighbor_count,candidate_isotope_or_adduct_neighbor_count,high_corr_near_duplicate_neighbor_count,high_corr_other_neighbor_count,redundancy_representative_flag,redundancy_role,rank_within_task,feature_space
French_vs_Dunn,French,Dunn,FT-046,26,26,8.93113251749807,8.782871169890429,0.1482613476076402,0.16515957832930006,7677.886994371379,6809.890684614646,0.17305373968500407,676.0,6.547526643655622e-10,1.0,1.0,1.0,1.0,1.0,1.0,0.0,6.788751309474513e-09,8.16821010042874,French > Dunn,True,6610.777976966396,882.4985701415895,13.349390543993996,0.1369811487358044,1.0,6917.041036523019,1029.6813517947776,14.88615357864591,0.1477540765815728,1.0,7712.581031773899,751.1978769822063,9.739902555155783,0.0968400165926968,1.0,4497.696904549683,660.8527451943933,14.693136492276794,0.1496327238329179,1.0,14.693136492276794,14.88615357864591,0.1477540765815728,1.0,1.0,0.9085460106499986,0.9270887944684166,1004.1671268211272,1004.2261217749128,1004.1153691754812,0.0293680548858246,1156.358765017695,1178.0238250061675,1158.835709078045,1153.6774251130128,1138.0932935777616,1.2480085387190163,1.0,1.0,1.0,0.0,0.0,5583.736964527925,6382.624485196641,0.0001790594626661,0.0001566508184055,False,,5,1.0,True,True,True,True,False,False,True,True,retained,RG-017,8,0,7,0,2,True,representative,1,main
French_vs_Dunn,French,Dunn,FT-050,26,26,8.880328698130135,8.731302385403577,0.14902631272655853,0.16341460891104198,7251.6257165486195,6620.229924845053,0.13140416885507183,676.0,6.547526643655622e-10,1.0,1.0,1.0,1.0,1.0,1.0,0.0,6.788751309474513e-09,8.16821010042874,French > Dunn,True,6227.326577897577,889.3394364031454,14.28123971464168,0.1481178661026975,1.0,6581.1352570758845,976.5986958541667,14.839365211407111,0.1504386314876479,1.0,7323.356623935527,729.2654193675152,9.95807601372296,0.1000532254249698,1.0,4250.654481007634,631.9083081377187,14.866141460359827,0.1510288355989158,1.0,14.839365211407111,14.866141460359827,0.1504386314876479,1.0,1.0,0.9623888563416176,0.9845733415546192,1004.669623849698,1004.7279192531678,1004.6184698161242,0.0294407585087183,1156.3925786840523,1179.3259458956536,1158.8210746310124,1153.76426801242,1138.7118691983476,1.295796204185867,1.0,1.0,1.0,0.0,0.0,5273.683060561079,6058.416970500901,0.0001895848506002,0.0001650323793309,False,,5,1.0,True,True,True,True,False,False,True,True,retained,RG-017,8,0,6,0,3,False,member,2,main
French_vs_Dunn,French,Dunn,FT-104,26,26,8.839293339997187,8.60011712239951,0.23917621759767727,0.21503340420026973,6856.835408337648,5664.068115321881,0.27565997650392804,676.0,6.547526643655622e-10,1.0,1.0,1.0,1.0,1.0,1.0,0.0,6.788751309474513e-09,8.16821010042874,French > Dunn,True,6443.590725590807,1142.3481011806075,17.728439775725615,0.1761004057893776,1.0,5853.501383078921,963.0088164287032,16.451842297544037,0.1621843037998086,1.0,6874.212608891712,858.8650098495339,12.494012895943923,0.1231745901040327,1.0,5569.991228538283,918.4706883615175,16.48962539933028,0.1645975246536646,1.0,16.451842297544037,16.48962539933028,0.1621843037998086,1.0,1.0,1.0775960196489454,1.085804246548706,1222.2864765177096,1222.3567526513016,1222.2240203008816,0.0349509373536697,1258.1864030459938,1275.171996525355,1260.155835858117,1255.5775495992905,1245.5816309792672,1.2015301710468655,1.0,1.0,1.0,0.0,0.0,5841.077577943538,6096.12452045963,0.0001711719823398,0.000164011739738,False,,5,1.0,True,True,True,True,False,False,True,False,retained,RG-009,24,1,8,0,0,False,member,3,main
French_vs_Dunn,French,Dunn,FT-140,26,26,8.500304550528462,8.318534850232627,0.18176970029583472,0.1840731621938705,4919.0533129350915,4335.825233193567,0.18203464229483504,676.0,6.547526643655622e-10,1.0,1.0,1.0,1.0,1.0,1.0,0.0,6.788751309474513e-09,8.16821010042874,French > Dunn,True,4713.124470346388,810.2771430825376,17.191931767993108,0.1661272837028019,1.0,4373.076038022114,681.3888596526523,15.58145464950195,0.1525419252131929,1.0,4981.22967388966,538.1426134919026,10.803408971738632,0.1068618873578092,1.0,4149.313877134342,641.3451806306745,15.456656199593398,0.1539508764304035,1.0,15.456656199593398,15.58145464950195,0.1525419252131929,1.0,1.0,1.11226720359125,1.089059833685867,1223.2883799925703,1223.3621200936468,1223.2287480892585,0.0350061702112344,1257.8617538028573,1269.8666980654696,1259.7405650826165,1255.3353370369402,1245.8577879085085,1.1917479948660925,1.0,1.0,1.0,0.0,0.0,4226.345298832553,4499.584624724318,0.0002365550787337,0.0002221933556157,False,,5,1.0,True,True,True,True,False,False,True,False,retained,RG-009,24,1,11,0,0,False,member,4,main
French_vs_Dunn,French,Dunn,FT-100,26,26,8.904628862300825,8.724507175077068,0.18012168722375677,0.18632530850219275,7356.657801736969,6362.087802406168,0.20951955032189734,676.0,6.547526643655622e-10,1.0,1.0,1.0,1.0,1.0,1.0,0.0,6.788751309474513e-09,8.16821010042874,French > Dunn,True,7089.887151734502,1229.0652157137365,17.33546937221776,0.1684172121208682,1.0,6549.730114579365,1021.0287502296198,15.588867516187603,0.153095181591378,1.0,7453.093771898189,845.6342554408549,11.346083671042887,0.1119047255824564,1.0,6103.745556370345,964.8087257444208,15.806830688370866,0.1581495920132969,1.0,15.588867516187603,15.806830688370866,0.153095181591378,1.0,1.0,1.112041612658294,1.1000817293543943,1222.7890111601405,1222.8592513192573,1222.7275498290628,0.0358995751017506,1257.9887283196858,1272.9182917572732,1259.965824885959,1255.53693243177,1245.8706452125716,1.2070912617475065,1.0,1.0,1.0,0.0,0.0,6324.949652582003,6700.259944666136,0.0001580790323855,0.0001492256692408,False,,5,1.0,True,True,True,True,False,False,True,False,retained,RG-009,24,1,9,0,0,False,member,5,main
French_vs_Dunn,French,Dunn,FT-084,26,26,7.003815679607975,6.8273887686636625,0.17642691094431218,0.1960885627204707,1090.7752444634543,983.7651534850881,0.14882427287979685,676.0,6.547526643655622e-10,1.0,1.0,1.0,1.0,1.0,1.0,0.0,6.788751309474513e-09,8.16821010042874,French > Dunn,True,1021.1857077081432,282.71956063381504,27.685420829902256,0.3522928276894796,1.0,976.7642016839396,166.92728924696652,17.089824643366764,0.1743581595559544,1.0,1121.976197511705,138.91574071399768,12.381344722114608,0.1208105296218209,1.0,920.0735806264432,140.05799036873228,15.22247712768495,0.1534971460216695,1.0,15.22247712768495,17.089824643366764,0.1534971460216695,1.0,1.0,1.8187198179165656,2.295109953638784,1224.2978759761004,1224.3667494540175,1224.2365630785655,0.0355838123362433,1257.7376008872648,1268.2375238108073,1259.5745263285503,1255.5683653972703,1246.972209575565,1.100626009489861,1.0,1.0,1.0,0.0,0.0,937.335373035028,1005.8978186969392,0.0010657170439664,0.0009931494352566,False,,5,1.0,True,True,True,True,False,False,True,False,retained,RG-009,24,1,13,0,0,False,member,6,main
French_vs_Dunn,French,Dunn,FT-049,26,26,7.045582726382764,7.343657687377582,-0.2980749609948177,-0.2810983925474817,1148.1201282202096,1632.6485968392585,-0.5075680642238413,0.0,6.547526643655622e-10,0.0,1.0,-1.0,-1.0,1.0,1.0,0.0,6.788751309474513e-09,8.16821010042874,French < Dunn,True,1635.2833299012173,302.95139532314096,18.525926962237264,0.1815304530182822,1.0,1629.7688458633008,293.20914570349555,17.990842471171455,0.180449079030916,1.0,1163.888749871282,148.00100518591552,12.716078336721049,0.1267095035083654,1.0,1688.8168226865332,320.6753350172048,18.988165602654373,0.1843203417953455,1.0,17.990842471171455,18.988165602654373,0.180449079030916,1.0,1.0,1.029742047484615,1.005992682219126,1097.2225774589213,1097.2878628497194,1097.1653132091003,0.0314364831833364,1176.9292956095635,1192.3969943706786,1179.3552542462571,1174.287214808062,1163.250109913586,1.1924514707526237,1.0,1.0,1.0,0.0,0.0,1522.3020678960029,1495.874730693827,0.0006564686158282,0.0006680585753067,False,,5,1.0,True,True,True,True,False,False,True,False,retained,RG-010,25,0,16,0,0,False,member,7,main
French_vs_Dunn,French,Dunn,FT-218,26,26,6.787572299381935,7.22365424713899,-0.4360819477570548,-0.42985323301533107,899.8559940658814,1471.2088733404682,-0.7086139636990971,0.0,6.547526643655622e-10,0.0,1.0,-1.0,-1.0,1.0,1.0,0.0,6.788751309474513e-09,8.16821010042874,French < Dunn,True,1189.7772693898862,199.1225029223852,16.73611591390501,0.167916394385568,1.0,1457.376152964042,238.36747581852492,16.35593359571091,0.1632967495440778,1.0,900.6878120200137,122.53662314854476,13.604783090572337,0.1390024678115418,1.0,1085.186787597364,178.21331329189445,16.42236298199539,0.166993503197978,1.0,16.35593359571091,16.42236298199539,0.1632967495440778,1.0,1.0,1.0232443055585527,1.0282898762797672,945.1499525476456,945.200369387312,945.0988671251616,0.0260107210777758,1013.699714864276,1026.8376972364338,1016.5529087025468,1010.9159672784848,999.9756356944216,1.416637105738516,1.0,1.0,1.0,0.6308394306316073,0.1666666666666666,1088.0531608444526,1151.669566076974,0.0014974837677961,0.001414836895696,False,0.7071067811865475,5,1.0,True,True,True,True,False,True,True,False,retained,RG-021,4,0,3,1,3,False,member,8,main
French_vs_Dunn,French,Dunn,FT-020,26,26,9.271119362146269,9.542057851246224,-0.27093848909995444,-0.27654411242416543,10789.252052597383,14947.337749037692,-0.470256500511369,0.0,6.547526643655622e-10,0.0,1.0,-1.0,-1.0,1.0,1.0,0.0,6.788751309474513e-09,8.16821010042874,French < Dunn,True,13253.899296059715,1896.482274988257,14.308862868394264,0.1455641221154043,1.0,14888.698178974217,1951.1491746343636,13.104901121508204,0.1323622844921326,1.0,10680.330618977996,1048.9853936481172,9.821656567299176,0.0986642859989325,1.0,13136.357161884442,1887.0794021712495,14.365317408137097,0.1461039584881746,1.0,13.104901121508204,14.365317408137097,0.1323622844921326,1.0,1.0,1.0918711049952203,1.099740176545959,842.5773942493681,842.624259465518,842.5350038070779,0.0247858919562459,963.3235892455184,994.1845837268208,966.0232942432688,960.7144273833812,947.501450842558,1.2969596479291814,1.0,1.0,1.0,0.0,0.0,12358.648357941043,12926.94598904718,8.090845071312262e-05,7.735180831102021e-05,False,,5,1.0,True,True,True,True,False,False,True,False,retained,RG-026,7,0,6,1,3,False,member,9,main
French_vs_Dunn,French,Dunn,FT-021,26,26,9.470103409962633,9.732048965903106,-0.2619455559404731,-0.2675303983921484,13025.748598619004,18002.034559850443,-0.46676306472330403,0.0,6.547526643655622e-10,0.0,1.0,-1.0,-1.0,1.0,1.0,0.0,6.788751309474513e-09,8.16821010042874,French < Dunn,True,16339.373024466828,2304.5780701052786,14.104446153805094,0.1435439583864865,1.0,18071.716392432663,2298.184512170701,12.717024007376752,0.1288866123188612,1.0,13077.289781468897,1257.139455269022,9.61314979079568,0.0956616991724352,1.0,16024.025702075323,2199.269285200562,13.724823749600748,0.1392154453843337,1.0,12.717024007376752,13.724823749600748,0.1288866123188612,1.0,1.0,1.1090995932400176,1.113722797146406,842.0756790432796,842.1224037031269,842.033147766642,0.0247411020790879,963.2789284715732,991.4065647125228,965.900100453346,960.78786884497,946.0247929199916,1.2723722014800722,1.0,1.0,1.0,1.212012028116517,0.1666666666666666,15129.81390988583,15754.05753377002,0.0001461925340758,0.0001404001237935,False,-0.3535533905932737,5,1.0,True,True,True,True,False,False,True,False,retained,RG-026,7,0,6,1,2,True,representative,10,main
French_vs_Dunn,French,Dunn,FT-024,26,26,7.590816729327407,8.013687902129291,-0.4228711728018846,-0.41626360427585407,2011.4786682052318,3218.275461532613,-0.6777625371087812,0.0,6.547526643655622e-10,0.0,1.0,-1.0,-1.0,1.0,1.0,0.0,6.788751309474513e-09,8.16821010042874,French < Dunn,True,2644.757789195588,447.58159395224607,16.923349116532123,0.1737671287852828,1.0,3259.03734561026,513.1179395689405,15.744463323198229,0.155884863152267,1.0,2029.1148356938504,245.62658099229196,12.105109906620962,0.120766639796172,1.0,2443.620755594765,406.55916484525926,16.637572091104,0.1715471800077509,1.0,15.744463323198229,16.637572091104,0.155884863152267,1.0,1.0,1.074876213252496,1.1147145737655653,944.6434806058312,944.698424554808,944.5961664284048,0.0273795383944055,1013.805438811442,1033.3746827166992,1016.416349113882,1011.063984934316,999.63219974352,1.2871316138365452,1.0,1.0,1.0,0.0,0.0,2409.190144825427,2585.8877684174813,0.0004149050240483,0.0003865648955508,False,,5,1.0,True,True,True,True,False,False,True,False,retained,RG-021,4,0,3,2,3,False,member,11,main
French_vs_Dunn,French,Dunn,FT-053,26,26,7.0886091051995646,7.355670911147103,-0.26706180594753803,-0.256100007097122,1204.621817655382,1666.891736120925,-0.4682482154395655,0.0,6.547526643655622e-10,0.0,1.0,-1.0,-1.0,1.0,1.0,0.0,6.788751309474513e-09,8.16821010042874,French < Dunn,True,1619.9294039012275,322.4790241096828,19.90698010253201,0.193450553701978,1.0,1671.1802435147465,287.7338823688492,17.217405691901973,0.172377120243678,1.0,1219.6638227725537,157.07131428749912,12.87824655899384,0.125356995420772,1.0,1742.1051937077452,299.62721972470104,17.19914622876478,0.177369890551874,1.0,17.19914622876478,17.217405691901973,0.172377120243678,1.0,1.0,1.1574400169491268,1.122251917357187,1097.723992703951,1097.786081052441,1097.6690565594126,0.0319027810183028,1176.67239430599,1190.5241737784906,1178.8370264710347,1174.3201926093266,1163.6889744852956,1.0738120033017726,1.0,1.0,1.0,0.0,0.0,1524.2772033612134,1545.9222911821005,0.0006556185313701,0.0006464448833016,False,,5,1.0,True,True,True,True,False,False,True,False,retained,RG-010,25,0,16,0,1,False,member,12,main
French_vs_Dunn,French,Dunn,FT-030,26,26,8.285609303466066,8.710793796899154,-0.42518449343308795,-0.40999124744721627,3981.443492253054,6490.165927526434,-0.7048237437083614,0.0,6.547526643655622e-10,0.0,1.0,-1.0,-1.0,1.0,1.0,0.0,6.788751309474513e-09,8.16821010042874,French < Dunn,True,5256.516302450767,840.6957940917762,15.993402202516048,0.1676161713524356,1.0,6436.716473341391,947.17657421553,14.715213543091435,0.1461650833096618,1.0,4039.890057945192,458.01570695863455,11.337330976566104,0.1126013428389216,1.0,4813.59268467135,747.4913305086839,15.528761560757587,0.1584044058245737,1.0,14.715213543091435,15.528761560757587,0.1461650833096618,1.0,1.0,1.086861713265772,1.1467593186898677,943.6407760815548,943.6939445363817,943.5907638447396,0.0278931269507372,1013.782160621757,1034.6732477987937,1016.3046768281488,1011.0867446353868,997.308114574802,1.3509453587603917,1.0,1.0,1.0,0.0,0.0,4808.515277561291,5113.694887193008,0.0002079211609256,0.0001955150839014,False,,5,1.0,True,True,True,True,False,False,True,False,retained,RG-021,4,0,3,3,3,True,representative,13,main
French_vs_Dunn,French,Dunn,FT-014,26,26,7.771497190017268,8.058417997860204,-0.28692080784293594,-0.2906038197285028,2388.390288792333,3377.2623748481365,-0.49963885395627966,0.0,6.547526643655622e-10,0.0,1.0,-1.0,-1.0,1.0,1.0,0.0,6.788751309474513e-09,8.16821010042874,French < Dunn,True,2940.045780604,455.5933229890286,15.496130230170497,0.163213333510641,1.0,3366.352051141575,473.7297535936224,14.072495876745108,0.1414029176121337,1.0,2380.824763724956,251.76628823729231,10.57475090453056,0.1059798482592874,1.0,2927.5962813309816,436.4718112876728,14.908879823048494,0.1490081726998923,1.0,14.072495876745108,14.908879823048494,0.1414029176121337,1.0,1.0,1.101164311284536,1.1542430401495176,843.583190546885,843.630050243499,843.5406553510771,0.0244139600441625,963.0868614775412,982.5703484671496,965.7982037305084,960.5184649981504,948.7611850277426,1.2901121418075123,1.0,1.0,1.0,0.0,0.0,2718.919676522759,2897.6006652186943,0.0003676579160155,0.0003449940559247,False,,5,1.0,True,True,True,True,False,False,True,False,retained,RG-026,7,0,6,0,1,False,member,14,main
French_vs_Dunn,French,Dunn,FT-025,26,26,8.632184675064817,8.916874508417958,-0.28468983335314135,-0.2800708555584155,5575.138734464495,7923.733319416158,-0.5070959310182878,0.0,6.547526643655622e-10,0.0,1.0,-1.0,-1.0,1.0,1.0,0.0,6.788751309474513e-09,8.16821010042874,French < Dunn,True,6916.847979690364,1033.0723014232196,14.935593560196557,0.1549915398994002,1.0,7873.257348434647,1046.0193241224986,13.2857250541984,0.1332729656314115,1.0,5629.686242933677,530.7260280567623,9.427275431609072,0.0943071053017986,1.0,6925.330358568963,1040.09237275369,15.018667975409228,0.1521282760596768,1.0,13.2857250541984,15.018667975409228,0.1332729656314115,1.0,1.0,1.1241835503344837,1.1629630898141414,843.080105891697,843.1277631649815,843.0381621542712,0.0247628776573223,963.2439588234024,988.1751993200248,965.7639074749648,960.7361998439518,947.918078663588,1.3047236827776925,1.0,1.0,1.0,0.0,0.0,6458.960169777018,6822.890886668406,0.0001547997160537,0.0001465439610052,False,,5,1.0,True,True,True,True,False,False,True,False,retained,RG-026,7,0,6,0,2,False,member,15,main
French_vs_Dunn,French,Dunn,FT-027,26,26,8.18264075078843,8.60611983253618,-0.4234790817477503,-0.41493309029079484,3600.204084318658,5810.206537881024,-0.6903583698335111,0.0,6.547526643655622e-10,0.0,1.0,-1.0,-1.0,1.0,1.0,0.0,6.788751309474513e-09,8.16821010042874,French < Dunn,True,4768.958402143237,802.7939934802296,16.833738644468834,0.175092248946566,1.0,5824.448721157228,861.7404194386281,14.79522716559197,0.1451578931448602,1.0,3647.390265174328,439.72138083963887,12.055780952154906,0.1200180783006753,1.0,4373.4330090644735,714.0307540499331,16.32655061984526,0.1666510644472039,1.0,14.79522716559197,16.32655061984526,0.1451578931448602,1.0,1.0,1.137781695141367,1.206219277182763,944.1420067072388,944.1949828507568,944.0933831173212,0.0274536438076089,1013.8565207197244,1035.1988995593508,1016.3542223052108,1011.098491583856,998.5545121068548,1.2940592342849382,1.0,1.0,1.0,0.8618677005823497,0.1666666666666666,4362.503124337215,4630.398994955113,0.0004266910433036,0.0004020097820573,False,0.7071067811865475,5,1.0,True,True,True,True,False,True,True,False,retained,RG-021,4,0,3,2,3,False,member,16,main
French_vs_Dunn,French,Dunn,FT-176,26,26,6.706462941281918,7.140376052532141,-0.4339131112502228,-0.4314090051224504,819.1020786501874,1326.2036780354442,-0.6945143902751582,0.0,6.547526643655622e-10,0.0,1.0,-1.0,-1.0,1.0,1.0,0.0,6.788751309474513e-09,8.16821010042874,French < Dunn,True,1249.2180177477076,264.24465185915943,21.152805043236764,0.2166568572351911,1.0,1358.636934645906,240.13395226612212,17.674622715060146,0.1735187629869162,1.0,834.4079225856998,101.21502376284296,12.130160922872522,0.1191887028623052,1.0,1405.763404801112,261.6324508462792,18.611414264500297,0.1845729688971811,1.0,17.674622715060146,18.611414264500297,0.1735187629869162,1.0,1.0,1.1967896222878318,1.2486076635500658,871.0972026876352,871.1464497877009,871.0521433276865,0.0261144448367921,967.075674195556,981.0014984824444,969.5888018377036,964.5575877934904,954.5241061123936,1.1831890005084889,1.0,1.0,1.0,0.5279068093393702,0.1666666666666666,1196.8338491415998,1201.61584490502,0.001275558217389,0.0012704861787847,False,0.3535533905932737,5,1.0,True,True,True,True,False,False,True,False,retained,RG-026,7,0,6,0,0,False,member,17,main
French_vs_Dunn,French,Dunn,FT-016,26,26,6.8899158374369645,7.335011840203956,-0.44509600276699146,-0.4440230117892803,997.7208780837334,1594.7530678048252,-0.6760839854375731,0.0,6.547526643655622e-10,0.0,1.0,-1.0,-1.0,1.0,1.0,0.0,6.788751309474513e-09,8.16821010042874,French < Dunn,True,1561.674546994932,323.4883062845236,20.71419470253897,0.2117468955634309,1.0,1657.2798037242412,283.6899927722588,17.117809082977434,0.1657447668710117,1.0,1007.52155414346,131.48134765325304,13.049978644380596,0.1304064507052669,1.0,1729.7524478633172,328.5581034303082,18.99451588209404,0.1874535861345104,1.0,17.117809082977434,18.99451588209404,0.1657447668710117,1.0,1.0,1.2100961403488202,1.277548000825991,870.5947196667247,870.6445532838661,870.5511700239324,0.0252234482417843,967.2980513141862,982.65905206854,969.9481957866528,964.4931277655786,954.9833971803866,1.317019050732212,1.0,1.0,1.0,0.0,0.0,1490.9994550537526,1467.2870728193764,0.0006702415316659,0.0006810657251649,False,,5,1.0,True,True,True,True,False,False,True,False,retained,RG-026,7,0,6,0,0,False,member,18,main
French_vs_Dunn,French,Dunn,FT-175,26,26,6.892799235793996,7.1951778300738525,-0.30237859427985647,-0.29879639703904726,982.2634236844378,1410.5208353202256,-0.5216005420837885,0.0,6.547526643655622e-10,0.0,1.0,-1.0,-1.0,1.0,1.0,0.0,6.788751309474513e-09,8.16821010042874,French < Dunn,True,1238.3606696398897,229.2685012469832,18.513871351684124,0.190438865205912,1.0,1416.7259403002945,201.214701063736,14.20279641530992,0.1410479667953418,1.0,996.045056276274,120.94579400387003,12.142602710767656,0.1225801649187221,1.0,1231.6481771727367,191.53310688768488,15.5509593110714,0.1541005810328809,1.0,14.20279641530992,15.5509593110714,0.1410479667953418,1.0,1.0,1.303537050754813,1.3501709349857949,844.0870342319306,844.1323782106103,844.0413754189648,0.024631739029111,962.9974510538884,978.5761512080348,965.591399884148,960.298923399465,948.8306583935764,1.3765320185913352,1.0,1.0,1.0,0.0,0.0,1152.152451527903,1217.3623349086358,0.0008671880276324,0.0008207738957023,False,,5,1.0,True,True,True,True,False,False,True,False,retained,RG-026,7,0,6,0,0,False,member,19,main
French_vs_Dunn,French,Dunn,FT-059,26,26,7.847153873814578,7.662831836443347,0.18432203737123043,0.18119326970790617,2563.8634435245594,2282.2154724233087,0.16781500050623155,674.0,8.249582590143191e-10,0.9970414201183432,0.9970414201183432,0.9940828402366864,0.9940828402366864,1.0,1.0,0.0,7.738894144086707e-09,8.111321093765865,French > Dunn,True,2453.315643903228,419.69534524926,17.107270574508068,0.1677730753022377,1.0,2272.2351504147978,355.04574660649183,15.625396277391362,0.1546341708427364,1.0,2574.462211524568,305.136128782069,11.852422125915409,0.1196159256552847,1.0,2139.431574062037,333.5811795047838,15.592047137615582,0.1576511822560893,1.0,15.592047137615582,15.625396277391362,0.1546341708427364,1.0,1.0,1.097179249364699,1.08496766521847,1223.7919594716086,1223.8635611861732,1223.7311229497138,0.0347144077413259,1257.9046668683316,1269.0074929226648,1259.707712335104,1255.611618909438,1246.198078112655,1.0683033401089197,1.0,1.0,1.0,0.0,0.0,2204.6761641712146,2327.994778309509,0.0004533757113777,0.0004293697904835,False,,5,1.0,True,True,True,True,False,False,True,False,retained,RG-009,24,1,13,0,0,False,member,20,main
French_vs_Dunn,French,Dunn,FT-220,26,26,6.590588017281859,6.85899583788383,-0.2684078206019711,-0.2635220928846911,725.6117055585858,1004.605878751465,-0.4688084763008736,2.0,8.249582590143191e-10,0.002958579881656803,0.9970414201183432,-0.9940828402366864,-0.9940828402366864,1.0,1.0,0.0,7.738894144086707e-09,8.111321093765865,French < Dunn,True,993.890812196715,210.81751487163285,21.211335519409847,0.2062760532421386,1.0,1013.472323110832,195.23682802898963,19.26414995031283,0.1912310565230145,1.0,734.95976536782,105.153312264095,14.307356296091896,0.1435591985361968,1.0,1065.0847021265004,189.08473519174368,17.753023286713777,0.1790773746972458,1.0,17.753023286713777,19.26414995031283,0.1790773746972458,1.0,1.0,1.1948013122522203,1.151882272067456,1098.2292261588002,1098.2904734059596,1098.173907533108,0.0325171901432204,1176.4712324222012,1189.1500946783274,1178.6797381441168,1173.8919929822691,1163.494515572824,1.1867773561182018,1.0,1.0,1.0,0.0,0.0,941.3825138744116,938.796314922086,0.0010611402326309,0.0010640603544853,False,,5,1.0,True,True,True,True,False,False,True,False,retained,RG-010,25,0,16,0,1,False,member,21,main
French_vs_Dunn,French,Dunn,FT-043,26,26,8.346827188108064,8.201503526914355,0.145323661193709,0.15360131655541132,4236.224400434798,3909.4016634320087,0.11580273087097337,670.0,1.3044763770918793e-09,0.9911242603550297,0.9911242603550297,0.9822485207100591,0.9822485207100592,1.0,1.0,0.0,1.168099301305001e-08,7.932520235840347,French > Dunn,True,3673.4484500965054,515.6823455472766,14.038099419463173,0.1443753891704913,1.0,3876.9053153964496,617.4300280197714,15.925847494076171,0.1593609127292718,1.0,4275.790561019544,477.8174094852651,11.174948881764957,0.108745086451523,1.0,2479.727802149605,391.1012205210839,15.77194158899414,0.1613811788650551,1.0,15.77194158899414,15.925847494076171,0.1593609127292718,1.0,1.0,0.8900679310947446,0.9059648736811744,1005.172041771252,1005.2308196005796,1005.1142487241556,0.029859711948434,1156.3855354906916,1177.111414619113,1158.8826604052406,1153.7486667864507,1140.2857042395556,1.3065927903911043,1.0,1.0,1.0,0.0,0.0,3118.8095264918284,3548.3534298493914,0.0003205323887591,0.0002817414551028,False,,5,1.0,True,True,True,True,False,False,True,True,retained,RG-017,8,0,6,0,2,False,member,22,main
French_vs_Dunn,French,Dunn,FT-227,26,26,6.620896086276835,6.452700792860305,0.16819529341653006,0.20067912361828721,743.9953402412951,659.649627095411,0.17334605493778563,669.0,1.4616121416950727e-09,0.9896449704142012,0.9896449704142012,0.9792899408284024,0.9792899408284024,1.0,1.0,0.0,1.251902573538823e-08,7.9024294677876075,French > Dunn,True,756.2983339356383,147.1248388612985,19.45328083637151,0.1878018127226649,1.0,668.0380300302627,115.4091091386501,17.275829211912075,0.1797552775488135,1.0,767.245729291512,100.45569592317936,13.09302770781688,0.1280057690928095,1.0,653.2542738254717,124.79541999936534,19.10365151819988,0.185658362901023,1.0,17.275829211912075,19.10365151819988,0.1797552775488135,1.0,1.0,1.1260403537074812,1.0447638327151,815.5263145478614,815.5720124399368,815.4833781251697,0.0234497161485411,1257.9480855586548,1270.610866815275,1259.5108106778086,1255.372326819194,1246.8639153493934,1.1653434695229583,1.0,1.0,1.0,0.0,0.0,656.1784100901457,695.8231252134009,0.0015216568052849,0.0014350844049467,False,,5,1.0,True,True,True,True,False,False,True,False,retained,RG-023,2,1,0,0,0,False,member,23,main
French_vs_Dunn,French,Dunn,FT-064,26,26,9.05889343559703,8.958079377570792,0.10081405802623777,0.1056842364816113,8455.263978573386,8175.286054926173,0.048574742750812146,667.0,1.8331497726497124e-09,0.9866863905325444,0.9866863905325444,0.9733727810650887,0.9733727810650887,1.0,1.0,0.0,1.5047104383833055e-08,7.822547066257161,French > Dunn,True,8017.739487821633,1226.1335264137506,15.2927583675693,0.154423051346689,1.0,8222.700502118765,1179.0398734545934,14.338840058090248,0.1423108084871207,1.0,8648.549944427341,997.4514895958982,11.533164472717212,0.1125974973978955,1.0,6280.645541455693,1008.543814332969,16.057964227976704,0.1582823101881208,1.0,14.338840058090248,16.057964227976704,0.1423108084871207,1.0,1.0,1.066526881227107,1.0851111942116785,1149.7500936653876,1149.8156497776845,1149.6911692399551,0.0334466553795423,1245.272856166862,1264.3367644279238,1247.3079307712103,1242.858343825742,1228.9963999102197,1.170869750896996,1.0,1.0,1.0,0.0,0.0,7019.659621602379,7723.696154305892,0.0001424367586377,0.0001294549300094,False,,5,1.0,True,True,True,True,False,False,True,False,retained,RG-015,16,2,7,1,2,False,member,24,main
French_vs_Dunn,French,Dunn,FT-221,26,26,7.573739130369691,7.416359268309662,0.1573798620600284,0.15645374437188586,1929.877849193166,1760.4408695238226,0.13250085442218304,662.0,3.2109097425487136e-09,0.9792899408284024,0.9792899408284024,0.9585798816568047,0.9585798816568047,1.0,1.0,0.0,2.3427748862299875e-08,7.630269440111977,French > Dunn,True,1695.4673529688728,284.8879804341981,16.802917492651265,0.1773371748704535,1.0,1783.22943632542,289.78292360659947,16.25045648661652,0.15954560981097,1.0,1972.818486794425,231.98440999501295,11.7590346779423,0.117783167121048,1.0,1122.3541286146217,179.02596705451697,15.950934067084312,0.1656927934490177,1.0,15.950934067084312,16.25045648661652,0.15954560981097,1.0,1.0,1.053412760781519,1.1115139744713944,1005.6756059707232,1005.7351871901508,1005.6206808174506,0.0294205207121462,1156.2008704897985,1172.2008562088015,1158.7916354985457,1153.40959517587,1141.539906588467,1.314394711507909,1.0,1.0,1.0,0.0,0.0,1428.0417919737756,1628.1225668534369,0.0006997695977937,0.0006138273573433,False,,5,1.0,True,True,True,True,False,False,True,False,retained,RG-017,8,0,5,0,1,False,member,25,main
French_vs_Dunn,French,Dunn,FT-056,26,26,7.792662927208674,7.910201305295191,-0.11753837808651646,-0.1452862850355814,2407.1025042455885,2927.535810732721,-0.28228273239072305,14.0,3.2109097425487136e-09,0.020710059171597624,0.9792899408284024,-0.9585798816568047,-0.9585798816568047,1.0,1.0,0.0,2.3427748862299875e-08,7.630269440111977,French < Dunn,True,2788.1660946357697,462.4385414829106,16.585760165888576,0.168154494327205,1.0,2975.833522177238,518.5589672499494,17.425671274465348,0.1718737894296348,1.0,2432.6862108110627,308.0027308638646,12.661013553456852,0.1276400845836562,1.0,2496.4985602396814,487.78693280579375,19.53884294485485,0.1881914209821631,1.0,17.425671274465348,19.53884294485485,0.1718737894296348,1.0,1.0,0.9518003584856136,0.9783603124433792,1178.2689676482953,1178.3381296315554,1178.209676243099,0.0346187918603327,1244.9133772041282,1263.400026280825,1247.491725418386,1242.276386378739,1231.3467261131775,1.2773380949643511,1.0,1.0,1.0,0.0,0.0,2542.598814284542,2639.320368938036,0.0003931437593004,0.0003787419177477,False,,5,1.0,True,True,True,True,False,False,True,True,retained,RG-015,16,0,8,0,0,False,member,26,main
French_vs_Dunn,French,Dunn,FT-057,26,26,7.425417872931817,7.5675471811411,-0.1421293082092827,-0.15278644820283294,1669.277971182505,2097.9925819702567,-0.32960884899273996,14.0,3.2109097425487136e-09,0.020710059171597635,0.9792899408284024,-0.9585798816568047,-0.9585798816568047,1.0,1.0,0.0,2.3427748862299875e-08,7.630269440111977,French < Dunn,True,1944.9380968611465,341.2102615080296,17.543502390060354,0.169723050656562,1.0,2075.2540081895863,336.5594464812877,16.217747087976765,0.1627503094638855,1.0,1686.582621228665,223.76746703879448,13.26750698259782,0.1292956382009373,1.0,1764.322593696288,309.96360606602855,17.568420150231663,0.1698797766789709,1.0,16.217747087976765,17.568420150231663,0.1627503094638855,1.0,1.0,1.081747193052878,1.0428431823917592,1179.2722036799555,1179.3415370035414,1179.2139907053818,0.0342749572089302,1244.832670568563,1260.2540539156994,1247.2750431006125,1242.2433003120475,1231.9048456991884,1.2191820975445251,1.0,1.0,1.0,0.0,0.0,1750.840616587273,1845.004984926172,0.0005708281852421,0.0005417103464864,False,,5,1.0,True,True,True,True,False,False,True,False,retained,RG-015,16,0,8,0,0,False,member,27,main
French_vs_Dunn,French,Dunn,FT-070,26,26,8.667482335675459,8.580427356215967,0.08705497945949148,0.09745039518023368,5833.118840120934,5716.21110858624,0.029203211103368938,661.0,3.5882970297847253e-09,0.977810650887574,0.977810650887574,0.955621301775148,0.9556213017751479,1.0,1.0,0.0,2.4375672926468654e-08,7.613043386123044,French > Dunn,True,5484.17748329735,835.2942489739962,15.230984983946533,0.1533102313721962,1.0,5680.02297054193,794.1014545351698,13.980602871741638,0.1408796790361465,1.0,5922.174753797512,671.8698078586966,11.344984499619324,0.1115175981407347,1.0,4327.332987567539,685.7080635380767,15.845974079372242,0.1569836826101603,1.0,13.980602871741638,15.845974079372242,0.1408796790361465,1.0,1.0,1.0894369236917698,1.088235240320645,1150.753810446541,1150.8205810906825,1150.695729566452,0.0333514671345906,1245.2881515322938,1263.9656129090667,1247.3943959348544,1242.8015662893758,1229.169060665631,1.1577912518482407,1.0,1.0,1.0,0.0,0.0,4812.123898037988,5314.529385824348,0.0002077652728631,0.0001881280164995,False,,5,1.0,True,True,True,True,False,False,True,False,retained,RG-015,16,2,8,0,3,False,member,28,main
French_vs_Dunn,French,Dunn,FT-067,26,26,9.113539747224277,9.004498677245211,0.1090410699790656,0.10793588089963002,8910.254181259894,8717.284563281424,0.03158419900014529,661.0,3.5882970297847253e-09,0.9778106508875739,0.9778106508875739,0.955621301775148,0.9556213017751479,1.0,1.0,0.0,2.4375672926468654e-08,7.613043386123044,French > Dunn,True,8547.467029796246,1313.8333153242247,15.37102524928422,0.1557992232063911,1.0,8693.720973351676,1205.6544441426283,13.868106048471606,0.1385357684170649,1.0,9156.506198805662,1051.7108907050158,11.485940902242788,0.11414952619495,1.0,6613.405117642587,945.3827076976552,14.29494626263945,0.1439399368931437,1.0,13.868106048471606,14.29494626263945,0.1385357684170649,1.0,1.0,1.1083723469924178,1.1246137007545531,1150.251969729645,1150.3180018976263,1150.192989410226,0.0337478169990694,1245.3086840060384,1265.5461034467148,1247.4885199904472,1242.940885817954,1227.8460459555374,1.1741079896181184,1.0,1.0,1.0,0.0,0.0,7489.672904397807,8161.369120356326,0.0001334993548327,0.0001225134498642,False,,5,1.0,True,True,True,True,False,False,True,False,retained,RG-015,16,2,8,1,3,False,member,29,main
French_vs_Dunn,French,Dunn,FT-037,26,26,7.925417960989181,8.059882690757835,-0.13446472976865387,-0.1380690748139619,2762.18188437709,3427.7243262266093,-0.3113413848338822,18.0,4.9982515499847495e-09,0.02662721893491123,0.9733727810650887,-0.9467455621301775,-0.9467455621301775,1.0,1.0,0.0,3.282185184489986e-08,7.483836919220382,French < Dunn,True,3003.5202021563223,494.1621055607325,16.45276449966802,0.1685762563046608,1.0,3377.9765544257552,470.8525129470486,13.938892273546047,0.1424443576782365,1.0,2780.6495108802046,308.1995834351413,11.08372638224304,0.1097688322138039,1.0,2552.360774406815,432.9993225435617,16.964659811628454,0.1701996995922324,1.0,13.938892273546047,16.964659811628454,0.1424443576782365,1.0,1.0,1.1803494981371605,1.1834533782338568,1025.6898265569414,1025.748006596175,1025.6372240551368,0.0299180645632153,1095.46453629439,1103.265474153602,1098.0912759786563,1092.8921077109414,1081.8746330427098,1.3060567861598344,1.0,1.0,1.0,0.0,0.0,2663.60798226518,2909.666258062758,0.0003752897261644,0.0003435639511159,False,,5,1.0,True,True,True,True,False,False,True,False,retained,RG-012,7,1,5,0,0,False,member,30,main
French_vs_Dunn,French,Dunn,FT-233,26,26,6.753384379003833,6.879042982853265,-0.1256586038494314,-0.137298327156123,849.7907594355072,1047.7478204721451,-0.30179154325995794,22.0,7.739967699355416e-09,0.03254437869822485,0.9674556213017751,-0.9349112426035503,-0.9349112426035503,1.0,1.0,0.0,4.9186246347516674e-08,7.308156319395598,French < Dunn,True,961.8194147125778,156.01010600685552,16.22031159076533,0.1638829499752081,1.0,1036.1497168646174,170.3027150323796,16.43611075315588,0.164374168470677,1.0,852.9316266516083,103.94259908633498,12.186510130288765,0.1214605077086721,1.0,890.4352367947397,153.16996116685368,17.201695849123492,0.1781088488032578,1.0,16.43611075315588,17.201695849123492,0.164374168470677,1.0,1.0,0.9868704241756758,0.99701158338905,1179.778005634704,1179.8471969424174,1179.7162683397833,0.0348061923921688,1244.6512806591527,1258.3621313912536,1247.0162825638563,1242.1525013996577,1231.8023332868306,1.2082635774533983,1.0,1.0,1.0,0.0,0.0,868.799531497013,927.893427910756,0.0011496902030734,0.0010765497633557,False,,5,1.0,True,True,True,True,False,False,True,True,retained,RG-015,16,0,7,0,0,False,member,31,main
French_vs_Dunn,French,Dunn,FT-179,26,26,7.487713933670578,7.324823909779993,0.1628900238905846,0.17717921535455616,1809.1163002082235,1585.6035086814184,0.19014074909121487,653.0,8.627103941646236e-09,0.9659763313609468,0.9659763313609468,0.9319526627218935,0.9319526627218935,1.0,1.0,0.0,5.1501196257706315e-08,7.288182683151295,French > Dunn,True,1681.5265292251015,332.3235161452424,19.76320387275645,0.2062718305813398,1.0,1615.3406295622092,272.7589623506292,16.885538403411083,0.1696203292751156,1.0,1819.544763036924,213.85676363822907,11.75331148662097,0.1158993893696144,1.0,1452.522443325298,254.1393477885932,17.496414527460608,0.1787198362282374,1.0,16.885538403411083,17.496414527460608,0.1696203292751156,1.0,1.0,1.1704218959795822,1.21607964954942,728.4969707230775,728.5374900581327,728.4606010611253,0.0212811240501545,1014.0492700576092,1031.0792793022397,1016.8041164703352,1011.1718983749886,1001.4421236646056,1.3515994807877785,1.0,1.0,1.0,0.0,0.0,1503.3908726355255,1628.9613210581952,0.0006647208635666,0.0006135114907823,False,,5,1.0,True,True,True,True,False,False,True,False,retained,RG-030,2,0,1,0,0,True,representative,32,main
French_vs_Dunn,French,Dunn,FT-026,26,26,7.8774440611760514,7.682375645793767,0.19506841538228414,0.19241524380005615,2682.067405385381,2319.087239467316,0.2097042448630622,653.0,8.627103941646236e-09,0.9659763313609467,0.9659763313609467,0.9319526627218935,0.9319526627218935,1.0,1.0,0.0,5.1501196257706315e-08,7.288182683151295,French > Dunn,True,2430.6218039658693,488.6512923723996,20.10396235132519,0.2062646706397811,1.0,2332.567971465339,388.398084428052,16.651093952218552,0.1668728691657664,1.0,2671.7120464734235,315.23190109661533,11.798872618503614,0.1172327222421565,1.0,2137.107486673053,365.2158486284119,17.089259707613607,0.1752256748129219,1.0,16.651093952218552,17.089259707613607,0.1668728691657664,1.0,1.0,1.207365858904819,1.236058753414757,727.9951742528884,728.0375875622003,727.9575827820195,0.0214790515447573,1014.168080213055,1032.1152803172229,1016.9923818887036,1011.3062294193828,999.9946789119542,1.3691867366597237,1.0,1.0,1.0,0.0,0.0,2186.174014664266,2379.8562416629434,0.0004572109915787,0.0004200169596554,False,,5,1.0,True,True,True,True,False,False,True,False,retained,RG-030,2,0,1,0,0,False,member,33,main
French_vs_Dunn,French,Dunn,FT-114,26,26,7.975551732534263,7.899623817141343,0.07592791539291976,0.09395866990942636,2925.5968922842976,2850.4541206076156,0.03752622328748764,651.0,1.0707588800036591e-08,0.96301775147929,0.96301775147929,0.9260355029585798,0.9260355029585798,1.0,1.0,0.0,5.859430537797802e-08,7.232144589836786,French > Dunn,True,2709.068050901017,455.74079705464914,16.822788814886838,0.1715270007961145,1.0,2848.02463209496,361.8132624444045,12.70400748529554,0.1291969248484961,1.0,2963.276355013792,334.4810583564143,11.287541838292618,0.112131476474935,1.0,2134.4398651518786,329.74216340837523,15.44865089862403,0.1556323039452427,1.0,12.70400748529554,15.44865089862403,0.1291969248484961,1.0,1.0,1.3242111856718164,1.3276399650940385,1151.256806499619,1151.3231198517683,1151.2053092518372,0.0333565268257377,1245.2813146104488,1261.8825232464346,1247.5078771979656,1242.7542043970964,1230.7061763431725,1.1684670730987647,1.0,1.0,1.0,0.0,0.0,2379.22740320011,2651.104896086979,0.0004201279250274,0.0003770589924536,False,,5,1.0,True,True,True,True,False,False,True,False,retained,RG-015,16,1,8,0,2,False,member,34,main
French_vs_Dunn,French,Dunn,FT-038,26,26,6.027400629376501,6.244498143067295,-0.21709751369079378,-0.2922138912994532,418.84988476289016,554.294295507252,-0.4033789836655582,25.0,1.0707588800036591e-08,0.036982248520710054,0.9630177514792899,-0.9260355029585798,-0.9260355029585798,1.0,1.0,0.0,5.859430537797802e-08,7.232144589836786,French < Dunn,True,483.19473611175033,85.39446478785928,17.6728880523462,0.1817703839288994,1.0,639.112857653513,507.7790029695238,79.450600451667,0.3907956941146937,1.0,413.86352127777786,61.06467138958861,14.754784669365211,0.1478343687389213,1.0,438.18500502963366,85.02436825023963,19.403760346497844,0.1985234383838393,1.0,19.403760346497844,79.450600451667,0.1985234383838393,1.0,1.0,0.910797069060686,0.9156117051400836,1025.690862799387,1025.7477618544551,1025.6366460844254,0.030538553488754,1107.23462155222,1121.1202767189984,1109.9813621005935,1104.387069581245,1102.96307424481,1.4209852699776997,1.0,1.0,1.0,0.0,0.0,423.7966793550052,498.8520106409816,0.002354067365871,0.0020005921326947,False,,5,1.0,True,True,True,True,False,False,True,True,retained,RG-012,7,1,5,0,0,False,member,35,main
French_vs_Dunn,French,Dunn,FT-174,26,26,4.562984343322091,1.8201520753911031,2.7428322679309876,3.0151870195816635,98.2333616650115,5.47475770806951,3.9379271158138573,650.0,1.0589625078064901e-08,0.9615384615384616,0.9615384615384616,0.9230769230769231,0.9230769230769231,1.0,0.34615384615384615,0.6538461538461539,5.859430537797802e-08,7.232144589836786,French > Dunn,True,28.534948565135387,6.840222093642689,23.971383996115623,0.2488077418313656,0.9090909090909092,42.78142624756968,85.14422754511979,199.02147967765956,0.9665892576199262,0.3703703703703703,97.2041630102426,23.251326409421583,23.920093223755806,0.2389378500589421,1.0,85.63914429270048,73.76357206909495,86.13300924280983,1.1430564060057398,0.3846153846153846,86.13300924280983,199.02147967765956,0.9665892576199262,0.3846153846153846,0.3703703703703703,0.2783065889238822,0.257407931931724,1210.8304701216448,1210.9006110405176,1210.7634042850927,0.0393243797493412,928.6948296247882,936.6544350710782,933.2542365417872,923.4052741038936,921.7589794505756,2.2293708605911333,0.3703703703703703,1.0,0.3846153846153846,0.0,0.0,37.48465694808375,49.21328013165891,0.025984381291199,0.0199150503089622,False,,5,1.0,True,True,True,False,False,False,True,True,retained,RG-003,3,1,0,0,0,True,representative,36,main
French_vs_Dunn,French,Dunn,FT-039,26,26,8.45955229764269,8.60492329712348,-0.14537099948079124,-0.1377867326733604,4654.818684173552,5876.934553462788,-0.33627442057482465,26.0,1.1923190917634541e-08,0.03846153846153846,0.9615384615384616,-0.9230769230769231,-0.9230769230769231,1.0,1.0,0.0,6.348293542632446e-08,7.197342999844406,French < Dunn,True,5209.867203264728,826.4958267748293,15.864047863963044,0.1660806883994172,1.0,5860.259538718309,845.8541077096662,14.433731170457037,0.1477193477859524,1.0,4827.889309674254,564.9530345554092,11.7018638646777,0.1126675706138321,1.0,4432.228118590318,743.9422565813716,16.7848368061431,0.1701396857653486,1.0,14.433731170457037,16.7848368061431,0.1477193477859524,1.0,1.0,1.09909542284074,1.124298819949237,1024.6867091528734,1024.7462095090473,1024.6320318882358,0.0302468395928712,1095.258554693031,1102.7683739040208,1097.9305754275408,1092.8018718375124,1078.4275768114187,1.280644822824388,1.0,1.0,1.0,0.0,0.0,4616.98225209315,5050.507097218649,0.0002165447906489,0.0001979607235532,False,,5,1.0,True,True,True,True,False,False,True,False,retained,RG-012,7,1,5,0,0,False,member,37,main
French_vs_Dunn,French,Dunn,FT-226,26,26,6.550699649039252,6.354453277711635,0.19624637132761702,0.22242815253468606,681.1762953325801,579.1702128491532,0.2336683977376505,649.0,1.3272467279036637e-08,0.9600591715976331,0.9600591715976331,0.9201183431952662,0.9201183431952663,1.0,1.0,0.0,6.880726457816361e-08,7.162365707118335,French > Dunn,True,677.9752612248142,127.4324140190756,18.79602712772428,0.1926672157291359,1.0,604.3154235139024,113.40610196606303,18.766044610717127,0.1952238374571496,1.0,709.9457105082,104.45714619909812,14.71339915897578,0.1411889095409282,1.0,587.9465842483919,99.82948354685098,16.979345780955445,0.1683228953996089,1.0,16.979345780955445,18.766044610717127,0.1683228953996089,1.0,1.0,1.1069936009434755,1.1446286927974476,815.1931200400654,815.2369274905478,815.1512909790769,0.0235253767613145,1257.978548513949,1271.0305211315415,1260.1923474812538,1255.2972656249676,1246.223995783555,1.3002026551407582,1.0,1.0,1.0,0.0,0.0,593.9021730506636,633.6926088423638,0.0016809486421473,0.0015755658504105,False,,5,1.0,True,True,True,True,False,False,True,False,retained,RG-029,3,1,0,0,0,False,member,38,main
French_vs_Dunn,French,Dunn,FT-193,26,26,7.358978400863492,7.481198765281363,-0.12222036441787054,-0.11509754255546412,1579.823224146155,1873.8515914603388,-0.24610035294270924,28.0,1.4769615918373975e-08,0.04142011834319527,0.9585798816568047,-0.9171597633136095,-0.9171597633136095,1.0,1.0,0.0,7.460549579281214e-08,7.127229179168368,French < Dunn,True,1677.0055658266408,279.717496652214,16.6795806974161,0.1767495540143026,1.0,1875.6918015895387,299.1210446702725,15.947238475787172,0.1614000558789477,1.0,1579.1620944470108,197.29499658343133,12.493650732702006,0.1256376844008179,1.0,1328.449181942947,222.44032102618448,16.74436057093659,0.1683914217309579,1.0,15.947238475787172,16.74436057093659,0.1614000558789477,1.0,1.0,1.0459228237378433,1.0951021860046144,1068.7043278235449,1068.7687486413256,1068.6522719222885,0.0303495491247058,1173.5611587867572,1188.1107673645054,1175.798036250536,1171.238443259308,1163.5870780944826,1.073615958423335,1.0,1.0,1.0,0.0,0.0,1463.187158065923,1597.994580114639,0.0006829727979044,0.0006253929890921,False,,5,1.0,True,True,True,True,False,False,True,False,retained,RG-010,25,1,12,0,0,False,member,39,main
French_vs_Dunn,French,Dunn,FT-099,26,26,8.398870087130852,8.493095253394724,-0.09422516626387178,-0.08799375751626926,4493.95489015654,5246.275438320216,-0.22326188404545874,29.0,1.6430286423545316e-08,0.04289940828402368,0.9571005917159763,-0.9142011834319527,-0.9142011834319527,1.0,1.0,0.0,8.091916063596068e-08,7.091948630758638,French < Dunn,True,5102.800492770336,936.1994035567236,18.346776537376563,0.1784681153477766,1.0,5190.727239524641,737.7696715020783,14.21322364782246,0.1415244081967665,1.0,4511.777704396095,463.7669430354685,10.279029097191394,0.1028267046758555,1.0,4707.913349982537,733.405059130438,15.578134188326947,0.1570806421928748,1.0,14.21322364782246,15.578134188326947,0.1415244081967665,1.0,1.0,1.2908244457398224,1.2610412410249825,1296.3371434985418,1296.4131279821509,1296.2692935047885,0.0373652226579875,1325.9803275270754,1346.0861753380832,1328.1422415901347,1323.4768212611054,1305.3386232127343,1.1912823835485984,1.0,1.0,1.0,0.0,0.0,4622.3856251563175,4808.374720012781,0.0002162917137084,0.0002079272375759,False,,5,1.0,True,True,True,True,False,False,True,False,retained,RG-016,8,0,4,0,0,False,member,40,main
French_vs_Dunn,French,Dunn,FT-074,26,26,7.8579678181356005,7.997143395654822,-0.1391755775192216,-0.13800276050393556,2611.3298184005953,3137.4678358457336,-0.26472336860799817,30.0,1.8271722167498096e-08,0.04437869822485205,0.9556213017751479,-0.9112426035502958,-0.9112426035502958,1.0,1.0,0.0,8.779339675602743e-08,7.056538147650436,French < Dunn,True,3025.076300554935,534.4117528543454,17.666058629870268,0.1757945592816651,1.0,3176.7149157166677,525.7081136411338,16.548797345339814,0.1658777529459467,1.0,2615.767244047789,331.7867625354463,12.6841087749849,0.1233911761681226,1.0,2694.457166686339,485.89443386060935,18.033110337328743,0.1797152167317355,1.0,16.548797345339814,18.033110337328743,0.1658777529459467,1.0,1.0,1.0675131407567255,1.0597838236870136,1178.7694962544108,1178.8389828026638,1178.7095364682805,0.0346786304486905,1244.8608776216845,1262.696978661322,1247.2705609836569,1242.3019230957232,1231.0310019216245,1.2087826948352671,1.0,1.0,1.0,0.0,0.0,2723.07419807351,2833.38148611946,0.0003670971960702,0.0003528106590087,False,,5,1.0,True,True,True,True,False,False,True,False,retained,RG-015,16,0,8,0,0,False,member,41,main
French_vs_Dunn,French,Dunn,FT-015,26,26,7.311098293612716,7.617092332234768,-0.3059940386220523,-0.41529611168190694,1483.0809217433518,2123.5155154760123,-0.5175641205666425,35.0,3.092631852825692e-08,0.051775147928994056,0.9482248520710059,-0.8964497041420119,-0.8964497041420119,1.0,1.0,0.0,1.4505916071587172e-07,6.83845483961052,French < Dunn,True,1948.2048682113164,335.9240659414338,17.242748512883658,0.1793591036019114,0.9090909090909092,2066.3966469167967,570.9602390147946,27.63071842314039,0.8069407118605975,1.0,1411.6876752169676,378.9761476769072,26.845608581137533,0.4839804421678657,1.0,1632.9332523941323,670.5500900217854,41.06414570458746,1.034697073242102,1.0,27.63071842314039,41.06414570458746,0.8069407118605975,1.0,1.0,0.6240427139398252,0.2222704852607517,1685.172273985871,1685.2705514689096,1685.0893153104369,0.0491659417086484,962.883033571473,978.8590223892908,965.5223748060172,960.160472210801,950.0644366637516,1.3022834918697654,1.0,1.0,1.0,0.0,0.0,1659.047450135412,1708.2639694258492,0.0006023924195169,0.0005850471418618,False,,5,1.0,True,True,True,True,False,False,True,True,retained,RG-002,1,0,0,0,0,True,singleton,42,main
French_vs_Dunn,French,Dunn,FT-178,26,26,7.407155631172021,7.237010719134442,0.17014491203757842,0.18081323396131932,1644.8980492059889,1465.4586427785298,0.1665385899743753,639.0,3.8085301816641994e-08,0.9452662721893491,0.9452662721893491,0.8905325443786982,0.8905325443786982,1.0,1.0,0.0,1.7448382460182494e-07,6.758244827798087,French > Dunn,True,1510.7574407189436,367.83106939405207,24.347460385103748,0.2582807507030983,1.0,1450.6667791604805,309.56596846474355,21.33956418605611,0.2594716549765548,1.0,1679.1258688084863,229.1803249530222,13.648787694257212,0.1363614110155887,1.0,1261.1295235666462,373.7460369107488,29.63581693446872,0.4241204834792494,1.0,21.33956418605611,29.63581693446872,0.2594716549765548,1.0,1.0,1.140953965733428,0.9954102721795792,1455.998949997305,1456.082154844198,1455.926444513204,0.041233206473815,1013.726434598975,1028.9705747968685,1016.3456457697848,1011.168015919862,1000.145713291808,1.295076577039198,1.0,1.0,1.0,0.0,0.0,1360.8780803096256,1463.4764966972964,0.0007342801198273,0.0006828378620313,False,,5,1.0,True,True,True,True,False,False,True,True,retained,RG-020,2,0,1,0,0,True,representative,43,main
French_vs_Dunn,French,Dunn,FT-095,26,26,7.778834111458018,7.877428255537168,-0.09859414407915068,-0.09225246327955805,2410.952782165545,2795.5756197570245,-0.21345967705562643,38.0,4.224349761474337e-08,0.056213017751479286,0.9437869822485208,-0.8875739644970414,-0.8875739644970414,1.0,1.0,0.0,1.849326451134321e-07,6.73298641852603,French < Dunn,True,2754.065463448269,524.5629975517419,19.046860160504497,0.1818524673668541,1.0,2754.034399961064,519.7633846100945,18.872799287381557,0.2234442754243461,1.0,2421.396406298692,255.86849521679517,10.566980877282775,0.105222289612389,1.0,2458.75815225543,430.6424203795125,17.514631115080686,0.2062818098117186,1.0,17.514631115080686,18.872799287381557,0.2062818098117186,1.0,1.0,1.0874828042541251,0.8815729682265141,1296.8385481999308,1296.9145054717983,1296.7740241235522,0.036768193553219,1325.9004245551305,1343.095463462498,1328.046641465988,1323.3579718833523,1306.2086665112035,1.192316158113339,1.0,1.0,1.0,0.0,0.0,2506.461190989754,2547.379080017163,0.0003988097616798,0.0003924062977291,False,,5,1.0,True,True,True,True,False,False,True,True,retained,RG-016,8,0,4,0,0,False,member,44,main
French_vs_Dunn,French,Dunn,FT-041,26,26,8.436783193841432,8.570110634370899,-0.13332744052946666,-0.12996817873973043,4569.827255288053,5651.945793122796,-0.3065475664817588,38.0,4.224349761474337e-08,0.056213017751479286,0.9437869822485208,-0.8875739644970414,-0.8875739644970414,1.0,1.0,0.0,1.849326451134321e-07,6.73298641852603,French < Dunn,True,5085.1341068364645,835.1578350465949,16.42351642061528,0.1692698327738139,1.0,5657.612548011058,803.8518442563457,14.2083226349415,0.1464168900014709,1.0,4693.89387812412,531.021757061976,11.313032864607388,0.1111005998557717,1.0,4284.492865219782,756.12239342919,17.647885460777935,0.1751986285046156,1.0,14.2083226349415,17.647885460777935,0.1464168900014709,1.0,1.0,1.1559081844204546,1.1560813289512804,1025.1883020825835,1025.2470030177271,1025.1352405717655,0.0297741950913376,1095.323555128769,1102.8408436153272,1098.0563633672148,1092.842493768012,1078.72885869897,1.2868239953887035,1.0,1.0,1.0,0.0,0.0,4503.070971084091,4888.526507889115,0.0002220213683176,0.000204518780783,False,,5,1.0,True,True,True,True,False,False,True,False,retained,RG-012,7,1,5,0,0,False,member,45,main
French_vs_Dunn,French,Dunn,FT-110,26,26,7.9410984334996995,8.055319101151753,-0.11422066765205319,-0.11194390688256917,2735.1335760220627,3324.8264401629654,-0.2815742196113069,42.0,6.373179325674006e-08,0.0621301775147929,0.9378698224852071,-0.8757396449704142,-0.8757396449704142,1.0,1.0,0.0,2.729383319908216e-07,6.563935466883988,French < Dunn,True,3057.572263320515,912.4749291047112,29.843119001667223,0.4677711304322494,1.0,3226.9030056594324,793.9168322069155,24.603058437595493,0.653333578222849,1.0,2825.3568334846327,355.54610274710154,12.58411321831485,0.120158017576864,1.0,2853.947249405985,850.404097986457,29.797470789393824,0.5732015101014872,1.0,24.603058437595493,29.797470789393824,0.5732015101014872,1.0,1.0,1.2129841124168728,0.8160675123647686,1397.397689304656,1397.4807202889865,1397.32751164411,0.0396415334606327,1341.878177208506,1358.4040985107413,1343.935126354734,1339.536640575101,1327.251101175941,1.0627275704614252,1.0,1.0,1.0,0.0,0.0,2824.110301241298,2972.0036368096294,0.0003539684802963,0.0003363601670777,False,,5,1.0,True,True,True,True,False,False,True,True,retained,RG-013,2,0,1,0,0,True,representative,46,main
French_vs_Dunn,French,Dunn,FT-195,26,26,6.235570612483618,6.0772299422536715,0.15834067022994613,0.16308206544721937,495.7151162415628,474.7831661752006,0.06211442389389177,633.0,7.057516847018273e-08,0.9363905325443787,0.9363905325443787,0.8727810650887573,0.8727810650887574,1.0,1.0,0.0,2.958150678431063e-07,6.528979708248354,French > Dunn,True,500.8182606119441,90.36325239075722,18.043122525193752,0.192847053945907,1.0,465.8947871890237,88.6000781091792,19.017185971053205,0.1954619734655804,1.0,518.8456134619379,69.39037172457046,13.373992171114478,0.1293217247418661,1.0,449.01755169964633,87.6416366387773,19.5185324731809,0.1905756682027097,1.0,19.017185971053205,19.5185324731809,0.1905756682027097,1.0,1.0,0.9487798327606348,1.0119185505926251,1077.708774786632,1077.7732844734803,1077.6548450786415,0.0305915600535078,1164.8240522057135,1175.084413340395,1166.9203041317107,1162.488701920126,1152.544404150735,1.1655651972698904,1.0,1.0,1.0,0.0,0.0,445.7668332535952,477.7671082063903,0.0022383040225199,0.0020886982059947,False,,5,1.0,True,True,True,True,False,False,True,False,retained,RG-010,25,2,14,0,0,False,member,47,main
French_vs_Dunn,French,Dunn,FT-022,26,26,7.795167309718224,7.62150028367199,0.17366702604623363,0.13084477760148872,2442.4426795303716,2161.8628388189572,0.17597308340998638,630.0,9.565149966127309e-08,0.9319526627218935,0.9319526627218935,0.863905325443787,0.863905325443787,1.0,1.0,0.0,3.84558070066751e-07,6.415038070413068,French > Dunn,True,2145.1829461861403,642.836014158607,29.96648911933068,0.3963213273784072,1.0,2151.957752055407,406.97914964731353,18.91204180279999,0.2174993683250549,1.0,2408.1907841939847,444.142112575329,18.4429786664092,0.2534464585786758,1.0,1868.178556246246,515.3938316659433,27.58803915946506,0.3823824269958165,1.0,18.91204180279999,27.58803915946506,0.2534464585786758,1.0,1.0,1.5845189764171332,1.563728014196654,1454.994982263801,1455.078441648726,1454.920198358498,0.0427925433009234,1013.8599853437128,1031.0396689111074,1016.4947372485714,1011.0331473889784,999.7792065798594,1.343328762546636,1.0,1.0,1.0,0.0,0.0,1931.4354881676727,2142.89192603724,0.0005174816991941,0.0004664414226552,False,,5,1.0,True,True,True,True,False,False,True,False,retained,RG-020,2,0,1,0,0,False,member,48,main
French_vs_Dunn,French,Dunn,FT-250,26,26,6.849237276439988,6.987661841873472,-0.13842456543348458,-0.13463425287227793,936.2197581548903,1156.6082504453514,-0.3046878352692381,46.0,9.565149966127309e-08,0.0680473372781065,0.9319526627218935,-0.863905325443787,-0.863905325443787,1.0,1.0,0.0,3.84558070066751e-07,6.415038070413068,French < Dunn,True,1008.4530305560404,200.02150234156176,19.83448869515261,0.2073299272840449,1.0,1146.694247411121,184.6445050150273,16.102331151647196,0.1630808886871533,1.0,947.3096902869554,129.42615238703775,13.662496405777553,0.1353439157265994,1.0,803.9137460068445,142.01323909802102,17.665233341688864,0.1873302168047032,1.0,16.102331151647196,17.665233341688864,0.1630808886871533,1.0,1.0,1.2317774680173332,1.2713318461354282,1069.708344315076,1069.774287255223,1069.649218122904,0.030644853390045,1173.681223284433,1187.769702729723,1175.700209664516,1171.3635911074043,1163.6172158377544,1.1401411506553842,1.0,1.0,1.0,0.0,0.0,876.8528885709525,968.2601775156844,0.0011391430307051,0.0010317147275802,False,,5,1.0,True,True,True,True,False,False,True,False,retained,RG-010,25,1,12,0,0,False,member,49,main
French_vs_Dunn,French,Dunn,FT-113,26,26,8.76304814625675,8.84338949720188,-0.08034135094512962,-0.0827722929669985,6330.759517934513,7317.785204256956,-0.20899774263217974,47.0,1.0578464992577397e-07,0.06952662721893492,0.9304733727810651,-0.8609467455621302,-0.8609467455621301,1.0,1.0,0.0,4.167915207075494e-07,6.380081124994953,French < Dunn,True,7167.101097164737,1258.6227479103982,17.561113354579327,0.1695011623701482,1.0,7368.556145887404,1043.168291155661,14.157024395313623,0.139581838917602,1.0,6413.690739831438,602.9944686928131,9.401676712411314,0.0924089907515672,1.0,6654.192293825612,993.751515519923,14.934216981406134,0.1507930461166688,1.0,14.157024395313623,14.934216981406134,0.139581838917602,1.0,1.0,1.2404522916830285,1.2143496867827357,1295.8340568472142,1295.9104778358453,1295.768224225936,0.0366780214193528,1325.935889442976,1348.2670237223315,1327.797072671238,1323.3191753625963,1304.2779909769702,1.190702173843557,1.0,1.0,1.0,0.0,0.0,6569.464548413092,6819.189554608141,0.0001521962401032,0.0001466234907392,False,,5,1.0,True,True,True,True,False,False,True,False,retained,RG-016,8,2,4,0,0,False,member,50,main
French_vs_Dunn,French,Dunn,FT-103,26,26,8.604667628488201,8.662615550515877,-0.05794792202767596,-0.07435975489887348,5408.11508971395,6124.991668253464,-0.17955081074630652,52.0,1.7416464377286812e-07,0.07692307692307691,0.9230769230769231,-0.8461538461538461,-0.8461538461538461,1.0,1.0,0.0,6.727536239853925e-07,6.1721439541028635,French < Dunn,True,6135.042904251052,1065.0626453930076,17.360312910852045,0.1683194308663921,1.0,6202.990984655216,889.4379874250322,14.338856684223767,0.1421680372193521,1.0,5454.22489794098,537.364855957592,9.852268030980024,0.097139464086343,1.0,5655.052521078041,857.1288926092959,15.156868825082082,0.1554644353447116,1.0,14.338856684223767,15.156868825082082,0.1421680372193521,1.0,1.0,1.210718071403323,1.1839470682618405,1295.3340005034854,1295.4088685802842,1295.2660151633097,0.0369004205904129,1325.9263584717098,1348.1806891897468,1328.313249836628,1323.3256151193673,1304.770805939381,1.1895624336993404,1.0,1.0,1.0,0.0,0.0,5605.078776929837,5776.227461774498,0.0001783778002041,0.000173093409705,False,,5,1.0,True,True,True,True,False,False,True,False,retained,RG-016,8,1,4,0,0,False,member,51,main
French_vs_Dunn,French,Dunn,FT-065,26,26,5.861362590867612,6.0062580180065765,-0.1448954271389642,-0.1758782694520491,340.9340963479415,433.37293981478604,-0.3452159402648839,54.0,2.1212285927195837e-07,0.07988165680473373,0.9201183431952663,-0.8402366863905325,-0.8402366863905325,1.0,1.0,0.0,8.036192937803037e-07,6.094949644992811,French < Dunn,True,480.1136525835864,96.65674598780384,20.13205528892478,0.1968859763932892,1.0,435.00772944567206,67.22379266824612,15.453470850715462,0.1555232945840934,1.0,348.4606462533602,60.19778422917391,17.275346549579965,0.16741827631204,1.0,587.6739058988328,116.6840701373275,19.85524097056208,0.196257606273007,1.0,17.275346549579965,19.85524097056208,0.16741827631204,1.0,1.0,1.1653633246167368,1.176012444581178,1149.7477835102598,1149.8144632764945,1149.685681984192,0.0325078453702678,1279.935188473766,1290.790366661261,1282.5930344589017,1277.339259704826,1271.8166430403594,1.2261011409371214,1.0,1.0,1.0,0.0,0.0,472.67474828403033,456.7684436834198,0.0021111532831814,0.0021845105616139,False,,5,1.0,True,True,True,True,False,False,True,False,retained,RG-015,16,2,3,0,0,False,member,52,main
French_vs_Dunn,French,Dunn,FT-232,26,26,7.143802150355257,7.051172347065588,0.09262980328966908,0.0872028059353065,1261.0887952469993,1214.773717180771,0.0539386800440316,621.0,2.339859153100136e-07,0.9186390532544378,0.9186390532544378,0.8372781065088757,0.8372781065088757,1.0,1.0,0.0,8.697212323787299e-07,6.060619927427511,French > Dunn,True,1161.5951378729037,175.42940932578406,15.10245726811735,0.1543321068390583,1.0,1236.67040761456,175.3357399150024,14.178049287458188,0.1393339115311454,1.0,1280.991860501545,153.6803555445121,11.99698142378062,0.1179296074122416,1.0,923.3008881384958,161.59604168436906,17.501991361685935,0.1693148851349054,1.0,14.178049287458188,17.501991361685935,0.1393339115311454,1.0,1.0,1.0651999412554511,1.1076421033695043,1151.7625057823254,1151.8278132907371,1151.7003322838043,0.0337363777691751,1245.2407794332655,1258.885828041167,1247.7170349348398,1242.597248836875,1232.0764022275648,1.318578168780149,1.0,1.0,1.0,0.0,0.0,1013.021817549967,1148.1229426611922,0.0009861720750902,0.0008702289049108,False,,5,1.0,True,True,True,True,False,False,True,False,retained,RG-015,16,0,8,0,0,False,member,53,main
French_vs_Dunn,French,Dunn,FT-068,26,26,5.7925393373769785,6.021101932822623,-0.22856259544564494,-0.21622347013230314,336.71472694324495,439.1586706665423,-0.38221859440898126,56.0,2.5801859040995934e-07,0.08284023668639054,0.9171597633136095,-0.834319526627219,-0.834319526627219,1.0,1.0,0.0,9.241756783774908e-07,6.034245465037651,French < Dunn,True,488.2199166624425,96.60530378739608,19.787251705708155,0.1969975252195319,1.0,442.4930305940953,87.98194662788195,19.883238954013937,0.2060094685673168,1.0,334.80251374598936,57.20044068189484,17.084830111309177,0.180890845137984,1.0,580.5758467964937,112.13830397823811,19.315013636374264,0.192908217563552,1.0,19.315013636374264,19.883238954013937,0.192908217563552,1.0,1.0,1.0244492744465148,1.0211982035168237,1150.2524730526775,1150.3175604084613,1150.188700028146,0.0330723340888498,1279.7884240559065,1291.1614973466476,1282.297445204404,1277.0675088026385,1271.432436429538,1.252126286661389,1.0,1.0,1.0,0.0,0.0,472.5409406108604,452.4955594955079,0.0021117498282408,0.0022050932562877,False,,5,1.0,True,True,True,True,False,False,True,False,retained,RG-015,16,2,2,0,0,False,member,54,main
French_vs_Dunn,French,Dunn,FT-052,26,26,7.346352302924814,7.463094622079659,-0.11674231915484512,-0.11362836551078637,1544.9123987764513,1852.1109231444805,-0.26149067119514324,56.0,2.5801859040995934e-07,0.08284023668639053,0.9171597633136095,-0.834319526627219,-0.834319526627219,1.0,1.0,0.0,9.241756783774908e-07,6.034245465037651,French < Dunn,True,1665.0215529972318,299.24782484615184,17.97260968228736,0.1881575634885689,1.0,1869.413218002942,309.1881290067762,16.539314370371034,0.1683437988478343,1.0,1574.3380719415975,183.53313358969825,11.657796813828604,0.1129342699215043,1.0,1306.9271333079812,206.5767764919614,15.80629640530089,0.1615838593329529,1.0,15.80629640530089,16.539314370371034,0.1615838593329529,1.0,1.0,1.1370538183922685,1.1644576646783722,1069.2070748658969,1069.267262316396,1069.1527914655323,0.0310318689959965,1173.5811959662594,1189.0482915242503,1175.8907247598563,1171.315212620077,1163.561102549235,1.1500091708878202,1.0,1.0,1.0,0.0,0.0,1452.0044694646954,1587.177876235044,0.0006882291286883,0.000629652392823,False,,5,1.0,True,True,True,True,False,False,True,False,retained,RG-010,25,1,12,0,0,False,member,55,main
French_vs_Dunn,French,Dunn,FT-198,26,26,7.075301783802727,7.2029615957311695,-0.12765981192844222,-0.14340536634471146,1150.1221302265876,1398.6590708593003,-0.28203455138132366,57.0,2.8442734414666213e-07,0.08431952662721895,0.915680473372781,-0.8313609467455622,-0.8313609467455622,1.0,1.0,0.0,1.000574764230222e-06,5.999750454774386,French < Dunn,True,1321.6799192517187,334.87427957969913,25.33701804059271,0.29375520005933,1.0,1411.7931053390105,230.31986201850404,16.313995382715646,0.1637700795118504,1.0,1168.5421554421146,170.9220043120999,14.626943796258,0.1625630716157749,1.0,1272.5411853686894,205.5106825554627,16.14962917651429,0.1664987519063165,1.0,16.14962917651429,16.313995382715646,0.1637700795118504,1.0,1.0,1.568891629873412,1.7937049364262772,1398.406658551712,1398.487095265835,1398.3355869959996,0.0399371078113669,1341.7948458373571,1355.4510447743162,1343.7796393323767,1339.4045540846112,1328.786968608478,1.124417950389659,1.0,1.0,1.0,0.0,0.0,1210.7867643846014,1285.9060848763825,0.0008252276963165,0.0007770574805356,False,,5,1.0,True,True,True,True,False,False,True,False,retained,RG-013,2,0,1,0,0,False,member,56,main
French_vs_Dunn,French,Dunn,FT-040,26,26,6.5957510100075005,6.789559998485157,-0.19380898847765682,-0.17976031723266672,724.824141770441,959.3091015487462,-0.4038788077803356,59.0,3.4529424988505017e-07,0.08727810650887573,0.9127218934911243,-0.8254437869822485,-0.8254437869822485,1.0,1.0,0.0,1.1728097797819808e-06,5.930772421209394,French < Dunn,True,886.5293864385967,118.68696932945446,13.387821221160957,0.1414291388719939,1.0,951.0122073465504,173.75886699485983,18.270939705355623,0.1883104607211186,1.0,753.6994522024642,116.15019627125176,15.410678080213152,0.150496224795471,1.0,789.8296231670555,152.89654677833602,19.358168178758863,0.1991974977750463,1.0,18.270939705355623,19.358168178758863,0.1883104607211186,1.0,1.0,0.7327385146608898,0.7510423920710684,1024.6859401518484,1024.745883352035,1024.635571164931,0.0299810881909713,1107.6170160866384,1125.2454211495194,1110.1572639572094,1104.5491052697555,1102.7951743386006,1.4042236421118546,1.0,1.0,1.0,0.0,0.0,780.9964350724675,833.0263994679034,0.0012787782081223,0.0011990028141051,False,,5,1.0,True,True,True,True,False,False,True,True,retained,RG-012,7,1,5,0,0,True,representative,57,main
French_vs_Dunn,French,Dunn,FT-071,26,26,5.405263703431066,5.5631083060075195,-0.1578446025764535,-0.1892992130326192,218.71372708488042,288.6751489311648,-0.3988109138828393,59.0,3.4529424988505017e-07,0.08727810650887571,0.9127218934911243,-0.8254437869822485,-0.8254437869822485,1.0,1.0,0.0,1.1728097797819808e-06,5.930772421209394,French < Dunn,True,326.32127127178114,72.53815804921508,22.229062103892296,0.2143482722504143,1.0,282.45114734847255,66.81995543728179,23.657172599424083,0.2423386941950907,1.0,221.7498548305289,32.575163558897856,14.690049553264982,0.1467914803361484,1.0,379.0370810139955,66.92717953695194,17.657158861056324,0.180356915029766,1.0,17.657158861056324,23.657172599424083,0.180356915029766,1.0,1.0,1.2589263243771067,1.1884671691963595,1150.7515985354444,1150.8216637168111,1150.6946579570076,0.0329001027792091,1279.6007579597722,1289.9491491550348,1281.8612304005794,1276.882566964393,1271.0001140687532,1.1438663349396818,1.0,1.0,1.0,0.0,0.0,312.004407713369,294.26128240970115,0.0031948431886484,0.0033868307820068,False,,5,1.0,True,True,True,True,False,False,True,False,retained,RG-015,16,2,2,0,0,False,member,58,main
French_vs_Dunn,French,Dunn,FT-182,26,26,7.132113820315958,7.265967596670507,-0.13385377635454887,-0.12157675408151558,1262.43155936485,1518.4952316638387,-0.2662446325545199,60.0,3.8026561190150454e-07,0.08875739644970414,0.9112426035502958,-0.8224852071005917,-0.8224852071005917,1.0,1.0,0.0,1.269700432959261e-06,5.896298732318979,French < Dunn,True,1386.0709306910958,221.67196943433632,15.992830130548263,0.166864409498003,1.0,1528.7790478201348,247.4252037503428,16.184497302153837,0.1666024833400257,1.0,1276.0309182981389,134.97663136993327,10.577849598656558,0.1047096398512401,1.0,1169.9526520608183,203.64575367316772,17.406324376841663,0.1677314674408908,1.0,16.184497302153837,17.406324376841663,0.1666024833400257,1.0,1.0,0.988157360217789,1.001572162387536,1026.1932694786867,1026.2519200407537,1026.1381214922203,0.0299624324206606,1095.4661545958722,1104.191831524452,1098.1953511608233,1092.7190611696617,1082.1188748820443,1.2733034739127342,1.0,1.0,1.0,0.0,0.0,1234.0606693282589,1327.501355955399,0.0008096768238469,0.0007527278730407,False,,5,1.0,True,True,True,True,False,False,True,False,retained,RG-012,7,0,6,0,0,False,member,59,main
French_vs_Dunn,French,Dunn,FT-075,26,26,6.749714146942528,6.640765183764603,0.10894896317792568,0.1275918555653135,856.564707794276,809.2375373339877,0.08190060946151836,612.0,5.575321406139254e-07,0.9053254437869822,0.9053254437869822,0.8106508875739644,0.8106508875739645,1.0,1.0,0.0,1.8305638616823886e-06,5.737415115571045,French > Dunn,True,865.4637553338365,166.1154794654087,19.19381123029615,0.2008858736998233,1.0,810.0869100296438,150.02029141936077,18.51903660730316,0.1902586880928945,1.0,868.8621625716228,115.15851739923558,13.253945488706067,0.127119751289427,1.0,769.8637517831886,141.35892824546863,18.36155136776443,0.1825205073875006,1.0,18.36155136776443,18.51903660730316,0.1825205073875006,1.0,1.0,1.045326227934794,1.1006208374894118,1076.704086348371,1076.7659052150043,1076.6508631728868,0.0303673983692482,1165.0016465840235,1176.4046223958326,1167.1510336308895,1162.5396325060522,1152.5668176015192,1.1153635458279254,1.0,1.0,1.0,0.0,0.0,779.4965717097257,816.192662582601,0.001281235608517,0.0012237016382889,False,,5,1.0,True,True,True,True,False,False,True,False,retained,RG-010,25,1,13,0,0,False,member,60,main
French_vs_Dunn,French,Dunn,FT-042,26,26,6.557591077221369,6.7351172446911445,-0.17752616746977523,-0.1751631588409408,723.9267660204862,907.5226714825855,-0.3256872585515608,69.0,8.929613834071522e-07,0.10207100591715977,0.8979289940828402,-0.7958579881656804,-0.7958579881656804,1.0,1.0,0.0,2.883826107069e-06,5.540030930851796,French < Dunn,True,813.4564185061249,173.2013328510153,21.29202363036136,0.2390801789450344,1.0,905.9908230138992,168.75954844023966,18.62707040219663,0.1851976717916229,1.0,720.041082656171,106.40405823965408,14.777498229286929,0.1439385198522842,1.0,731.9833867398276,142.22855910509824,19.430572015926263,0.1939296475004812,1.0,18.62707040219663,19.430572015926263,0.1851976717916229,1.0,1.0,1.1430688331886296,1.2909459208214993,1025.1886386302892,1025.247027968808,1025.1370733359656,0.0298006748993319,1107.3546178711229,1123.5890952400546,1110.207654223817,1104.6921888972022,1102.8541050786582,1.4123877129358002,1.0,1.0,1.0,0.6769438017851375,0.1666666666666666,733.8785213958358,787.5239041224207,0.0022819333440307,0.0021266873369571,False,,5,1.0,True,True,True,True,False,False,True,False,retained,RG-012,7,1,5,0,0,False,member,61,main
French_vs_Dunn,French,Dunn,FT-168,26,26,8.408502875124107,8.281129783541761,0.12737309158234567,0.1122456370531566,4347.920220105391,4256.791122604329,0.030552066910931305,598.0,2.0426438521170714e-06,0.8846153846153846,0.8846153846153846,0.7692307692307692,0.7692307692307693,1.0,1.0,0.0,6.387314902651795e-06,5.19468167205045,French > Dunn,True,4272.505543503742,647.1068858692253,15.14584075503748,0.1549091845619992,1.0,4228.6050966851,811.5313554095404,19.191467087946293,0.2069617323617849,1.0,4544.164145292001,573.1416536814055,12.612696974760718,0.1238463724811625,1.0,4226.153285283751,1065.088414705093,25.20231384919067,0.5655774027785154,1.0,19.191467087946293,25.20231384919067,0.2069617323617849,1.0,1.0,0.7891966093905465,0.7484919206764573,1336.3262451050714,1336.405389862383,1336.2566589899025,0.0391003658010661,1551.2877356272045,1571.0304137199175,1553.9989897891342,1548.747391469725,1537.806266046342,1.2870543607151437,1.0,1.0,1.0,0.0,0.0,4360.541664934453,4331.653048170472,0.0002292767275479,0.0002308054646614,False,,5,1.0,True,True,True,True,False,False,True,True,retained,RG-011,6,0,5,0,0,True,representative,62,main
French_vs_Dunn,French,Dunn,FT-127,26,26,6.483964323563932,6.671210632732363,-0.18724630916843044,-0.16417776193217382,679.1363586391285,799.2789894864561,-0.23467901596645607,78.0,2.0426438521170714e-06,0.11538461538461536,0.8846153846153846,-0.7692307692307692,-0.7692307692307693,1.0,1.0,0.0,6.387314902651795e-06,5.19468167205045,French < Dunn,True,989.7310125429308,215.3305061204137,21.756467503949565,0.2183301626382511,1.0,821.8988475249354,165.3057017990457,20.11265769465999,0.1962584698492268,1.0,659.4826737906666,96.10015867414523,14.572052078603877,0.1553114776869699,1.0,1221.2068678407177,194.37799755889077,15.916877203825516,0.1679594025102196,1.0,15.916877203825516,20.11265769465999,0.1679594025102196,1.0,1.0,1.3668804015602094,1.299898424114522,1089.3621822179891,1089.4251348726043,1089.307522369366,0.0309853004019954,1455.0379438086263,1466.2902433975903,1456.7362453819535,1452.8117716271825,1443.8567584493844,1.0701762813663769,1.0,1.0,1.0,0.0,0.0,1045.6410951475164,899.8632527289776,0.0009554373553993,0.0011100463882511,False,,5,1.0,True,True,True,True,False,False,True,False,retained,RG-007,14,0,9,0,1,False,member,63,main
French_vs_Dunn,French,Dunn,FT-072,26,26,4.704586197686423,4.955972146994711,-0.25138594930828795,-0.22449795974757691,106.03029110037045,147.95169617177788,-0.4768253945110875,82.0,2.925899690998693e-06,0.12130177514792899,0.878698224852071,-0.757396449704142,-0.757396449704142,1.0,1.0,0.0,9.006284986355352e-06,5.0454543147522415,French < Dunn,True,135.20509259487687,28.80662512848012,21.30587285997809,0.225489375649795,1.0,145.40447430488308,33.238896509614065,22.859610523345367,0.2366934632125195,1.0,111.04914744010998,21.10003677121711,19.000629232742728,0.1875858058867834,1.0,130.78801710461696,39.40299930055532,30.12737724208861,0.2933388740004765,1.0,22.859610523345367,30.12737724208861,0.2366934632125195,1.0,1.0,0.932031315153838,0.9526641445409724,1252.819559504331,1252.8923288346316,1252.7474352137208,0.0360234419531445,1252.123154423304,1259.34100136828,1254.3494914890537,1249.7181801223417,1244.226415264071,1.2333870429369769,1.0,1.0,1.0,0.0,0.0,122.3648908550372,129.28717828347777,0.0081060340026164,0.0076753523499005,False,,5,1.0,True,True,True,True,False,False,True,True,retained,RG-009,24,1,5,0,0,False,member,64,main
French_vs_Dunn,French,Dunn,FT-207,26,26,6.6776454155079,6.865763970908507,-0.18811855540060662,-0.15361019652248764,788.489022313251,1017.1781340407649,-0.36699887739183756,83.0,3.1983476262130933e-06,0.12278106508875739,0.8772189349112426,-0.7544378698224852,-0.7544378698224852,1.0,1.0,0.0,9.693453574830452e-06,5.013521465335811,French < Dunn,True,992.11350626866,173.69623932146172,17.507698284920387,0.1769609260361332,1.0,1012.604362845107,162.12225493419857,16.01042429628536,0.1638385337646102,1.0,818.3109865921647,118.99974711036812,14.54211773520719,0.1383840957575858,1.0,1051.39412655592,148.17942650847803,14.09361368546668,0.1436825619974122,1.0,14.54211773520719,16.01042429628536,0.1436825619974122,1.0,1.0,1.2039304456003257,1.231610319137547,1034.6551417461487,1034.7125304192216,1034.5975891814644,0.0303605748289172,1455.50905041845,1469.479553565551,1457.2048275403458,1453.303311263696,1442.954649764501,1.045363518081707,1.0,1.0,1.0,0.0,0.0,901.5359142400708,961.4259587173171,0.0011079891494866,0.0010390409682348,False,,5,1.0,True,True,True,True,False,False,True,False,retained,RG-014,17,2,2,0,0,False,member,65,main
French_vs_Dunn,French,Dunn,FT-123,26,26,6.935719891213441,7.069533306750417,-0.13381341553697634,-0.14991365101061582,1065.8442231156234,1234.1796983101865,-0.21137141122860525,85.0,3.818016570189033e-06,0.1257396449704142,0.8742603550295858,-0.7485207100591715,-0.7485207100591716,1.0,1.0,0.0,1.1396200974655143e-05,4.943239900480814,French < Dunn,True,1570.523824463237,345.3045581225543,21.986585159927145,0.2207644279280549,1.0,1286.2016715521836,256.60000085784606,19.950215159352272,0.1917281512019792,1.0,1046.1914279598236,146.85775512281575,14.037369376004436,0.1450536559039149,1.0,1929.5898358592387,307.75342793660053,15.949162988804776,0.1615608860143976,1.0,15.949162988804776,19.950215159352272,0.1615608860143976,1.0,1.0,1.3785416310160117,1.3664472470668505,1089.0265712685955,1089.0914068180275,1088.971235140457,0.0306282484678529,1455.280496632148,1466.5178693574048,1457.040376031163,1452.9903136270375,1444.6004065151849,1.048298112389065,1.0,1.0,1.0,0.0,0.0,1643.2145223507462,1418.9589619139815,0.0006081931441465,0.0007042457048562,False,,5,1.0,True,True,True,True,False,False,True,False,retained,RG-007,14,1,6,0,1,False,member,66,main
French_vs_Dunn,French,Dunn,FT-048,26,26,7.473545729443855,7.395038317218268,0.0785074122255871,0.08187674703894032,1745.121094104778,1701.1692571769113,0.03677911362575722,589.0,4.551868996139337e-06,0.8713017751479291,0.8713017751479291,0.7426035502958579,0.742603550295858,1.0,1.0,0.0,1.2995915829557238e-05,4.886193110106157,French > Dunn,True,1832.6181706770917,369.3815235760249,20.15594571124168,0.2003412419465197,1.0,1727.0199550777254,285.4537140604505,16.528686493816657,0.1650532978064904,1.0,1773.7608517519925,221.0640380072473,12.463012575167406,0.1219667463940386,1.0,1572.313153716591,285.88733846997985,18.182595356033698,0.1771805420028009,1.0,16.528686493816657,18.182595356033698,0.1650532978064904,1.0,1.0,1.219452357498702,1.2137972679673514,995.6559728029966,995.70918172837,995.6074428817482,0.0273435726814712,1136.486651444235,1153.569062908047,1138.6681222264142,1133.988936628819,1126.1802677626015,1.1929094187675182,1.0,1.0,1.0,0.0,0.0,1621.3277249601028,1691.4868725225535,0.0006163982681271,0.0005908465325403,False,,5,1.0,True,True,True,True,False,False,True,False,retained,RG-017,8,0,5,0,0,False,member,67,main
French_vs_Dunn,French,Dunn,FT-115,26,26,4.5548748109283625,4.800931207799662,-0.24605639687129965,-0.2689575675397533,92.33833341727953,132.0049697412386,-0.5109385402373504,87.0,4.551868996139337e-06,0.128698224852071,0.8713017751479291,-0.742603550295858,-0.742603550295858,1.0,1.0,0.0,1.2995915829557238e-05,4.886193110106157,French < Dunn,True,139.8000252545429,30.149390976812636,21.56608407038389,0.223851601841387,1.0,129.58792378319723,31.86225846519408,24.58736704393857,0.2440007728351992,1.0,94.63121562935764,25.29950592898983,26.73484194484036,0.2586073691200118,1.0,177.61194427190546,34.084432892518635,19.190394560592672,0.1942818738617155,1.0,24.58736704393857,26.73484194484036,0.2440007728351992,1.0,1.0,0.8771205160700805,0.9174216919082416,1151.2577144686827,1151.3262326936172,1151.1904885859722,0.0345722197950819,1279.5426959634483,1288.5432278668477,1281.9849407416823,1276.8114177037737,1271.368124220108,1.3332454669452618,1.0,1.0,1.0,0.0,0.0,133.8988169299706,133.8885582225211,0.0074129634548175,0.0074135272344621,False,,5,1.0,True,True,True,True,False,False,True,True,retained,RG-015,16,1,3,0,0,False,member,68,main
French_vs_Dunn,French,Dunn,FT-205,26,26,5.898649260924432,5.721848830791535,0.17680043013289737,0.1692418555236399,363.5444992970322,311.244193637337,0.22342018818488102,589.0,4.551868996139337e-06,0.871301775147929,0.871301775147929,0.7426035502958579,0.742603550295858,1.0,1.0,0.0,1.2995915829557238e-05,4.886193110106157,French > Dunn,True,338.5718169113185,91.74739889349743,27.09835677714684,0.2903258099455163,1.0,316.3446276251264,74.65964112560529,23.60072990209848,0.2537392712173635,1.0,363.4794030599575,73.06051471151733,20.10031767865143,0.2273848032591384,1.0,256.30104367463497,85.07108822344587,33.19186180585382,0.4756263044059418,1.0,23.60072990209848,33.19186180585382,0.2537392712173635,1.0,1.0,1.148199945067689,1.144189500319055,1559.5079808864853,1559.593122537758,1559.4291321157314,0.0434378052259568,1385.8104858293589,1396.1924584706642,1388.2480646536085,1383.251170625242,1375.8304738998434,1.2375875733611723,1.0,1.0,1.0,0.0,0.0,305.2181539913414,312.0961589997192,0.0032656457070415,0.0031939069555972,False,,5,1.0,True,True,True,True,False,False,True,False,retained,RG-028,1,0,0,0,0,True,singleton,69,main
French_vs_Dunn,French,Dunn,FT-163,26,26,7.040614307852195,6.914818906785447,0.12579540106674791,0.1225535273242464,1141.0609347459836,1091.7215221859515,0.06371384784340506,587.0,5.41978153564098e-06,0.8683431952662721,0.8683431952662721,0.7366863905325445,0.7366863905325444,1.0,1.0,0.0,1.5252813750303902e-05,4.816650032808334,French > Dunn,True,1067.4257666487863,229.7288990639194,21.521768186762053,0.2304449309397323,1.0,1079.683403511371,209.82167410839028,19.43362965717575,0.1962405198013493,1.0,1164.8620666957506,148.96093780322212,12.787860645661242,0.1256600173690504,1.0,1085.544693924251,240.08297041015052,22.116359810322415,0.3071777378640448,1.0,19.43362965717575,22.116359810322415,0.1962405198013493,1.0,1.0,1.1074497438935844,1.1742984128507583,1337.3318321701493,1337.4086088050117,1337.2605286062494,0.0385999135719712,1551.0732220065731,1564.003391265867,1553.8833102803744,1548.545409600503,1539.332274119059,1.2550125304137447,1.0,1.0,1.0,0.0,0.0,1104.3794371121548,1109.6459198851526,0.000904666729293,0.0009003769627168,False,,5,1.0,True,True,True,True,False,False,True,False,retained,RG-011,6,0,5,0,0,False,member,70,main
French_vs_Dunn,French,Dunn,FT-217,26,26,4.400536191765511,4.613978682264464,-0.21344249049895314,-0.2147222428382154,78.72033438648602,106.28516203915333,-0.42843089280118957,91.0,6.4448701680914975e-06,0.1346153846153846,0.8653846153846154,-0.7307692307692308,-0.7307692307692307,1.0,1.0,0.0,1.7882245395972185e-05,4.747577949642207,French < Dunn,True,113.99744515007,25.211088899547768,22.115485892125964,0.232141856461769,1.0,109.45642950639582,32.71733236158546,29.890735984288348,0.3073831835780404,1.0,112.3975742635556,178.924854739174,159.18924933346145,0.5770913220586236,1.0,163.51959818131456,204.238495617062,124.90153956383706,0.5285792074738542,1.0,124.90153956383706,159.18924933346145,0.5285792074738542,1.0,1.0,0.1770633570198929,0.4391808326536411,1089.0287993120237,1089.0950065180127,1088.970820326633,0.030458456101534,1473.4388815633502,1483.5051296283675,1476.2821695524506,1470.872925663907,1466.9955052957894,1.2981758393010991,1.0,1.0,1.0,0.0,0.0,115.9467520052329,128.2173427878394,0.0085509001562972,0.0077388992717633,False,,5,1.0,True,True,True,True,False,False,True,True,retained,RG-007,14,1,5,0,0,False,member,71,main
French_vs_Dunn,French,Dunn,FT-170,26,26,8.7065765015151,8.56908547139672,0.1374910301183796,0.10405957225834683,5996.164636174085,5672.216405778316,0.08011368179579292,579.0,1.0753663987404105e-05,0.856508875739645,0.856508875739645,0.7130177514792899,0.7130177514792899,1.0,1.0,0.0,2.9020161719432994e-05,4.537300171716971,French > Dunn,True,5779.27594753261,938.4985709118644,16.239033737652633,0.1658784997235377,1.0,5671.299210429717,1427.1031630819375,25.16360202715888,0.5649406356678215,1.0,6153.13984052284,801.2089553315006,13.021140037399524,0.1287423968507694,1.0,5957.12164483998,900.2420365247706,15.112030443503771,0.1512250157981338,1.0,15.112030443503771,25.16360202715888,0.1512250157981338,1.0,1.0,1.0745765632462263,1.0968985445170294,1335.8228921318928,1335.9020610217854,1335.7547405936011,0.0383352462187882,1551.4213307481,1575.553642272948,1553.910653186191,1548.7607078924857,1537.0798873901392,1.2195413220166411,1.0,1.0,1.0,0.0,0.0,5970.165276770475,5923.94781393716,0.000167471499054,0.0001687778578652,False,,5,1.0,True,True,True,True,False,False,True,False,retained,RG-011,6,0,4,0,0,False,member,72,main
French_vs_Dunn,French,Dunn,FT-208,26,26,6.915894105725577,7.076637842287707,-0.1607437365621296,-0.15371188288112503,1005.5115429735338,1251.1491930780949,-0.31504275144242755,97.0,1.0753663987404105e-05,0.14349112426035504,0.856508875739645,-0.7130177514792899,-0.7130177514792899,1.0,1.0,0.0,2.9020161719432994e-05,4.537300171716971,French < Dunn,True,1209.3457361805747,208.0256657444504,17.201504873325064,0.1818208150278348,1.0,1252.0742352079556,202.9867249204052,16.212035933052434,0.1675089248350074,1.0,1016.5694461633428,164.97485385097477,16.228586691603805,0.156238074640324,1.0,1309.1332916575625,206.8353400983014,15.799410298122988,0.1571177741744939,1.0,16.212035933052434,16.228586691603805,0.1571177741744939,1.0,1.0,1.0610329846515665,1.1572262653486032,1034.3174542653558,1034.380541985564,1034.2613138443917,0.0295451611052212,1455.555851617301,1469.701675415041,1457.6545435811267,1453.1631563393423,1442.65215174357,1.0732159464279536,1.0,1.0,1.0,0.0,0.0,1101.7275424408358,1193.3452599235234,0.0009068423173566,0.0008372788284553,False,,5,1.0,True,True,True,True,False,False,True,False,retained,RG-014,17,2,2,0,0,False,member,73,main
French_vs_Dunn,French,Dunn,FT-166,26,26,7.791061562260968,7.684976043340971,0.10608551891999696,0.09324752608335629,2400.1431119583012,2358.829402749677,0.02503882529207343,578.0,1.169835104358021e-05,0.8550295857988166,0.8550295857988166,0.7100591715976332,0.7100591715976331,1.0,1.0,0.0,3.072766874113735e-05,4.5124703877184205,French > Dunn,True,2382.851464684823,391.389090596574,16.425240783874987,0.1728798535273896,1.0,2365.399175156565,420.01840403181177,17.7567663184803,0.1772971814166283,1.0,2476.4544542656777,312.97061794079127,12.637850754803962,0.1238776126488599,1.0,2403.2401571449404,357.6057644318012,14.880151006491102,0.146822983131908,1.0,14.880151006491102,17.7567663184803,0.146822983131908,1.0,1.0,1.1038356248340409,1.1774713320738877,1336.829587591733,1336.9071768270933,1336.758166890643,0.0395924658268704,1551.163342823527,1568.0353767641172,1553.9326980453293,1548.4241335389538,1538.6801701207305,1.3142761731910406,1.0,1.0,1.0,0.0,0.0,2406.167023633026,2414.4030079228264,0.0004154260963955,0.000414009586276,False,,5,1.0,True,True,True,True,False,False,True,False,retained,RG-011,6,0,5,0,0,False,member,74,main
French_vs_Dunn,French,Dunn,FT-060,26,26,5.876960104085251,6.045355018967479,-0.1683949148822279,-0.15024891770715776,351.9357359892549,433.7025236677868,-0.3006229557342595,98.0,1.169835104358021e-05,0.1449704142011834,0.8550295857988166,-0.7100591715976332,-0.7100591715976331,1.0,1.0,0.0,3.072766874113735e-05,4.5124703877184205,French < Dunn,True,400.7886016215288,69.83598077931343,17.424642441618307,0.1793481241270795,1.0,429.4710455346248,94.39164729852024,21.97858232352248,0.2548115972073745,1.0,356.3431608640206,54.006261886152025,15.155689183202997,0.153157362295362,1.0,398.0676644056148,83.15382079225036,20.889368373191942,0.2114450227667062,1.0,20.889368373191942,21.97858232352248,0.2114450227667062,1.0,1.0,0.8341392678957186,0.8482021557204483,1251.815294797806,1251.8928041654049,1251.7555207167077,0.038755507110193,1252.0156980757831,1259.4881563062756,1254.194200130937,1249.5033644892535,1243.0116841700158,1.2070818965472034,1.0,1.0,1.0,0.0,0.0,369.7445069546533,395.068350461334,0.0026972752967107,0.0025248167363921,False,,5,1.0,True,True,True,True,False,False,True,True,retained,RG-009,24,1,8,0,0,False,member,75,main
French_vs_Dunn,French,Dunn,FT-078,26,26,6.737320000758515,6.661000301962728,0.07631969879578637,0.09967753408642732,832.0082988254694,840.4135530840879,-0.014484188052801966,577.0,1.2721937698567517e-05,0.8535502958579881,0.8535502958579881,0.7071005917159763,0.7071005917159763,1.0,1.0,0.0,3.2976601666023695e-05,4.481794101685366,French > Dunn,True,849.9818739507681,153.95509179749394,18.11274999099701,0.1811393873244086,1.0,820.718794452905,144.52799610962492,17.609928892388528,0.1821749056385841,1.0,854.605458357555,111.33603502772895,13.027770176158588,0.1284196688399669,1.0,765.2266471390691,145.57378190997628,19.02361639577357,0.1890435834123533,1.0,17.609928892388528,19.02361639577357,0.1821749056385841,1.0,1.0,1.028553272513543,0.9943158015614412,1077.205728818574,1077.2697492713137,1077.1507175425947,0.0315129711684634,1164.9081193819106,1176.015186999219,1167.311426224721,1162.4987461160683,1152.201798220714,1.193687829900949,1.0,1.0,1.0,2.55112722212645,0.3333333333333333,750.8839119116299,813.608129027097,0.0047229727433559,0.0043593073719601,False,0.3535533905932737,5,1.0,True,True,True,True,False,False,True,True,retained,RG-010,25,2,14,0,0,False,member,76,main
French_vs_Dunn,French,Dunn,FT-051,26,26,4.68851734163564,4.8757855948926085,-0.18726825325696872,-0.19595603755634627,105.34446356141643,141.0279167603337,-0.4174296046596713,100.0,1.3830642197204448e-05,0.14792899408284027,0.8520710059171597,-0.7041420118343196,-0.7041420118343196,1.0,1.0,0.0,3.538488977726333e-05,4.4511821528692606,French < Dunn,True,130.10013630036502,20.62777859395784,15.855308980102864,0.1547061737356558,1.0,142.9059654289295,29.160715138683127,20.405526844983555,0.208847161297784,1.0,110.27678130247511,19.12185369597076,17.339872881782753,0.1635417294301753,1.0,99.34108019766782,27.14648683125351,27.32654685980636,0.2569963402982306,1.0,20.405526844983555,27.32654685980636,0.208847161297784,1.0,1.0,0.7770105178147211,0.7407626360555056,1069.2050570468462,1069.267470109953,1069.1500824304103,0.0309242309640597,1157.7638325982018,1163.3854165077216,1160.088364981479,1155.2213391757566,1149.20816373825,1.1956236333629695,1.0,1.0,1.0,0.0,0.0,112.01591078476524,117.82943627322548,0.008848311649715,0.0084154232432836,False,,5,1.0,True,True,True,True,False,False,True,True,retained,RG-010,25,1,10,0,0,False,member,77,main
French_vs_Dunn,French,Dunn,FT-086,26,26,5.463616151879065,5.619315588294713,-0.15569943641564787,-0.16541562100286455,230.28139776723276,300.38888432794766,-0.3819769761753867,101.0,1.5031140494824744e-05,0.14940828402366865,0.8505917159763313,-0.7011834319526626,-0.7011834319526628,1.0,1.0,0.0,3.796326509590352e-05,4.420636442394568,French < Dunn,True,273.67974762763424,65.97930109473187,24.108214680357936,0.2406166528608359,1.0,294.6502447734531,61.3521851001876,20.822037717076828,0.2100902318168414,1.0,236.83616924944528,36.0748597640879,15.23198921786833,0.1512361118627817,1.0,258.70919233858064,53.74691233270888,20.77503000448807,0.2019675154421769,1.0,20.77503000448807,20.822037717076828,0.2019675154421769,1.0,1.0,1.1604418706086004,1.1913631374532816,1252.3224421698592,1252.394260929982,1252.2598314863185,0.0357571265908724,1252.0492024447103,1259.1190925011254,1254.3147136599673,1249.55524604749,1244.1498037484978,1.2944815304881885,1.0,1.0,1.0,0.0,0.0,247.9977835065569,263.7941267110367,0.0040161000066639,0.0037765188088604,False,,5,1.0,True,True,True,True,False,False,True,False,retained,RG-009,24,1,6,0,0,False,member,78,main
French_vs_Dunn,French,Dunn,FT-146,26,26,5.328673352759158,5.54441994061899,-0.21574658785983214,-0.2837261357943994,200.88665267479468,267.9229090181087,-0.4136471278471517,103.0,1.773669871079065e-05,0.15236686390532544,0.8476331360946745,-0.6952662721893491,-0.6952662721893491,1.0,1.0,0.0,4.422948919019947e-05,4.354288076302083,French < Dunn,True,261.6091094216664,47.00097804719745,17.9661091125999,0.1758773658218541,0.9090909090909092,261.9596697911767,65.71144256136327,25.0845645872686,0.2872472934526396,0.9629629629629628,194.7691029998359,63.56732097576573,32.63727151622159,0.4567167706769161,1.0,198.9681783603712,49.36386104631966,24.80992762416101,0.338700797787478,0.8846153846153846,25.0845645872686,32.63727151622159,0.338700797787478,0.9629629629629628,0.8846153846153846,0.7162216848570855,0.519270598034465,1633.038705134174,1633.107167277146,1632.9691329723976,0.0425022110452064,1439.0391430336188,1445.0717250636355,1440.7764451317369,1436.86510091518,1430.602291920149,0.996074966973379,0.9629629629629628,1.0,0.8846153846153846,0.0,0.0,214.16382200172248,208.2432429728464,0.0046476214760304,0.0047791268467855,False,,5,1.0,True,True,True,True,False,False,True,True,retained,RG-001,2,0,1,0,0,False,member,79,main
French_vs_Dunn,French,Dunn,FT-169,26,26,8.523431671015945,8.409144904305698,0.11428676671024718,0.10466115751576055,4940.13313710952,4780.913078609535,0.04725402297174142,571.0,2.0902399884646444e-05,0.8446745562130178,0.8446745562130178,0.6893491124260356,0.6893491124260355,1.0,1.0,0.0,5.147215971594187e-05,4.288427608842544,French > Dunn,True,4938.355585155367,732.3561200585802,14.82995923298908,0.1572414050964654,1.0,4867.651450721024,857.628083304824,17.618929621137667,0.1759332346377743,1.0,5161.863797230696,713.809238900211,13.828517507245436,0.1352631926758029,1.0,5028.46361191364,737.3696871364397,14.66391613910526,0.1460832680704099,1.0,14.66391613910526,17.618929621137667,0.1460832680704099,1.0,1.0,1.0113232435529975,1.0763820331612337,1335.3236370967948,1335.4007747123198,1335.2512011728293,0.0394608635400237,1551.257112257207,1571.1934994113076,1553.9358403162698,1548.4957449461135,1537.5793297060084,1.3274352834805834,1.0,1.0,1.0,0.0,0.0,5079.026956656628,5017.406351990132,0.0001968493491337,0.0001992664463298,False,,5,1.0,True,True,True,True,False,False,True,False,retained,RG-011,6,0,4,0,0,False,member,80,main
French_vs_Dunn,French,Dunn,FT-191,26,26,7.389154038518989,7.311127072607224,0.07802696591176517,0.07939326014149728,1612.9017045443934,1626.2614098850959,-0.011893316761937162,570.0,2.2680304291980996e-05,0.8431952662721893,0.8431952662721893,0.6863905325443787,0.6863905325443787,1.0,1.0,0.0,5.516074006815131e-05,4.258369915713043,French > Dunn,True,1678.3722646852254,312.11435240606954,18.596252987093173,0.1875857081644159,1.0,1592.845790595056,253.47909156526865,15.913598985032555,0.1596084421257841,1.0,1632.2827122058422,187.35124927456545,11.47786764349062,0.1133438634158443,1.0,1444.4866983163456,258.4388219631698,17.89139507233947,0.1768946836397181,1.0,15.913598985032555,17.89139507233947,0.1596084421257841,1.0,1.0,1.1685761972878523,1.1752868812326571,996.1601236401428,996.2186492772656,996.110795668755,0.0284715935311538,1136.386402786609,1153.94223276774,1138.371931479331,1134.0748031589246,1126.063989003498,1.108437168086034,1.0,1.0,1.0,0.0,0.0,1478.790400013751,1556.997987590423,0.000675771379508,0.0006418493528008,False,,5,1.0,True,True,True,True,False,False,True,False,retained,RG-017,8,0,4,0,0,False,member,81,main
French_vs_Dunn,French,Dunn,FT-234,26,26,7.004519564577242,7.095765080678595,-0.09124551610135256,-0.07661944917573216,1087.2395155885106,1275.5465316082937,-0.23025000576339924,110.0,3.133774288519032e-05,0.16272189349112426,0.8372781065088757,-0.6745562130177515,-0.6745562130177515,1.0,1.0,0.0,7.528701644368895e-05,4.123279913215512,French < Dunn,True,1221.2759177163136,243.71261892808803,19.955573952838662,0.1915131161324503,1.0,1277.4338999726838,198.41212180334296,15.532085206724652,0.1581898438575669,1.0,1116.9503595533008,120.77910182883129,10.81329181693752,0.1058712091039108,1.0,1100.586871194896,214.22614713330836,19.464719481954678,0.2161070797720798,1.0,15.532085206724652,19.464719481954678,0.1581898438575669,1.0,1.0,1.2847968374651235,1.210653677014104,1297.3438707330265,1297.41780999526,1297.2834308267838,0.035936390989363,1326.1469761141468,1339.8936870180316,1328.3423882735617,1323.7863328692615,1309.1371917724628,1.0893447788281685,1.0,1.0,1.0,0.0,0.0,1102.7792701514434,1166.4137126419696,0.0009059782395286,0.0008565943582561,False,,5,1.0,True,True,True,True,False,False,True,False,retained,RG-016,8,0,4,0,0,False,member,82,main
French_vs_Dunn,French,Dunn,FT-091,26,26,5.681760687563626,5.83421741587535,-0.15245672831172374,-0.15958037731777885,282.5798452006874,357.2858346962814,-0.33735600590441844,112.0,3.676567070467067e-05,0.16568047337278102,0.834319526627219,-0.6686390532544378,-0.6686390532544378,1.0,1.0,0.0,8.622425153357288e-05,4.064370566821401,French < Dunn,True,324.1675238935052,75.79190365285565,23.38047400385322,0.2357579212784324,1.0,355.7487567285468,70.96567132753324,19.948255611665683,0.1988918170283125,1.0,285.4788067253155,44.12230056190776,15.455543291646771,0.1615339709963928,1.0,328.4359116955954,63.91181330858244,19.459447348077425,0.1856157208688497,1.0,19.459447348077425,19.948255611665683,0.1856157208688497,1.0,1.0,1.2014973285540502,1.2701398360810807,1251.314808260303,1251.384541992356,1251.24725487946,0.0341748074286253,1251.9082930023933,1258.873232105109,1254.3394561869425,1249.2792991497554,1243.48779943925,1.2740584064472709,1.0,1.0,1.0,0.0,0.0,298.25374900867274,323.63290013436006,0.0033416456880245,0.0030804025087602,False,,5,1.0,True,True,True,True,False,False,True,False,retained,RG-009,24,1,8,0,0,False,member,83,main
French_vs_Dunn,French,Dunn,FT-152,26,26,7.14963845870209,7.25696696566126,-0.10732850695916962,-0.1315257379234227,1331.032881353882,1477.0969996762624,-0.15011125311581502,112.0,3.676567070467067e-05,0.16568047337278105,0.834319526627219,-0.6686390532544378,-0.6686390532544378,1.0,1.0,0.0,8.622425153357288e-05,4.064370566821401,French < Dunn,True,1873.99028946825,374.1319527094883,19.964455248892957,0.2002606874221113,1.0,1546.6056052690012,325.3481191160207,21.036269234226197,0.2032695888837361,1.0,1278.0668562864444,176.15363740923442,13.782818679851152,0.1445684245367744,1.0,2328.5512059533166,351.0407999828976,15.075502702513267,0.1576561288347655,1.0,15.075502702513267,21.036269234226197,0.1576561288347655,1.0,1.0,1.3242978123419151,1.2702372492730576,1088.69277311038,1088.7531592942134,1088.6355161607228,0.0305833539223234,1455.33623852908,1466.4624174348594,1456.9608822617963,1452.985883470457,1444.6656153752283,1.0657414549985278,1.0,1.0,1.0,0.0,0.0,1974.5319659039872,1715.5749488670483,0.0005061927709898,0.0005825553965237,False,,5,1.0,True,True,True,True,False,False,True,False,retained,RG-007,14,2,6,0,0,False,member,84,main
French_vs_Dunn,French,Dunn,FT-204,26,26,6.584391945208617,6.731777578135737,-0.14738563292711948,-0.1400563099096166,724.8038375575505,880.5922207262281,-0.28053180862541843,116.0,5.041091018071851e-05,0.17159763313609466,0.8284023668639053,-0.6568047337278107,-0.6568047337278107,1.0,1.0,0.0,0.00011683469771295936,3.93242816075579,French < Dunn,True,893.1037674126444,166.08542129775472,18.59643048857699,0.1955083336141021,1.0,907.303934883018,149.96438064919698,16.528571615699253,0.1612404226404102,1.0,749.1496770881816,132.98027338281872,17.750828365793417,0.1700127831194288,1.0,958.6451829542444,164.37144081247556,17.14622299628463,0.1696418839343308,1.0,17.14622299628463,17.750828365793417,0.1696418839343308,1.0,1.0,1.0845788307201298,1.1524767886318945,1033.9838278235356,1034.042914112964,1033.928607670589,0.0297239387994302,1455.7532616121457,1468.3237969120837,1457.4093418500188,1453.3497847415665,1443.3293499524104,0.98773463920309,1.0,1.0,1.0,0.0,0.0,813.5810174519474,872.1502861132224,0.0012276249735453,0.0011452782137327,False,,5,1.0,True,True,True,True,False,False,True,False,retained,RG-014,17,2,3,0,0,False,member,85,main
French_vs_Dunn,French,Dunn,FT-145,26,26,6.585208837845547,6.68261750372346,-0.09740866587791253,-0.28116278345268064,698.6239076399625,862.484524050502,-0.3035907309704244,117.0,5.4506452225137786e-05,0.17307692307692304,0.826923076923077,-0.6538461538461539,-0.6538461538461539,1.0,1.0,0.0,0.0001248578033529319,3.903584309962892,French < Dunn,True,1085.0013862206083,173.3565501749655,15.977541814837616,0.1556454618677374,0.9090909090909092,860.100180918337,165.60026338976036,19.25360173892156,0.19499243586553,0.9629629629629628,679.7249247934143,196.23195167673936,28.86931823728242,0.71295336553404,1.0,1138.012470849773,491.3327394622425,43.174635783679605,1.0975387745376597,1.0,28.86931823728242,43.174635783679605,0.71295336553404,1.0,0.9629629629629628,0.5534436831349864,0.2183108592960363,1632.0422244647154,1632.143549164095,1631.944909954586,0.0498037752269419,1455.2449080604651,1465.325859832764,1457.0759410058563,1452.9375087822204,1445.226665496828,1.1451980467965952,0.9629629629629628,1.0,1.0,0.0,0.0,1057.5379063408889,881.3136327924005,0.0009446992819149,0.0011333838250182,False,,5,1.0,True,True,True,True,False,False,True,True,retained,RG-001,2,0,1,0,0,True,representative,86,main
French_vs_Dunn,French,Dunn,FT-116,26,26,5.594602657268072,5.341311106442168,0.25329155082590393,0.23037108898387526,268.5735915812058,227.66671452825736,0.23743279409539128,556.0,6.876788394486868e-05,0.8224852071005917,0.8224852071005917,0.6449704142011834,0.6449704142011834,1.0,1.0,0.0,0.00015571578318550723,3.8076673655759006,French > Dunn,True,234.48422407801627,55.619138666458575,23.719778541669942,0.2862683818777843,1.0,232.45577151071544,54.69360663450678,23.52860773430424,0.2229777605759669,1.0,278.06689159050256,64.37858849634938,23.152194829133787,0.2194858395119945,1.0,215.69819438386168,48.55754510998705,22.51179953021437,0.2064452131907509,1.0,23.152194829133787,23.52860773430424,0.2194858395119945,1.0,1.0,1.0245153306943466,1.304268113670906,1034.3156777245072,1034.3733453488437,1034.2664963897112,0.0277415348472434,1386.2288582150331,1396.2981626211867,1388.9721706356552,1383.0239916368391,1375.9949180878775,1.5877595200199193,1.0,1.0,1.0,0.0,0.0,201.7508324287772,241.9518742547188,0.0049321622408198,0.0041160415126148,False,,5,1.0,True,True,True,True,False,False,True,False,retained,RG-014,17,2,2,0,0,False,member,87,main
French_vs_Dunn,French,Dunn,FT-010,26,26,10.328845343279443,10.25693623564025,0.07190910763919334,0.08034764821465679,30498.354750723192,30715.214046407054,-0.01022168527981456,549.0,0.0001169654684089347,0.8121301775147929,0.8121301775147929,0.6242603550295858,0.6242603550295858,1.0,1.0,0.0,0.00026184315087000154,3.5819587816183933,French > Dunn,True,28860.09038225068,3709.36151288251,12.85291024301093,0.1367258808038454,1.0,30190.928196631507,3678.606832378517,12.184477431167387,0.1237166439220824,1.0,30941.1819221988,2643.9503244453585,8.54508509433653,0.0850352491148434,1.0,30036.333138705257,3928.4577489313447,13.07901910259837,0.1362252525482918,1.0,12.184477431167387,13.07901910259837,0.1237166439220824,1.0,1.0,1.0548593746116448,1.1051534900183375,1048.7247997662084,1048.78595409864,1048.6698763776742,0.0308250717841684,753.8246143446223,789.1346398643811,756.4360118983379,751.049813858065,736.9196307140818,1.2868549250467392,1.0,1.0,1.0,0.0,0.0,29386.32026906297,30386.96775813364,3.40282812738368e-05,3.290776164958712e-05,False,,5,1.0,True,True,True,True,False,False,True,False,retained,RG-022,4,0,3,0,0,True,representative,88,main
French_vs_Dunn,French,Dunn,FT-241,26,26,4.000520376969982,4.383879358744798,-0.38335898177481553,-0.25907805611029655,53.369667271635564,85.93193232307517,-0.6770842139555573,130.0,0.00014616453553719272,0.19230769230769235,0.8076923076923077,-0.6153846153846154,-0.6153846153846154,1.0,1.0,0.0,0.0003235327359643479,3.4900817696184925,French < Dunn,True,86.63348226445486,25.287632643751145,29.189214126887855,0.3084010797820391,1.0,86.44656523626352,23.88664065657076,27.63168275256185,0.2876345174351453,1.0,74.4061458059146,84.76771056014178,113.92568401709032,0.4926808426024553,1.0,110.25376969547044,33.29881741730168,30.201976321785292,0.2857848092339796,1.0,30.201976321785292,113.92568401709032,0.2876345174351453,1.0,1.0,0.9664670224190954,1.0721977408416437,1083.3479141235127,1083.4274300384948,1083.284999164605,0.0411502899069144,1473.3785589320328,1482.4898161206963,1474.8711895611846,1471.0252971599662,1467.2716426849436,1.1772538924513325,1.0,1.0,1.0,0.0,0.0,75.5960270019099,90.31917803057122,0.0130555074348055,0.0109506022893156,False,,5,1.0,True,True,True,True,False,False,True,False,retained,RG-007,14,2,6,0,0,False,member,89,main
French_vs_Dunn,French,Dunn,FT-009,26,26,9.718513479925456,9.635716903545168,0.08279657638028759,0.08153939386820497,16741.175089681165,16406.04376752062,0.029171653897844374,545.0,0.00015733565748671935,0.8062130177514794,0.8062130177514794,0.6124260355029585,0.6124260355029586,1.0,1.0,0.0,0.0003443902724987079,3.4629491239425305,French > Dunn,True,15570.570638268107,2137.154805454897,13.725603608915709,0.1450205325553588,1.0,16370.722413751446,2183.547282348768,13.338124165581004,0.1333952989896965,1.0,16811.464003479407,1526.2813382541226,9.078812755023796,0.0898731061870875,1.0,16213.887083644742,2212.4311029425867,13.64528500494066,0.1416506352360659,1.0,13.338124165581004,13.64528500494066,0.1333952989896965,1.0,1.0,1.029050520037487,1.0871487500212451,1049.7326640547776,1049.793638635969,1049.6793811125096,0.0309025666260832,753.5937523711316,783.2621119572547,756.1852169737052,751.1297724848172,737.9808130369114,1.236248501679714,1.0,1.0,1.0,0.0,0.0,15977.066281070063,16464.159916917935,6.258579620393396e-05,6.0734302311421886e-05,False,,5,1.0,True,True,True,True,False,False,True,False,retained,RG-022,4,0,3,0,1,False,member,90,main
French_vs_Dunn,French,Dunn,FT-200,26,26,4.832185268050821,4.6457710850305975,0.18641418302022306,0.23428771592821995,131.08053789122306,109.80585660024785,0.25338376419248676,544.0,0.0001693067394300415,0.8047337278106509,0.8047337278106509,0.6094674556213018,0.6094674556213018,1.0,1.0,0.0,0.0003665211831617382,3.4359009201650172,French > Dunn,True,128.16086591180053,38.03150326503204,29.67481765549639,0.2863542322785414,1.0,112.08920837006772,35.737109706901926,31.882738959948934,0.3057154888534732,1.0,132.16427975693648,30.00481258543737,22.702664169637416,0.2281400024537738,1.0,84.36630293131853,23.53272136508822,27.893507890521047,0.3063415606593952,1.0,27.893507890521047,31.882738959948934,0.3057154888534732,1.0,1.0,1.0638610881057624,0.9366690361435646,1039.6606356714726,1039.7152117448236,1039.609987920612,0.0285971293977563,1386.5689310879638,1396.528175354006,1389.322205274966,1383.8648933908498,1377.2603266789347,1.358794537316638,1.0,1.0,1.0,0.0,0.0,118.20702815776716,109.5721996947653,0.0083887671344052,0.0090438645768149,False,,5,1.0,True,True,True,True,False,False,True,True,retained,RG-014,17,1,4,0,0,False,member,91,main
French_vs_Dunn,French,Dunn,FT-165,26,26,8.43264836035259,8.284901697248396,0.14774666310419526,0.10619127890282165,4490.274312830921,4383.896004625729,0.03458221298523956,537.0,0.00028037721157791274,0.7943786982248521,0.7943786982248521,0.5887573964497042,0.5887573964497042,1.0,1.0,0.0,0.000593917319148912,3.2262740101310703,French > Dunn,True,4330.838282326309,689.7033072442446,15.92539970977098,0.162803769835307,1.0,4407.864743981796,796.825276951614,18.077353168323643,0.1711935469806786,1.0,4630.7623836912135,645.9876644050186,13.9499203560969,0.137828692913489,1.0,4575.479196150883,657.9457366478869,14.379821401032334,0.142956377108563,1.0,14.379821401032334,18.077353168323643,0.142956377108563,1.0,1.0,1.1074824412372526,1.1388353085617977,1255.2798171824015,1255.3525416489088,1255.2149199475878,0.036872816699603,1499.3447722912745,1520.15945308811,1501.9008236691704,1496.6776349502495,1481.9525590833746,1.2738417443216894,1.0,1.0,1.0,0.0,0.0,4330.35494209882,4536.387710929152,0.0002308746370057,0.0002203911289289,False,,5,1.0,True,True,True,True,False,False,True,False,retained,RG-018,12,0,11,1,3,False,member,92,main
French_vs_Dunn,French,Dunn,FT-153,26,26,4.612977803884028,4.805897711446178,-0.1929199075621506,-0.2643537366409774,95.0824781156928,129.28481792267698,-0.4393237106139022,139.0,0.00028037721157791274,0.20562130177514792,0.7943786982248521,-0.5887573964497042,-0.5887573964497042,1.0,1.0,0.0,0.000593917319148912,3.2262740101310703,French < Dunn,True,151.4211640047555,44.15577613461498,29.16090126821917,0.2884456156633603,1.0,133.3825948156918,44.38350144493094,33.275332142293465,0.3508235879348188,1.0,97.44115056236753,23.642763242119692,24.263633080755827,0.2567438152468976,1.0,150.38452181647463,24.9824051140288,16.612351332616985,0.1747239140963737,1.0,24.263633080755827,33.275332142293465,0.2567438152468976,1.0,1.0,1.201835733798147,1.1234763937194618,1088.6918828508271,1088.7513371347547,1088.6296921898063,0.0323400428121432,1473.446015556528,1483.6614707498018,1476.5098227948197,1470.4869684703458,1467.3194005629591,1.339608092953679,1.0,1.0,1.0,0.0,0.0,141.39530207407512,127.14933597308324,0.0070227035964978,0.0078033958772134,False,,5,1.0,True,True,True,True,False,False,True,False,retained,RG-007,14,2,5,0,0,False,member,93,main
French_vs_Dunn,French,Dunn,FT-135,26,26,7.297196324361876,7.093119492250285,0.2040768321115909,0.16062422352398364,1440.5587040278347,1347.2491161927483,0.09654250020138899,536.0,0.0003009451083132396,0.7928994082840237,0.7928994082840237,0.5857988165680474,0.5857988165680473,1.0,1.0,0.0,0.0006307041099756193,3.2001743389227792,French > Dunn,True,1399.9749342510672,249.0898358182811,17.7924496877892,0.1922978735455733,1.0,1353.0424658944398,300.116912251219,22.180893786864573,0.2177014484964543,1.0,1493.6667457121855,271.9953183197364,18.20990653373943,0.1790419658197569,1.0,1474.131702811324,253.0396811159103,17.165337441243345,0.1701455783078931,1.0,18.20990653373943,22.180893786864573,0.1790419658197569,1.0,1.0,0.9770752889271144,1.0740379925182522,1173.2301124568482,1173.299758045921,1173.174174305768,0.03387592307933,1442.9947789043065,1461.5335927384624,1446.522009722994,1439.6890407160083,1429.7166348575215,1.5507356932126253,1.0,1.0,1.0,0.8011058026765228,0.1666666666666666,1396.4444657974168,1439.1760283640651,0.0012888568002226,0.0012506150409422,False,0.3535533905932737,5,1.0,True,True,True,True,False,False,True,False,retained,RG-025,3,0,2,0,1,True,representative,94,main
French_vs_Dunn,French,Dunn,FT-160,26,26,8.774064342197082,8.625491710597032,0.1485726316000502,0.10327944504956044,6372.419200219326,6363.323045879894,0.0020604874449209236,533.0,0.0003714461916919099,0.7884615384615384,0.7884615384615384,0.5769230769230769,0.5769230769230769,1.0,1.0,0.0,0.0007702621027716448,3.113361469089377,French > Dunn,True,6249.052178574144,1063.4299703763677,17.01746024817178,0.1714387441868103,1.0,6330.268243369318,1145.0491190354082,18.088477059953934,0.1720377748311183,1.0,6638.670151488845,966.0078220657962,14.551224869172795,0.1430457376657119,1.0,6585.487282796269,987.4374043812518,14.994143363708316,0.1514105360078994,1.0,14.994143363708316,18.088477059953934,0.1514105360078994,1.0,1.0,1.134940478784582,1.1322775066186013,1254.7781749513174,1254.8523767229926,1254.7118032564333,0.0370579768691196,1499.4061441213764,1520.9206245256487,1501.9742033461912,1496.7452153750164,1480.487733923874,1.258887658077959,1.0,1.0,1.0,0.0,0.0,6247.629484689547,6515.763745093475,0.0001600350928872,0.0001534503994797,False,,5,1.0,True,True,True,True,False,False,True,False,retained,RG-018,12,0,11,0,3,False,member,95,main
French_vs_Dunn,French,Dunn,FT-008,26,26,8.781183542653073,8.697543357582612,0.08364018507046111,0.08002473402164867,6448.014169081257,6280.104896912251,0.03806027617181028,532.0,0.00039819024228440785,0.7869822485207101,0.7869822485207101,0.5739644970414202,0.5739644970414202,1.0,1.0,0.0,0.0008086956467013231,3.092214894738626,French > Dunn,True,5947.237607897971,836.3392118479535,14.062650040033535,0.1468768502304932,1.0,6348.454789613156,900.6797858404665,14.187385996889954,0.142508801305404,1.0,6503.969550720227,593.4426810086998,9.1243151798425,0.0908835938584767,1.0,6275.771036411887,895.731524807046,14.272852205888825,0.1499967181989588,1.0,14.187385996889954,14.272852205888825,0.142508801305404,1.0,1.0,0.9912079676352104,1.0306510817933852,1050.739663862885,1050.8005431176773,1050.68609043662,0.0312770967688553,753.4570032840134,778.2359707740052,756.2428605858503,750.7624984432473,739.0393890873064,1.2978240632867015,1.0,1.0,1.0,0.0,0.0,6149.202168356023,6375.7156276581045,0.0001625962810044,0.0001568205418574,False,,5,1.0,True,True,True,True,False,False,True,False,retained,RG-022,4,0,3,0,1,False,member,96,main
French_vs_Dunn,French,Dunn,FT-033,26,26,7.6532020507057075,7.710204232707483,-0.0570021820017752,-0.05030249172522261,2135.4352691841464,2411.163480307965,-0.17512208060847148,144.0,0.00039819024228440785,0.21301775147928992,0.7869822485207101,-0.5739644970414202,-0.5739644970414202,1.0,1.0,0.0,0.0008086956467013231,3.092214894738626,French < Dunn,True,2115.69776163693,313.6908771545365,14.826828427129955,0.1538258966510609,1.0,2379.581924690336,322.4165743274361,13.54929498253746,0.1419238177750762,1.0,2139.4680840240308,223.16571675875397,10.430897213433138,0.102754879225848,1.0,1714.9553026320805,264.77437808027145,15.439141630916026,0.153723435127163,1.0,13.54929498253746,15.439141630916026,0.1419238177750762,1.0,1.0,1.0942878169114334,1.0838624486190704,924.6276314779026,924.6807686357288,924.5813200631654,0.0267202128252625,1057.7246344641724,1064.7632179679465,1060.2593047973908,1055.5224966533283,1045.0483313759592,1.245241008611443,1.0,1.0,1.0,0.0,0.0,1829.7184043410064,2081.8192407556708,0.0005462336521164,0.0004801184761655,False,,5,1.0,True,True,True,True,False,False,True,False,retained,RG-024,9,1,7,0,0,False,member,97,main
French_vs_Dunn,French,Dunn,FT-229,26,26,6.868815023314738,6.91936950736652,-0.050554484051781756,-0.05932746053720095,965.946930188964,1085.0480600861906,-0.16757933080916915,145.0,0.000426724913397118,0.21449704142011836,0.7855029585798816,-0.5710059171597632,-0.5710059171597633,1.0,1.0,0.0,0.0008578041626452269,3.0666118506016486,French < Dunn,True,1036.3199281214893,174.26307603838032,16.81556740438858,0.1720613531791983,1.0,1088.976075931535,180.96079605428028,16.617518056995173,0.1652323409307916,1.0,967.2604112422092,109.52501511713166,11.323219046717066,0.1128474561408967,1.0,954.0760835351624,172.59667006380357,18.09045138457687,0.1827454988819304,1.0,16.617518056995173,18.09045138457687,0.1652323409307916,1.0,1.0,1.011918106345011,1.0413297554821124,975.1420796493152,975.19513630601,975.0878433330068,0.0290253234446013,1174.724661855747,1190.7307771536025,1177.058293531887,1172.2284839034685,1160.82065582275,1.228760315355733,1.0,1.0,1.0,0.0,0.0,945.172832112783,1004.5202900552292,0.0010568893610768,0.0009945100162474,False,,5,1.0,True,True,True,True,False,False,True,False,retained,RG-017,8,0,3,0,0,False,member,98,main
French_vs_Dunn,French,Dunn,FT-237,26,26,6.205694346597393,6.33319686578545,-0.12750251918805677,-0.12804724208261842,500.7688234695132,618.8855289393621,-0.30497899085730595,146.0,0.0004571598990720943,0.21597633136094677,0.7840236686390533,-0.5680473372781065,-0.5680473372781065,1.0,1.0,0.0,0.0009097020213858846,3.0411008402724535,French < Dunn,True,609.1017674296276,114.90064339075607,18.863948445861485,0.1796276006072225,1.0,603.5486996706461,102.72488537514356,17.020148569817163,0.1774534405041711,1.0,501.0586529378664,77.21240287965394,15.409853203199471,0.1478221890409231,1.0,646.2470818658154,100.03377165030804,15.47918349766394,0.157374583571195,1.0,15.47918349766394,17.020148569817163,0.157374583571195,1.0,1.0,1.2186656000756346,1.1414015944065097,1034.9881000850553,1035.0498298584166,1034.933521063501,0.0298679283561603,1455.4754033806444,1468.5007572174063,1457.4421390509146,1453.3524117623429,1442.3543914159118,0.996514613389124,1.0,1.0,1.0,0.0,0.0,554.1358398453309,583.8704303291541,0.0018013609070504,0.0017097804028786,False,,5,1.0,True,True,True,True,False,False,True,False,retained,RG-014,17,2,3,0,0,False,member,99,main
French_vs_Dunn,French,Dunn,FT-119,26,26,7.401181293025047,7.157793160153725,0.24338813287132233,0.15518897166543866,1586.9273809728393,1423.8762504643669,0.15630830908891666,529.0,0.0004896108835224321,0.7825443786982249,0.7825443786982249,0.5650887573964498,0.5650887573964497,1.0,1.0,0.0,0.0009645334405391913,3.0156827106951805,French > Dunn,True,1471.8450551446076,292.01676250931,19.840183685681477,0.2126216761447007,1.0,1452.7842246307484,309.6817537912521,21.3164314796964,0.2025924265756863,1.0,1604.4312693890804,294.64690830418886,18.364570295141505,0.1796070911415007,1.0,1571.517427155322,282.5367328618133,17.97859368147424,0.1780589395206016,1.0,18.364570295141505,21.3164314796964,0.1796070911415007,1.0,1.0,1.0803510981648372,1.1838155987793937,1173.7328914728205,1173.8032504310777,1173.6726629889213,0.0333763897511305,1443.2962636993905,1461.1698659261056,1446.2752528351923,1440.3320215371118,1432.0197194417306,1.3310233171334998,1.0,1.0,1.0,0.0,0.0,1461.413215491092,1541.770128799806,0.0006838012604147,0.0006481847044691,False,,5,1.0,True,True,True,True,False,False,True,False,retained,RG-025,3,0,2,0,0,False,member,100,main
French_vs_Dunn,French,Dunn,FT-158,26,26,6.975246946597602,6.807847604286717,0.16739934231088505,0.12053749502151057,1029.0133421006144,1002.3521697802892,0.03783495425655417,528.0,0.000524199818922299,0.7810650887573964,0.7810650887573964,0.5621301775147929,0.5621301775147929,1.0,1.0,0.0,0.0010224491517593357,2.9903582810315665,French > Dunn,True,984.5967368662832,143.59764913315124,14.584412456025948,0.1534563617952599,1.0,988.1466796263404,203.06819794960268,20.550410393160583,0.2006633238580641,1.0,1066.708522918447,175.02912508890694,16.408336610083357,0.1619257321850824,1.0,1052.9436143684177,179.121852018199,17.01153315086496,0.1659174758278136,1.0,17.01153315086496,20.550410393160583,0.1659174758278136,1.0,1.0,0.8573249880939977,0.9248957111336144,1256.286883804324,1256.3617691443733,1256.218970839692,0.0384284633284264,1499.1705919535325,1512.5175795444216,1501.7481985790696,1496.5087130770617,1486.488871019942,1.2082867332128768,1.0,1.0,1.0,0.0,0.0,994.754597744716,1035.3280496122743,0.0010042635025385,0.0009649454150875,False,,5,1.0,True,True,True,True,False,False,True,True,retained,RG-018,12,0,11,0,0,False,member,101,main
French_vs_Dunn,French,Dunn,FT-249,26,26,4.251952291278735,4.405533286630021,-0.15358099535128655,-0.19302475930095486,67.94348564637659,86.92469278998168,-0.35085414870511994,149.0,0.0005610552129254165,0.22041420118343188,0.7795857988165681,-0.5591715976331362,-0.5591715976331361,1.0,1.0,0.0,0.0010836066367285006,2.9651283437221667,French < Dunn,True,66.0249278365218,17.358898873219726,26.29143180012326,0.2812964614632589,1.0,85.44935386550566,20.69051146818552,24.21377170475937,0.2412980933451407,1.0,66.3599438332354,14.021452557348102,21.129391840029957,0.2212085709407676,1.0,56.09416772816921,14.578851233039604,25.98995906969921,0.2709572084572129,1.0,24.21377170475937,25.98995906969921,0.2412980933451407,1.0,1.0,1.0858048932110609,1.165763299508987,1069.709184439815,1069.7804240606993,1069.6449862815853,0.032195006247936,1158.0681524278946,1163.6372934068968,1160.4743729659026,1155.2261009596696,1149.9450179508715,1.242632907231868,1.0,1.0,1.0,0.0,0.0,57.44579966488082,69.50556272107815,0.0171098694129235,0.0141832780479467,False,,5,1.0,True,True,True,True,False,False,True,False,retained,RG-010,25,1,10,0,0,False,member,102,main
French_vs_Dunn,French,Dunn,FT-005,26,26,10.420952911573043,10.289423613986042,0.13152929758700083,0.21064678398917636,33064.00744061392,31260.226283026517,0.08093085422860918,526.0,0.000600312426057509,0.7781065088757396,0.7781065088757396,0.5562130177514792,0.5562130177514792,1.0,1.0,0.0,0.0011371302685897046,2.9441897800889016,French > Dunn,True,30133.94500837972,5345.247283314719,17.73829242015375,0.2121248988977114,1.0,30292.07643437917,8830.42094827246,29.15092653817093,0.4041830115391308,1.0,33741.45757326203,5823.609372125243,17.25950741600471,0.1775964155562451,1.0,33604.26137529538,8872.61190006485,26.40323440225254,0.2891473850239668,1.0,26.40323440225254,29.15092653817093,0.2891473850239668,1.0,1.0,0.6718227073968045,0.7336220553408388,886.6324598613013,886.683374655879,886.5806672354295,0.0260289685536768,609.4612894305731,638.0671635917994,612.0676440481267,606.7118780336342,593.3752149084339,1.2871308303822482,1.0,1.0,1.0,0.0,0.0,31389.31168830916,32517.40197962949,3.185696306330194e-05,3.0751818635689115e-05,False,,5,1.0,True,True,True,True,False,False,True,True,retained,RG-008,5,1,3,2,3,True,representative,103,main
French_vs_Dunn,French,Dunn,FT-235,26,26,4.848754009914033,4.665844121081831,0.18290988883220205,0.2237667497081075,124.81158278873282,112.42020503730862,0.14958707995024947,526.0,0.000600312426057509,0.7781065088757396,0.7781065088757396,0.5562130177514792,0.5562130177514792,1.0,1.0,0.0,0.0011371302685897046,2.9441897800889016,French > Dunn,True,122.7729003510679,32.90214871721617,26.79919479228136,0.2654527923146694,1.0,110.77933844337234,27.823400549547163,25.11605588236095,0.268179462644495,1.0,130.67367706474275,31.09342531256213,23.79471214937709,0.2324296519046069,1.0,97.34169297661316,22.790983141221545,23.413382738984406,0.2203826680779649,1.0,23.79471214937709,25.11605588236095,0.2324296519046069,1.0,1.0,1.126266820293639,1.1420780014058436,1034.9871234609543,1035.0479195722205,1034.9301733190198,0.0307738226139136,1385.9991044260155,1394.4329527557886,1388.520781427043,1383.2604731417296,1376.6256570034318,1.282938054828365,1.0,1.0,1.0,1.039118094125091,0.1666666666666666,102.7857305305702,112.9043260638773,0.0196473839293781,0.017902025011601,False,0.3535533905932737,5,1.0,True,True,True,True,False,False,True,False,retained,RG-014,17,2,3,0,0,False,member,104,main
French_vs_Dunn,French,Dunn,FT-133,26,26,6.797954366737251,6.937337138848798,-0.1393827721115466,-0.11802988632766453,912.9530743604406,1055.9402857836808,-0.2097018715822426,151.0,0.0006421139791173618,0.22337278106508873,0.7766272189349113,-0.5532544378698225,-0.5532544378698225,1.0,1.0,0.0,0.0011933627725105686,2.9232275142926682,French < Dunn,True,1351.542551822656,286.5416417756065,21.20108178534103,0.2053519591697415,1.0,1097.3934043636864,239.03633427878904,21.782191630483883,0.2092158809227371,1.0,928.0793216650784,169.53446132105458,18.26723830209801,0.1843039852101316,1.0,1659.7731732869022,357.42945752525014,21.534837607805237,0.2160954655260679,1.0,21.534837607805237,21.782191630483883,0.2092158809227371,1.0,1.0,0.9845015862881068,0.981531412740018,1088.3554957275571,1088.4199453175788,1088.2934665530554,0.0305335130841398,1455.6188085752144,1466.7822506003197,1457.4629416105597,1453.362926730289,1444.7626845477362,1.0102804559737495,1.0,1.0,1.0,0.0,0.0,1439.6278977590514,1226.756794766722,0.00069414177079,0.0008144935578955,False,,5,1.0,True,True,True,True,False,False,True,True,retained,RG-007,14,0,8,0,0,False,member,105,main
French_vs_Dunn,French,Dunn,FT-131,26,26,5.566485197931588,5.88960969619441,-0.3231244982628221,-0.20429305830857025,276.970720657304,356.96132638177534,-0.3648708009274075,151.0,0.0006421139791173618,0.22337278106508876,0.7766272189349113,-0.5532544378698225,-0.5532544378698225,1.0,1.0,0.0,0.0011933627725105686,2.9232275142926682,French < Dunn,True,395.6991108433343,108.32344515365402,27.37520560073777,0.2833765067746309,1.0,378.1161960243794,110.61036929606672,29.253010174929138,0.2827399633960522,1.0,289.6397195651932,65.94409456238809,22.767628231854143,0.2160630990678243,1.0,351.8905565449919,71.7714349029512,20.395953675947727,0.205275252625574,1.0,22.767628231854143,29.253010174929138,0.2160630990678243,1.0,1.0,1.2023740603088895,1.311545136569925,1040.328774739611,1040.3905778938313,1040.2758764608654,0.0302810872302927,1455.4224047810255,1466.6943168640173,1457.3205103985615,1452.965088839576,1443.890949958978,1.0864556546498374,1.0,1.0,1.0,0.0,0.0,396.4168665524327,340.3661325509248,0.0025162495207486,0.0029294060091061,False,,5,1.0,True,True,True,True,False,False,True,False,retained,RG-014,17,1,4,0,0,False,member,106,main
French_vs_Dunn,French,Dunn,FT-202,26,26,5.315128227502825,5.070459945198502,0.24466828230432291,0.24569573558666669,201.52615438795266,179.7740470710911,0.1639206595233315,524.0,0.0006866098707091305,0.7751479289940828,0.7751479289940828,0.5502958579881656,0.5502958579881657,1.0,1.0,0.0,0.001264132191866343,2.8982075089679746,French > Dunn,True,180.79833832393183,36.35545102564704,20.10828825235655,0.2198876089897222,1.0,170.54677305128698,45.58314942362598,26.72765283569345,0.2761820550416628,1.0,206.5152695907976,54.47476663338082,26.378081747330626,0.2620040403370905,1.0,153.77264659607332,40.78064140551163,26.520088135462316,0.2306623585132428,1.0,26.520088135462316,26.72765283569345,0.2620040403370905,1.0,1.0,0.7582285605404159,0.8392527409379569,1033.9870057402484,1034.0472286109705,1033.928817254043,0.0317203756271548,1386.1519996372765,1394.7988818241977,1389.2728290402838,1383.1683020518017,1377.1626443129362,1.4789205614544831,1.0,1.0,1.0,0.8118030693812693,0.1666666666666666,157.84461632562994,176.86390750941004,0.0114061345690627,0.0101864571331618,False,0.0,5,1.0,True,True,True,True,False,False,True,True,retained,RG-014,17,2,3,0,0,False,member,107,main
French_vs_Dunn,French,Dunn,FT-167,26,26,7.317305636005949,7.219627897681777,0.09767773832417248,0.07801631483424032,1542.1749903519626,1455.6102212541862,0.08328679357572835,523.0,0.000733957905015618,0.7736686390532544,0.7736686390532544,0.5473372781065089,0.5473372781065089,1.0,1.0,0.0,0.0013387935860007106,2.873286376961983,French > Dunn,True,1421.742137407968,361.5286462765001,25.428566598976715,0.3597487669386663,1.0,1444.4191985415805,273.45953525759,18.93214487412658,0.2514150081716633,1.0,1514.7214648542426,165.5400592244962,10.92874584968172,0.1121439040003046,1.0,1457.9028162015684,176.75848660577049,12.12416113347654,0.1281531360530247,1.0,12.12416113347654,18.93214487412658,0.1281531360530247,1.0,1.0,2.0973464736265184,2.807178802006191,1265.77527779671,1265.8486863418618,1265.707657435392,0.0369358244064868,1499.0848223250168,1514.3265804167722,1501.8588201157356,1496.4021384769785,1481.4138917000043,1.312509119610498,1.0,1.0,1.0,0.0,0.0,1510.4056100065832,1471.9942995958702,0.0006616357603672,0.000678889253186,False,,5,1.0,True,True,True,True,False,False,True,False,retained,RG-018,12,0,10,0,0,False,member,108,main
French_vs_Dunn,French,Dunn,FT-230,26,26,6.761155966980347,6.806768167567496,-0.04561220058714888,-0.05465319188716933,869.0674145000438,968.5114918981915,-0.1561308110278805,154.0,0.0007843240299080104,0.22781065088757396,0.7721893491124261,-0.5443786982248521,-0.5443786982248521,1.0,1.0,0.0,0.0014175397604759454,2.8484647507679464,French < Dunn,True,923.013584791086,184.13790992378887,19.949642449245907,0.1993340250717947,1.0,979.2014684364192,175.1981907538367,17.891945263684267,0.1759482469744447,1.0,875.7135831950275,117.60876363869497,13.430049036078806,0.1323038084037431,1.0,856.2163698280697,155.40450417313585,18.15014401141869,0.1809286257376987,1.0,17.891945263684267,18.15014401141869,0.1759482469744447,1.0,1.0,1.1150069014428632,1.1329128223752445,975.6477809466752,975.6990653589808,975.5940350043956,0.0287421584037574,1174.6013930519584,1189.00957448142,1176.7579145842003,1172.100459753538,1162.114930834089,1.1040347611923722,1.0,1.0,1.0,0.0,0.0,842.0695641777539,904.6660560301752,0.0011861417402433,0.0011041597433642,False,,5,1.0,True,True,True,True,False,False,True,False,retained,RG-017,8,0,4,0,0,False,member,109,main
French_vs_Dunn,French,Dunn,FT-206,26,26,5.390020679604348,5.179682419628806,0.21033825997554167,0.19877736883015462,202.4802271109726,184.75640484550968,0.13147665408136278,521.0,0.0008378826854723785,0.7707100591715976,0.7707100591715976,0.5414201183431953,0.5414201183431953,1.0,1.0,0.0,0.0015005717185278052,2.8237432430138414,French > Dunn,True,198.7698817395667,36.36401977646919,18.29453207811143,0.2018259206828987,1.0,188.6426636835975,40.62467727436547,21.53525426385176,0.2194138164074426,1.0,217.8586346343642,49.0157388128015,22.49887359069584,0.2249005520751773,1.0,168.16508787552533,44.587460351738784,26.514100468191188,0.2676324265510753,1.0,22.49887359069584,26.514100468191188,0.2249005520751773,1.0,1.0,0.8131310220648973,0.8974007347720273,1034.6560763743712,1034.7123139359592,1034.6014150768017,0.0298462974025474,1386.0386461317642,1395.2626547813416,1388.8838369044424,1383.0236739106767,1376.8958172798157,1.443510211018104,1.0,1.0,1.0,0.0,0.0,164.53404527072766,191.51859119891463,0.0060410533577217,0.005194303541141,False,,5,1.0,True,True,True,True,False,False,True,True,retained,RG-014,17,2,2,0,0,True,representative,110,main
French_vs_Dunn,French,Dunn,FT-172,26,26,5.266595775259656,2.92354555933171,2.343050215927946,2.263542546755909,192.68929777745274,17.69441686341842,3.3730648657239466,520.0,0.0008925456830375696,0.7692307692307693,0.7692307692307693,0.5384615384615385,0.5384615384615384,1.0,0.6538461538461539,0.34615384615384615,0.0015599909833124124,2.8068779118436034,French > Dunn,True,73.04771150881156,18.84406624611353,25.79692896175183,0.2557618923329953,0.8181818181818182,172.0618625851469,224.13242358192284,130.26269750567658,1.5112433042832,0.6666666666666666,189.9702629472652,38.22021388502828,20.11905089358013,0.2023013591624453,1.0,22.948212248870828,10.210735726801875,44.49468924231472,0.4072489990891061,0.2692307692307692,44.49468924231472,130.26269750567658,0.4072489990891061,0.6666666666666666,0.2692307692307692,0.5797754608704806,0.6280233785842517,886.6352611425967,886.6797677782474,886.5887702166918,0.0241624875229154,674.1885161473726,683.2720027250376,679.4295417213385,668.2875055110654,665.7916876848988,2.238306369755907,0.6666666666666666,1.0,0.2692307692307692,0.0,0.0,44.86338354956652,104.85633871737188,0.0218038862945917,0.0094467654192152,False,,5,1.0,True,True,True,False,False,False,True,True,retained,RG-008,5,1,0,0,0,False,member,111,main
French_vs_Dunn,French,Dunn,FT-006,26,26,9.698865934730453,9.542770272096684,0.15609566263376884,0.23004466180805494,15952.213514154842,14764.819985891241,0.11158558515129836,520.0,0.0008948171630167645,0.7692307692307693,0.7692307692307693,0.5384615384615385,0.5384615384615384,1.0,1.0,0.0,0.0015599909833124124,2.8068779118436034,French > Dunn,True,14237.665886413428,2793.4597523051384,19.62020863947125,0.2333371653017254,1.0,14353.00281365266,4482.013535674623,31.2270093851811,0.4300291955618134,1.0,16234.006148135048,3248.81288554222,20.012391617305397,0.2028509278892641,1.0,16153.435788884508,4743.407375695724,29.36469638836683,0.3242575065160616,1.0,29.36469638836683,31.2270093851811,0.3242575065160616,1.0,1.0,0.6681563595952597,0.7196045137359601,887.6403722304062,887.6915980212889,887.5931182401197,0.0264112827320949,609.3874587233016,637.95713424683,612.0491366757302,606.703800297612,594.2041830964115,1.275730582215387,1.0,1.0,1.0,0.0,0.0,15002.78195670832,15564.614763685193,6.664986220710114e-05,6.424416993365496e-05,False,,5,1.0,True,True,True,True,False,False,True,True,retained,RG-008,5,0,3,3,3,False,member,112,main
French_vs_Dunn,French,Dunn,FT-162,26,26,8.69197656266483,8.528816920883145,0.16315964178168585,0.10015962419437585,5787.44364256739,5640.03541465851,0.037215504032743894,520.0,0.0008948171630167645,0.7692307692307692,0.7692307692307692,0.5384615384615385,0.5384615384615384,1.0,1.0,0.0,0.0015599909833124124,2.8068779118436034,French > Dunn,True,5575.712968976438,872.0262103255328,15.63972563109925,0.1598862101550824,1.0,5675.728669578604,1001.410407489035,17.64373291585457,0.1689536556037153,1.0,5946.051391582643,885.2658508452146,14.888298007286243,0.147637912164383,1.0,5860.709307745455,933.2510067407524,15.923857637971864,0.157714759227225,1.0,15.923857637971864,17.64373291585457,0.157714759227225,1.0,1.0,0.9821568357785944,1.0137682163577917,1254.277029107562,1254.349588244185,1254.211046464982,0.0362667749806767,1499.404825285124,1520.6643017478634,1501.897377148848,1496.650283258094,1481.8052038939109,1.2653251053731978,1.0,1.0,1.0,0.0,0.0,5599.462218843057,5825.575345077884,0.0001785566906666,0.0001716274038822,False,,5,1.0,True,True,True,True,False,False,True,False,retained,RG-018,12,0,11,1,4,False,member,113,main
French_vs_Dunn,French,Dunn,FT-161,26,26,7.787644653695937,7.630103209739933,0.15754144395600367,0.10201961358602762,2300.1488555181013,2258.821269630088,0.0261456371898457,518.0,0.001019593233144794,0.7662721893491125,0.7662721893491125,0.5325443786982249,0.5325443786982249,1.0,1.0,0.0,0.00176192865727653,2.754011680701726,French > Dunn,True,2252.563161035589,320.3131827392607,14.21994234301517,0.1530022647655249,1.0,2289.2257960955617,420.4224160972272,18.365266406410747,0.1712468501816914,1.0,2404.156180008782,392.6592100237592,16.332516717874995,0.1649602797032179,1.0,2394.185734845982,383.955309576996,16.03698927734593,0.1595972948967543,1.0,16.332516717874995,18.365266406410747,0.1649602797032179,1.0,1.0,0.8706522447610456,0.9275097316808218,1255.783773964013,1255.857464327852,1255.718137993478,0.0376269232141806,1499.2176641397284,1516.2742759870457,1501.9539524350391,1496.516673083489,1484.1305376135774,1.3130847980307403,1.0,1.0,1.0,0.0,0.0,2261.558763434563,2361.594763048152,0.0004419774708887,0.0004232634456151,False,,5,1.0,True,True,True,True,False,False,True,True,retained,RG-018,12,0,11,0,3,True,representative,114,main
French_vs_Dunn,French,Dunn,FT-139,26,26,6.900982672865208,6.747804297858224,0.15317837500698417,0.13448663988046938,982.6621358283678,889.7468537004879,0.14314738729081558,516.0,0.00116030990136941,0.7633136094674557,0.7633136094674557,0.5266272189349113,0.5266272189349113,1.0,1.0,0.0,0.001987661309302381,2.7016576159307983,French > Dunn,True,941.4798996995302,185.5784997041525,19.71136078033946,0.2108614034253811,1.0,937.8703448389372,210.2884714069699,22.42191285439175,0.2090668322705053,1.0,1015.388301931676,186.6591691790857,18.383033251809685,0.182912880396172,1.0,1022.9330490962744,184.2405223998881,18.011004978542655,0.1802488128117026,1.0,18.383033251809685,22.42191285439175,0.182912880396172,1.0,1.0,1.0722583433503288,1.1527969105766374,1174.234578749382,1174.3047758750722,1174.1691741712189,0.0367706332183141,1443.187753176186,1459.7429939552608,1445.8934686334949,1440.3935207486345,1432.0249712908712,1.2691559803045909,1.0,1.0,1.0,0.0,0.0,952.8259689204156,991.377904270608,0.0010484092828085,0.0010076806382896,False,,5,1.0,True,True,True,True,False,False,True,False,retained,RG-025,3,0,2,0,0,False,member,115,main
French_vs_Dunn,French,Dunn,FT-007,26,26,7.592562941212931,7.516949763301821,0.07561317791110955,0.08408016876575708,2044.3600862076264,1979.9208586999425,0.04618360923269233,515.0,0.0012372091096278617,0.7618343195266273,0.7618343195266273,0.5236686390532543,0.5236686390532544,1.0,1.0,0.0,0.002083164056381955,2.68127652651131,French > Dunn,True,1808.8712306525003,277.9716152727368,15.367131201067654,0.1617130147183023,1.0,1963.1802174907295,294.8428732773366,15.018635102904344,0.1519789050392474,1.0,2017.0313766717788,186.8149816362389,9.261877816917984,0.0925434515941472,1.0,1919.6534459821255,276.64712691001125,14.4113057223448,0.1529565865666639,1.0,14.4113057223448,15.018635102904344,0.1519789050392474,1.0,1.0,1.0663246965360564,1.0640490841577068,1051.7428230998376,1051.8068419482154,1051.6884774309774,0.0298114969532383,753.1931299912063,769.2830906743592,755.954961975586,750.5326793002214,740.815522359763,1.2930408108826212,1.0,1.0,1.0,0.0,0.0,1879.438143583619,1966.5781172310285,0.0005317909570235,0.0005082390331761,False,,5,1.0,True,True,True,True,False,False,True,False,retained,RG-022,4,0,3,0,0,False,member,116,main
French_vs_Dunn,French,Dunn,FT-023,26,26,7.504172506397082,7.402073769513489,0.10209873688359306,0.07032831243575988,1800.6673619397861,1765.5451781791203,0.028402028347900628,515.0,0.0012372091096278617,0.7618343195266272,0.7618343195266272,0.5236686390532543,0.5236686390532544,1.0,1.0,0.0,0.002083164056381955,2.68127652651131,French > Dunn,True,1724.8333027315362,323.5220148815151,18.756711988872706,0.1939580026098016,1.0,1770.0987940056827,323.50770533601474,18.276251383908697,0.1970287152090957,1.0,1824.9613909279733,227.3149329952592,12.455876279096074,0.1239343162333272,1.0,1699.825069969328,399.2304388201249,23.486560227478503,0.3410545958200204,1.0,18.276251383908697,23.486560227478503,0.1970287152090957,1.0,1.0,1.0262887938489962,0.9844148981226656,1373.9225103480585,1374.0029575632857,1373.8540674237456,0.0405870910542427,980.4212867734888,997.417253063569,983.3517791601566,977.5795583957146,968.2150490053244,1.401590404635891,1.0,1.0,1.0,0.0,0.0,1768.6488499031534,1765.02677748713,0.0005650838583342,0.0005662428298074,False,,5,1.0,True,True,True,True,False,False,True,True,retained,RG-019,2,0,1,0,0,True,representative,117,main
French_vs_Dunn,French,Dunn,FT-079,26,26,4.114283742602611,4.3931347376772525,-0.2788509950746416,-0.333733562338252,65.068062457266,92.06943582022129,-0.4943544255771151,165.0,0.0015942575553117059,0.24408284023668642,0.7559171597633136,-0.5118343195266273,-0.5118343195266272,1.0,1.0,0.0,0.0026392330957681178,2.5785222514111257,French < Dunn,True,71.47372902399326,20.764956361815123,29.052571686646527,0.2866971967972456,1.0,89.28751929112467,24.88581714288769,27.871551747055182,0.3138745705312104,1.0,62.65457214130426,23.91614570581125,38.17142929629045,0.4162819333454849,1.0,80.95084998642987,161.69266039604543,199.74176975677292,0.8223924024236376,0.9615384615384616,38.17142929629045,199.74176975677292,0.4162819333454849,1.0,0.9615384615384616,0.7611077767389207,0.6887091988191257,1077.2093617269695,1077.2780627278853,1077.1457095383691,0.033821129808481,1186.4594094558372,1193.3994246262791,1189.5073639083237,1183.6673357354396,1179.0351316011868,1.4609631651882211,1.0,1.0,0.9615384615384616,2.55112722212645,0.3333333333333333,85.72907572772174,76.87344777391537,0.0409450601465522,0.04560125849874,False,0.3535533905932737,5,1.0,True,True,True,True,False,False,True,True,retained,RG-010,25,2,10,0,0,False,member,118,main
French_vs_Dunn,French,Dunn,FT-187,26,26,7.25943770457811,7.338291206114109,-0.07885350153599902,-0.048851429051514295,1422.0916480564847,1619.4366411714198,-0.18735403721533328,165.0,0.0015942575553117059,0.24408284023668642,0.7559171597633136,-0.5118343195266273,-0.5118343195266272,1.0,1.0,0.0,0.0026392330957681178,2.5785222514111257,French < Dunn,True,1429.4116975652755,305.65718336500737,21.38342535503486,0.2266644539578358,1.0,1610.9381862511557,268.18180019060657,16.647553734802045,0.1731770803974548,1.0,1449.24966835976,179.7982853809104,12.406301640517436,0.1221681803093741,1.0,1144.228091895125,215.98896178600796,18.87639040816387,0.1862602642300022,1.0,16.647553734802045,18.87639040816387,0.1731770803974548,1.0,1.0,1.284478530340009,1.3088594254945478,931.6249044842097,931.6794619563228,931.5717895491504,0.0272151232804482,1117.1180883829777,1133.3014284331186,1119.8573127218217,1114.319571095626,1106.9318692437553,1.3574661876097962,1.0,1.0,1.0,0.0,0.0,1249.9772435550733,1404.123453106433,0.0007993750527053,0.000711681238961,False,,5,1.0,True,True,True,True,False,False,True,False,retained,RG-004,4,1,2,0,0,False,member,119,main
French_vs_Dunn,French,Dunn,FT-004,26,26,8.649305945773337,8.483066197997818,0.16623974777551886,0.2294538166839768,5517.633322617008,5178.217418029228,0.0915769084470928,510.0,0.0016972563170263282,0.7544378698224852,0.7544378698224852,0.5088757396449703,0.5088757396449705,1.0,1.0,0.0,0.0027863291204515556,2.5549675861339054,French > Dunn,True,4927.071786112868,1017.7322477937986,20.655924897670747,0.2500675052057238,1.0,4984.858382333048,1549.4631335959764,31.083393243175465,0.4489999649122724,1.0,5633.607046559093,1219.6645374404725,21.64979785349817,0.2186352319383048,1.0,5642.504715364699,1733.473738644778,30.721706513146195,0.3366704673573767,1.0,30.721706513146195,31.083393243175465,0.3366704673573767,1.0,1.0,0.6723560388428235,0.7427663827141582,888.6453654740943,888.696941107057,888.6002022302245,0.0261611624589508,609.2556518766722,632.996441523236,612.0087323125949,606.7788089451603,595.4616877237953,1.2546838991479563,1.0,1.0,1.0,0.0,0.0,5192.6804661605365,5414.811166240645,0.0001925416872515,0.0001846445471056,False,,5,1.0,True,True,True,True,False,False,True,True,retained,RG-008,5,0,3,2,3,False,member,120,main
French_vs_Dunn,French,Dunn,FT-188,26,26,4.1787663962481725,4.525424436053235,-0.34665803980506293,0.08176992627048385,69.39338154357125,104.22593360788062,-0.5799786132063128,172.0,0.0024548895984783606,0.25443786982248523,0.7455621301775148,-0.49112426035502954,-0.4911242603550296,1.0,1.0,0.0,0.00399680372644824,2.398287178388236,French < Dunn,True,84.0586923610034,24.55222090585828,29.20842594173946,0.2858227215115502,1.0,153.37385402380642,282.51253530013986,184.1986283113736,0.5913674936175541,1.0,360.94833375547785,635.3992200826013,176.03605853270082,1.3522059763956265,1.0,204.0093915709096,337.47004082368125,165.41887519250966,0.8827058541398851,1.0,176.03605853270082,184.1986283113736,0.8827058541398851,1.0,1.0,0.1659229716070565,0.3238029069038609,931.123316275561,931.1738081023892,931.07426737904,0.0254915780131796,1102.1879690833632,1107.124431889231,1104.963450062722,1099.1332192776542,1093.916465014947,1.3268034181666346,1.0,1.0,1.0,0.0,0.0,78.81477712077168,238.3543660396056,0.0125290082372447,0.0041779058245151,False,,5,1.0,True,True,True,True,False,False,True,True,retained,RG-004,4,1,2,0,0,False,member,121,main
French_vs_Dunn,French,Dunn,FT-192,26,26,4.7694189060157655,4.915434301348007,-0.14601539533224184,-0.1425361488169372,116.46015511923045,136.36960266687709,-0.22589134975577346,173.0,0.0026077859250891156,0.25591715976331364,0.7440828402366864,-0.48816568047337283,-0.4881656804733728,1.0,1.0,0.0,0.004210933010184883,2.3756216675178647,French < Dunn,True,129.88653579407037,28.21977782349782,21.72648431261504,0.2431003002037658,1.0,140.82468161103216,30.098785199213687,21.3732314924373,0.2127804640585551,1.0,116.24438344070025,18.18095460054112,15.640286491618555,0.156091157639073,1.0,102.932757607801,25.17865608242844,24.46126643023136,0.2408074716686366,1.0,21.3732314924373,24.46126643023136,0.2127804640585551,1.0,1.0,1.0165278151926973,1.1424935145214596,1068.7037715820934,1068.7709537862363,1068.644656968828,0.0326297049075302,1157.8147203461158,1163.3792711145747,1159.779912946269,1155.301746795193,1149.5256244435009,1.1713404979799975,1.0,1.0,1.0,0.0,0.0,110.81134070934324,120.2642034273279,0.0089436366083788,0.0082464566767165,False,,5,1.0,True,True,True,True,False,False,True,False,retained,RG-010,25,1,10,0,0,False,member,122,main
French_vs_Dunn,French,Dunn,FT-150,26,26,7.31171458558206,7.232324138426179,0.07939044715588128,0.08719510360582561,1534.9416778477039,1480.9171741279215,0.051658619479941305,502.0,0.0027693424567512715,0.742603550295858,0.742603550295858,0.485207100591716,0.48520710059171596,1.0,1.0,0.0,0.00443545092666667,2.35306222137723,French > Dunn,True,1461.756135360252,234.0632126572216,16.01246658010684,0.1585702687649865,1.0,1449.3280687927495,233.93920670054865,16.141218247115958,0.1634651463716654,1.0,1492.7716031517657,163.66621994921448,10.963915685672044,0.1123680167112753,1.0,1416.5261159363304,161.27256414546858,11.385075243661616,0.1142916715381597,1.0,11.385075243661616,16.141218247115958,0.1142916715381597,1.0,1.0,1.406443632335361,1.387417531224426,1265.276619401272,1265.3482895517168,1265.213020467754,0.0356112029110038,1499.076621782328,1513.241326649982,1501.4315327110053,1496.6076603409624,1483.3374252319345,1.197063759265388,1.0,1.0,1.0,0.0,0.0,1532.540603133753,1452.830361439174,0.000652085766726,0.0006878381594741,False,,5,1.0,True,True,True,True,False,False,True,False,retained,RG-018,12,0,10,0,0,False,member,123,main
French_vs_Dunn,French,Dunn,FT-035,26,26,8.48476074510738,8.519308259770707,-0.03454751466332695,-0.042258840861936875,4846.596103874972,5339.289291386559,-0.13964839682977565,175.0,0.0029399925519547837,0.2588757396449704,0.7411242603550297,-0.4822485207100592,-0.4822485207100592,1.0,1.0,0.0,0.004633428261880739,2.334097556655067,French < Dunn,True,4825.546196539682,729.4753448804025,15.11694873843498,0.1527928582407414,1.0,5367.388832727418,701.5943401768532,13.071427504914723,0.1348240299406671,1.0,4869.594483956336,527.6910259073154,10.836447011057668,0.1070267639863306,1.0,3906.657411279688,609.9403436119093,15.612844419140238,0.1551586877931396,1.0,13.071427504914723,15.612844419140238,0.1348240299406671,1.0,1.0,1.156487975988174,1.1332761549108272,924.1258165788284,924.180160162224,924.0777586734384,0.0272409259607433,1057.66078474932,1064.7259970025725,1060.338482301454,1055.0311780453726,1043.0294036865268,1.2380418932721453,1.0,1.0,1.0,1.1058868377504043,0.1666666666666666,4211.875180568749,4722.8107311364165,0.000499869269202,0.0004458025432453,False,0.0,5,1.0,True,True,True,True,False,False,True,False,retained,RG-024,9,1,7,0,0,False,member,124,main
French_vs_Dunn,French,Dunn,FT-155,26,26,6.932789140146543,6.848293322352491,0.08449581779405158,0.06309796182643623,1060.4050712432359,1023.4289929530396,0.05115535770499138,501.0,0.0029399925519547837,0.7411242603550295,0.7411242603550295,0.4822485207100591,0.4822485207100592,1.0,1.0,0.0,0.004633428261880739,2.334097556655067,French > Dunn,True,1038.9695002714582,163.279629059216,15.71553630944459,0.1564104066425036,1.0,1009.7221976645932,157.85608072607192,15.633614977582988,0.1642765567562091,1.0,1030.8070125145923,135.40441370882257,13.135767613620663,0.1387392788681812,1.0,997.7027006819924,143.62022611258183,14.395092447320067,0.1670527753153103,1.0,14.395092447320067,15.633614977582988,0.1642765567562091,1.0,1.0,1.0917287517920975,0.9521164171624372,1266.2831822007336,1266.3496637437588,1266.2194012278928,0.0351803559518064,1499.1248349190344,1514.2912847345538,1501.8993996529623,1496.2190622803143,1483.236571225258,1.3516557316872444,1.0,1.0,1.0,0.0,0.0,1087.7698336030307,1012.7057200006992,0.000918467768978,0.0009864795869942,False,,5,1.0,True,True,True,True,False,False,True,True,retained,RG-018,12,0,11,0,0,False,member,125,main
French_vs_Dunn,French,Dunn,FT-151,26,26,4.9254711947104175,5.060099781514955,-0.1346285868045376,-0.15558232945643802,146.047891143554,164.46114064689488,-0.17020633860549356,177.0,0.003310398072224411,0.2618343195266272,0.7381656804733727,-0.47633136094674555,-0.47633136094674555,1.0,1.0,0.0,0.005175781112922293,2.2860240985410725,French < Dunn,True,168.3020546366152,44.055423617817176,26.17640272600251,0.2570901990297718,1.0,171.17956573796332,42.46153506733896,24.805259251760127,0.2396225525428142,1.0,138.7429977355953,26.464926109218336,19.074783261965376,0.2123264112858024,1.0,132.93005980478864,31.382141228278098,23.608009561090707,0.2471305060858049,1.0,23.608009561090707,24.805259251760127,0.2396225525428142,1.0,1.0,1.1087932956933766,1.0728965045301262,1088.6951060782058,1088.7596143680532,1088.630881136988,0.0330279363335156,1438.8803038529063,1444.1661421831948,1441.2777670267333,1436.5525669265598,1430.835098715389,1.1930280235989963,1.0,1.0,1.0,0.0,0.0,155.02049247926035,147.9157945693037,0.0064094144564562,0.0067152044072437,False,,5,1.0,True,True,True,True,False,False,True,False,retained,RG-007,14,2,6,0,0,False,member,126,main
French_vs_Dunn,French,Dunn,FT-002,26,26,7.37049277567329,7.248595200778398,0.12189757489489139,0.2167604971139454,1568.0593946954286,1500.1371325964158,0.06384418793205625,497.0,0.003722841925065334,0.7352071005917159,0.7352071005917159,0.470414201183432,0.47041420118343197,1.0,1.0,0.0,0.0057748020412430765,2.238462898685916,French > Dunn,True,1375.0627606749038,288.0754338021132,20.949984396401003,0.2449409241714183,1.0,1439.636430766677,450.079252450003,31.26339698213345,0.439853957382915,1.0,1606.1515481488566,344.3016937438306,21.436438805581563,0.214657924474939,1.0,1593.6030149750611,493.28334676682425,30.953966711373457,0.3413215147327254,1.0,30.953966711373457,31.26339698213345,0.3413215147327254,1.0,1.0,0.6768109752054273,0.7176252114175146,889.6499309783783,889.7022159640214,889.6015469549808,0.0255523760494532,609.0997423566134,627.7172511456954,611.7465009922388,606.4265533909693,596.7890463679698,1.324647395195849,1.0,1.0,1.0,0.0,0.0,1466.5399815071848,1545.1114211635718,0.000681412440275,0.0006467839162894,False,,5,1.0,True,True,True,True,False,False,True,True,retained,RG-008,5,0,3,1,3,False,member,127,main
French_vs_Dunn,French,Dunn,FT-018,26,26,7.925990533634005,7.845032765102081,0.08095776853192405,0.05990672793285423,2761.956386144889,2777.9342442937336,-0.0083189085177933,487.0,0.006573209227867039,0.7204142011834319,0.7204142011834319,0.4408284023668638,0.4408284023668639,1.0,1.0,0.0,0.010038156727827957,1.9983460278709897,French > Dunn,True,2618.2826099031004,542.1395654625433,20.705922401654234,0.2182820654825567,1.0,2700.190045656604,651.514564657568,24.12847072396119,0.5172835306293211,1.0,2803.7602110732228,356.7108877011631,12.722588982194784,0.1269841623967162,1.0,2635.671107355181,530.3400228677482,20.121631313852696,0.2202243373097747,1.0,20.121631313852696,24.12847072396119,0.2202243373097747,1.0,1.0,1.0290379581400682,0.9911804850865056,1372.9191123009864,1372.997683690058,1372.8485441828032,0.0401136096641405,980.422438027575,998.3599555885412,983.254920699392,977.8447214040514,967.5379132700484,1.3146068155169774,1.0,1.0,1.0,0.0,0.0,2719.6012785888224,2713.042348251479,0.0003675658053497,0.0003684540886564,False,,5,1.0,True,True,True,True,False,False,True,True,retained,RG-019,2,0,1,0,0,False,member,128,main
French_vs_Dunn,French,Dunn,FT-245,26,26,4.224640801318419,4.569067606003639,-0.34442680468522013,-0.267931816463415,69.58064160533317,98.4474121713065,-0.4946612847859055,189.0,0.006573209227867039,0.2795857988165681,0.7204142011834319,-0.44082840236686394,-0.4408284023668639,1.0,1.0,0.0,0.010038156727827957,1.9983460278709897,French < Dunn,True,102.27264637167885,23.94401701317341,23.41194626582377,0.2375632912336369,1.0,98.14780253491524,28.04250125982913,28.57170566794224,0.2995754866079673,1.0,72.38617095643076,25.493013967975468,35.21807222448569,0.3624332430992935,1.0,121.74430209413164,37.588003177106906,30.87454815589168,0.3152967411805737,1.0,30.87454815589168,35.21807222448569,0.3152967411805737,1.0,1.0,0.7582927577631983,0.753459393028049,1083.02130840629,1083.085385012217,1082.9524375265098,0.0367501395346961,1473.1330249701502,1482.318571374777,1476.1689162150667,1469.9701177376287,1466.9295087773758,1.491661240294952,1.0,1.0,1.0,0.0,0.0,88.51679395190241,97.43522743996624,0.011171088193097,0.010158964691882,False,,5,1.0,True,True,True,True,False,False,True,True,retained,RG-007,14,3,6,0,0,False,member,129,main
French_vs_Dunn,French,Dunn,FT-012,26,26,7.431207408140162,7.353118541727497,0.07808886641266533,0.06206936471362923,1688.784941064138,1695.0056310645582,-0.00530131354651612,485.0,0.007337523348483362,0.7174556213017752,0.7174556213017752,0.4349112426035502,0.4349112426035503,1.0,1.0,0.0,0.011119169997317095,1.9539276299336816,French > Dunn,True,1601.0158028281076,213.81325783683485,13.354849930846736,0.1360899419537883,1.0,1685.3797272568602,222.50859199018427,13.202282452533195,0.1308088811505325,1.0,1711.1374552184586,208.71317901889785,12.19733566011222,0.1217973033878176,1.0,1659.9486327207628,246.1524069231582,14.828917116531404,0.156929626355307,1.0,13.202282452533195,14.828917116531404,0.1308088811505325,1.0,1.0,1.011556144088121,1.0403723413640278,1210.8240555433492,1210.8955600828046,1210.7624399714518,0.0348255069275807,874.6067099501091,886.9375662181682,876.9385692997641,872.1006850718126,862.2934988270636,1.2505477918517685,1.0,1.0,1.0,0.0,0.0,1649.2667877752604,1685.487226865253,0.0006059626282294,0.0005929484576404,False,,5,1.0,True,True,True,True,False,False,True,False,retained,RG-003,3,1,1,0,0,False,member,130,main
French_vs_Dunn,French,Dunn,FT-062,26,26,7.9868077335392655,8.029441127855746,-0.04263339431648028,-0.04151674634390545,2935.21268174782,3263.4359424300583,-0.1528772597405018,193.0,0.008180638410414762,0.2855029585798817,0.7144970414201183,-0.42899408284023666,-0.4289940828402367,1.0,1.0,0.0,0.012302181426348915,1.9100178725097017,French < Dunn,True,3143.067054180969,449.4745082146511,14.300506494659452,0.1410228744962035,1.0,3256.250114720501,451.7922009089399,13.87461604581684,0.1391141132594883,1.0,2957.4174327081078,317.83785355916774,10.747142085658284,0.1091027051675869,1.0,2650.8468674825617,371.2254486247479,14.004032189806978,0.1418400092866081,1.0,13.87461604581684,14.004032189806978,0.1391141132594883,1.0,1.0,1.0306956565454666,1.0137208309925738,1078.713769906068,1078.77689772975,1078.6606048411224,0.0306502872948344,1212.1759527027516,1230.5396418417658,1214.4559206074891,1209.787676317876,1197.3987579345717,1.2388468855173635,1.0,1.0,1.0,0.0,0.0,2801.9509681243844,2958.6534797773534,0.0003567668544231,0.0003378773923477,False,,5,1.0,True,True,True,True,False,False,True,False,retained,RG-010,25,0,7,0,0,False,member,131,main
French_vs_Dunn,French,Dunn,FT-194,26,26,7.3426994622465305,7.3212963794372925,0.021403082809237972,0.04396025720637553,1513.0115094815735,1574.2887975461958,-0.05724016930452827,478.0,0.010679456990541965,0.7071005917159764,0.7071005917159764,0.41420118343195256,0.41420118343195267,1.0,1.0,0.0,0.0158184438130584,1.8008362437615104,French > Dunn,True,1527.349871842017,283.7838879785878,18.58014939539284,0.1864907149505886,1.0,1582.1479570135243,264.1599388799202,16.69628543328847,0.1701576712575769,1.0,1558.234431389374,163.01152399190025,10.461296497379648,0.1040300614727886,1.0,1326.7369244309623,217.489778915418,16.39283379474038,0.1685641951939143,1.0,16.39283379474038,16.69628543328847,0.1685641951939143,1.0,1.0,1.1334312070774644,1.1063483246608317,1106.736189796707,1106.8013071714472,1106.6793317132142,0.0322864849836996,1180.3607794138811,1194.835010057088,1183.154158165373,1177.6877652976746,1167.7071170592574,1.3268503508308518,1.0,1.0,1.0,0.0,0.0,1353.6654370993724,1490.218355578404,0.000738189646398,0.0006705926038659,False,,5,1.0,True,True,True,True,False,False,True,False,retained,RG-010,25,0,9,0,0,False,member,132,main
French_vs_Dunn,French,Dunn,FT-243,26,26,5.114549519074421,5.3047175829318824,-0.19016806385746143,-0.1362036271320406,169.73954874108506,199.4842924760024,-0.2316919375814656,198.0,0.010679456990541965,0.2928994082840236,0.7071005917159764,-0.41420118343195267,-0.41420118343195267,1.0,1.0,0.0,0.0158184438130584,1.8008362437615104,French < Dunn,True,191.9783482780277,33.9596297754927,17.68930198644669,0.1857901915026876,1.0,203.45385559039389,41.27843794233053,20.28884526299412,0.2068319291778701,1.0,170.64969018079324,41.52366171149954,24.332690945707363,0.2448092526649984,1.0,176.92273689744272,46.469376127861416,26.26535002948685,0.2454882273931065,1.0,24.332690945707363,26.26535002948685,0.2448092526649984,1.0,1.0,0.7269768076994105,0.758918176009166,1083.0184165320716,1083.081155245212,1082.9536937910798,0.0367099381181748,1438.918439562102,1444.8087708493492,1440.6161703055536,1436.2722954248684,1431.0281680492635,1.1621010653959112,1.0,1.0,1.0,0.0,0.0,161.443969675892,183.925787404744,0.0061559687441472,0.0054075746494528,False,,5,1.0,True,True,True,True,False,False,True,True,retained,RG-007,14,3,5,0,0,True,representative,133,main
French_vs_Dunn,French,Dunn,FT-055,26,26,7.777042286349397,7.749110549355651,0.027931736993746625,0.039527136905607385,2419.027131624,2445.4451032369107,-0.015663687859547405,475.0,0.012485656486294364,0.7026627218934911,0.7026627218934911,0.4053254437869822,0.40532544378698226,1.0,1.0,0.0,0.018355778565671565,1.7362271900429154,French > Dunn,True,2387.60825200239,387.1295839086941,16.21411651530456,0.1644998628509233,1.0,2456.03514673785,392.3427347793351,15.974638445237714,0.1632507199913953,1.0,2409.999131777913,261.48962812644004,10.850195947312768,0.1063079360206844,1.0,2086.2547096795543,340.3801422531515,16.315368429075154,0.1683459442656976,1.0,15.974638445237714,16.315368429075154,0.1632507199913953,1.0,1.0,1.014991141795653,1.0076516836164269,1105.7327676680493,1105.7968689408365,1105.676441948791,0.0323388959277148,1180.3586166880116,1197.1622159404142,1183.040199087054,1177.5454495086724,1165.815387848887,1.3546287736842515,1.0,1.0,1.0,0.0,0.0,2115.397088771124,2319.184162529318,0.0004725011224527,0.0004310002697845,False,,5,1.0,True,True,True,True,False,False,True,False,retained,RG-010,25,0,10,0,0,False,member,134,main
French_vs_Dunn,French,Dunn,FT-044,26,26,9.195391568004364,9.228042153260404,-0.03265058525603948,-0.036145912973621463,9937.088321739006,10916.8455607111,-0.13564792600781753,203.0,0.013835349677624285,0.30029585798816566,0.6997041420118344,-0.3994082840236687,-0.3994082840236686,1.0,1.0,0.0,0.020040910930088116,1.6980825421401435,French < Dunn,True,9871.53828443148,1343.387870066774,13.608698374653995,0.1408462160933337,1.0,10887.842401474967,1398.3701406270277,12.843409089367343,0.132088905276603,1.0,9946.427838055935,1088.6759177985998,10.945396030856696,0.1085707156472846,1.0,8080.942700648376,1237.438276710791,15.313043571160389,0.1538277811414202,1.0,12.843409089367343,15.313043571160389,0.132088905276603,1.0,1.0,1.059586148814664,1.0662986100035603,923.1212556300736,923.1751342108996,923.074014873022,0.026964574266534,1057.6205174785268,1064.765986981599,1060.2868398891017,1054.9388995609593,1041.2142873846992,1.2744490931735233,1.0,1.0,1.0,0.0,0.0,8629.153049278148,9654.21998539413,0.0001158728002029,0.0001035709182714,False,,5,1.0,True,True,True,True,False,False,True,False,retained,RG-024,9,1,7,0,1,False,member,135,main
French_vs_Dunn,French,Dunn,FT-011,26,26,6.8618297639344235,6.795748222526402,0.06608154140802114,0.0617590405679076,978.7309991470509,975.9160310208118,0.004151125159774428,473.0,0.013835349677624285,0.6997041420118343,0.6997041420118343,0.39940828402366857,0.3994082840236686,1.0,1.0,0.0,0.020040910930088116,1.6980825421401435,French > Dunn,True,915.2158818474384,151.11581319289073,16.511493756844672,0.172683642519959,1.0,966.1213739346884,142.41034481376695,14.740419646630668,0.1482203297203298,1.0,973.083801952782,115.79495268750158,11.899792438752408,0.1177259174278969,1.0,914.5955915956824,142.09156456147008,15.53599928396384,0.1596284691479765,1.0,14.740419646630668,15.53599928396384,0.1482203297203298,1.0,1.0,1.1201508608758526,1.1650469462980408,1211.8279152595003,1211.899520416236,1211.762666802262,0.0363039936634745,874.6133425350365,886.9604836740813,876.7821117479145,872.0452383104141,863.3168395873045,1.2291365451074237,1.0,1.0,1.0,0.0,0.0,941.284421070307,951.4549535252738,0.0010612506984506,0.0010499184200772,False,,5,1.0,True,True,True,True,False,False,True,False,retained,RG-003,3,0,1,0,0,False,member,136,main
French_vs_Dunn,French,Dunn,FT-031,26,26,9.072482327686625,9.100985634486978,-0.028503306800352846,-0.035276480556941436,8812.569201936854,9645.499146312744,-0.13027908161254426,209.0,0.018687690931488546,0.30917159763313606,0.6908284023668639,-0.38165680473372776,-0.3816568047337278,1.0,1.0,0.0,0.026872081120461633,1.5706986981320188,French < Dunn,True,8703.615182079611,1180.269035068882,13.560675769523998,0.1393356447358355,1.0,9591.620727260302,1216.1852641840148,12.679663831238658,0.130651761301701,1.0,8769.327128838859,906.9322926252432,10.342096711647358,0.1023951565263156,1.0,7060.0500622814325,1071.4244346200549,15.175875881449876,0.1510819429558106,1.0,12.679663831238658,15.175875881449876,0.130651761301701,1.0,1.0,1.0694822788688456,1.0664658734609913,923.62339275087,923.6774627241764,923.5744842259206,0.02721365046968,1057.5964004037503,1064.684185028079,1059.8854968782284,1054.9518501192424,1041.547487894696,1.2154796227379434,1.0,1.0,1.0,0.0,0.0,7579.413047277645,8487.81729879944,0.0001319189328817,0.0001178020405906,False,,5,1.0,True,True,True,True,False,False,True,False,retained,RG-024,9,1,7,0,1,True,representative,137,main
French_vs_Dunn,French,Dunn,FT-171,26,26,8.24002378026714,8.146905468850086,0.0931183114170544,0.09014455602479643,3748.3679796265033,3523.7941627969153,0.08910841408231762,464.0,0.02163021580530508,0.6863905325443787,0.6863905325443787,0.3727810650887573,0.3727810650887574,1.0,1.0,0.0,0.030655773479461156,1.5134877216628595,French > Dunn,True,3663.690515051816,934.7158231478336,25.51295802163612,0.2437866522266282,1.0,3602.7528369859992,763.2426028588037,21.184983744189328,0.2142012867381972,1.0,3748.1534837250074,643.9282085836734,17.179878342220977,0.1782807296185751,1.0,3415.499074105536,624.9167111734417,18.296497747905185,0.1813705100462703,1.0,18.296497747905185,21.184983744189328,0.1813705100462703,1.0,1.0,1.3944175750551584,1.3441361121189692,1262.7926388390904,1262.8650537775038,1262.7251615197877,0.0354453082579663,1499.0089198979422,1518.4259655164649,1501.8736659668195,1496.264148959211,1479.0215741033132,1.3682078056744542,1.0,1.0,1.0,0.0,0.0,4101.889504258449,3588.978393698937,0.0002437306680967,0.000278553208497,False,,5,1.0,True,True,True,True,False,False,True,False,retained,RG-018,12,0,11,0,3,False,member,138,main
French_vs_Dunn,French,Dunn,FT-189,26,26,7.420993127405198,7.47149645856181,-0.05050333115661232,-0.03455042249342011,1630.6490976004507,1826.9866392061876,-0.16392470102432474,212.0,0.02163021580530508,0.3136094674556213,0.6863905325443787,-0.3727810650887574,-0.3727810650887574,1.0,1.0,0.0,0.030655773479461156,1.5134877216628595,French < Dunn,True,1682.4040063672107,311.9008942255107,18.539000920414683,0.1896519841684524,1.0,1851.4315293017264,304.87140027149155,16.466793151485046,0.1676128010425516,1.0,1691.1328081716215,203.6897625086579,12.044575182056713,0.1186528193713451,1.0,1351.1460373244204,268.7063462339109,19.88729114478337,0.1901506105100234,1.0,16.466793151485046,19.88729114478337,0.1676128010425516,1.0,1.0,1.125841610437838,1.1314886630902716,931.123020951668,931.1758625779664,931.0750071035604,0.0263774599815897,1117.150900959169,1132.9164165454893,1119.9402594800786,1114.513782416522,1107.106961260784,1.384524676638368,1.0,1.0,1.0,0.9049930048809116,0.1666666666666666,1480.560002436654,1634.024066760047,0.0012858021286669,0.0011651161861218,False,0.7071067811865475,5,1.0,True,True,True,True,False,True,True,False,retained,RG-004,4,1,2,0,0,False,member,139,main
French_vs_Dunn,French,Dunn,FT-186,26,26,4.08284587927217,4.331333089131055,-0.24848720985888573,0.2648856007821587,61.067108429881664,81.6153578083028,-0.4125810613357895,214.0,0.02380902578014055,0.31656804733727806,0.6834319526627219,-0.3668639053254438,-0.3668639053254438,1.0,1.0,0.0,0.03326509275665027,1.4780112612260423,French < Dunn,True,72.66245175596532,20.486493447601248,28.194057525617943,0.2811623787610746,1.0,79.08902165136585,17.924290219155072,22.66343652367777,0.2437459840534943,1.0,303.63529508360534,525.693109301528,173.13307043464084,1.3586506177174884,1.0,69.20358692577742,18.98562056384173,27.434445824613523,0.2884858520977447,1.0,27.434445824613523,173.13307043464084,0.2884858520977447,1.0,1.0,1.0276882465882695,0.974614098807907,931.6243046494036,931.6784901191336,931.5809314937704,0.0274414767123745,1102.186769188893,1106.829634834741,1104.5947650644134,1099.0703438301748,1094.5528271619044,1.4732397071044796,1.0,1.0,1.0,0.0,0.0,69.87107009203004,149.73689261811177,0.014110129827325,0.0066340759891705,False,,5,1.0,True,True,True,True,False,False,True,True,retained,RG-004,4,1,2,0,0,True,representative,140,main
French_vs_Dunn,French,Dunn,FT-224,26,26,7.014288837340875,6.9845756654577045,0.029713171883170908,0.04030014807630611,1080.808377839683,1149.3974300104542,-0.08868738261201423,462.0,0.02380902578014055,0.6834319526627218,0.6834319526627218,0.3668639053254439,0.3668639053254438,1.0,1.0,0.0,0.03326509275665027,1.4780112612260423,French > Dunn,True,1188.7122198836414,219.64544219828383,18.477596050941926,0.1860716412314892,1.0,1131.8724397203837,195.9361139221968,17.310794666102183,0.1774581927719738,1.0,1123.237617494687,129.79823076354248,11.55572327189767,0.1106795542612884,1.0,1106.2478456732324,171.17416985035055,15.473401419026366,0.1597742809786322,1.0,15.473401419026366,17.310794666102183,0.1597742809786322,1.0,1.0,1.194152180930403,1.1645906968992958,1253.32364366104,1253.39641832023,1253.2628428970104,0.0341562439500352,1273.874816816318,1285.89905912226,1276.2559770273813,1271.3717770670623,1263.522872491316,1.183151434417745,1.0,1.0,1.0,0.0,0.0,1065.7368459227166,1120.5971887951428,0.0009374383230711,0.0008915856869026,False,,5,1.0,True,True,True,True,False,False,True,False,retained,RG-009,24,0,6,0,0,False,member,141,main
French_vs_Dunn,French,Dunn,FT-028,26,26,6.404070558952593,6.475140477159766,-0.07106991820717301,-0.3594304618228996,585.4720275964982,688.4771600300517,-0.23344046205426117,219.0,0.030106146029304726,0.32396449704142016,0.6760355029585798,-0.3520710059171598,-0.3520710059171598,0.9615384615384616,1.0,-0.038461538461538436,0.041766977237838246,1.3791669543836629,French < Dunn,True,555.7034288030117,136.73290474117934,24.60537359571504,0.2716816191609109,0.9090909090909092,639.3515506917423,184.40183354408424,28.84200927401707,0.8176455099697597,1.0,573.1177919836174,155.02991656993234,27.050271120245363,0.3506755015950928,0.9615384615384616,413.5039091888864,171.46050287180628,41.46526769435789,0.7372262169052736,0.9615384615384616,28.84200927401707,41.46526769435789,0.7372262169052736,0.9615384615384616,0.9615384615384616,0.8531088580531491,0.3685186621568822,1845.2675702568588,1845.3714278358416,1845.1623419189225,0.0547059411325117,1057.465322843472,1063.011718921446,1060.0061878004767,1054.8746688276972,1047.5546058911905,1.2638959113625776,1.0,0.9615384615384616,0.9615384615384616,0.0,0.0,421.6582446569468,530.7346126327803,0.0023659777435825,0.0018806374011439,False,,5,1.0,True,True,True,True,False,False,True,True,retained,RG-005,1,0,0,0,0,True,singleton,142,main
French_vs_Dunn,French,Dunn,FT-154,26,26,7.970101147329329,7.902264269620556,0.067836877708773,0.08976315785994604,2937.750026325601,2746.830885500643,0.09690943018511869,451.0,0.03950535941633262,0.6671597633136095,0.6671597633136095,0.334319526627219,0.3343195266272189,1.0,1.0,0.0,0.05442346716795473,1.264213793979538,French > Dunn,False,2753.805753607847,656.588330931545,23.842942810012225,0.2335285528262309,1.0,2789.5480939162576,662.2254721710295,23.739525180271357,0.2376412987380562,1.0,2897.8859424874627,513.2025329567398,17.709549069285362,0.1840811373832018,1.0,2663.137314015164,498.73907816322577,18.727501414911497,0.1894602080499928,1.0,18.727501414911497,23.739525180271357,0.1894602080499928,1.0,1.0,1.2731513020219365,1.2325994742104889,1263.7971017854209,1263.8715515041586,1263.7320792002329,0.037321139261873,1498.895810560801,1516.8788947229823,1501.5387958090012,1496.1383324478263,1479.1927665212909,1.3203674931810594,1.0,1.0,1.0,0.0,0.0,3116.205127045629,2783.60004056718,0.0003208001909543,0.000359118000945,False,,5,1.0,True,True,True,True,False,False,True,False,retained,RG-018,12,0,11,1,3,False,member,143,main
French_vs_Dunn,French,Dunn,FT-092,26,26,8.697360446719383,8.677515547779326,0.019844898940057476,0.029046275800116206,6123.060076571534,6240.50471305779,-0.027405442868200673,450.0,0.04129231980958434,0.665680473372781,0.665680473372781,0.33136094674556205,0.33136094674556216,1.0,1.0,0.0,0.056100600017159406,1.2510324937750712,French > Dunn,False,6404.246451987509,1039.7859065500568,16.235882150153156,0.1579821161650289,1.0,6249.047975504685,958.7852779282656,15.342901537747148,0.1543332540079897,1.0,6070.297175154671,602.4090978247751,9.923881491179644,0.0982954070331285,1.0,6095.667906844218,963.8012055304598,15.811248582756674,0.1611782741413397,1.0,15.342901537747148,15.811248582756674,0.1543332540079897,1.0,1.0,1.0582015474849438,1.023642747510853,1251.3142498680247,1251.3872814292572,1251.2506210064705,0.0361206867456643,1273.8054275719012,1292.538921522056,1275.9376310450957,1271.4144752449388,1260.8067512512189,1.150720330226371,1.0,1.0,1.0,0.0,0.0,5846.052689965294,6139.739081906299,0.0001710263363482,0.0001628468473683,False,,5,1.0,True,True,True,True,False,False,True,False,retained,RG-009,24,1,9,0,0,False,member,144,main
French_vs_Dunn,French,Dunn,FT-242,26,26,4.362983531943007,4.1257807734789465,0.23720275846406036,0.18656214990997277,71.36752922611296,72.7178971095729,-0.026672401048323316,450.0,0.04129231980958434,0.665680473372781,0.665680473372781,0.33136094674556205,0.33136094674556216,1.0,1.0,0.0,0.056100600017159406,1.2510324937750712,French > Dunn,False,94.1782475702834,21.713597261892215,23.05585187884048,0.254664784893064,1.0,66.41583704481312,23.052806813847926,34.7098039256712,0.3865645976661263,1.0,74.1644410706666,20.72114526249264,27.93946123419008,0.246997825237473,1.0,118.07059894448072,27.47207855016358,23.267501643725485,0.2288033313613907,1.0,27.93946123419008,34.7098039256712,0.246997825237473,1.0,1.0,0.8252074614318822,1.0310405957956097,1083.0169631809986,1083.0848216619854,1082.950362254375,0.0368602131796223,1422.690822712629,1429.628389935163,1425.145367036958,1420.289303760063,1413.690671698993,1.3914501278972984,1.0,1.0,1.0,0.0,0.0,89.71860351470247,85.96631190637703,0.0110230973720614,0.0114987053961371,False,,5,1.0,True,True,True,True,False,False,True,False,retained,RG-007,14,3,1,0,0,False,member,145,main
French_vs_Dunn,French,Dunn,FT-149,26,26,7.330541201973281,7.249266761950412,0.08127444002286932,0.08103502477027291,1506.8784652249763,1451.758905204079,0.05372485408804812,447.0,0.04706896016188992,0.661242603550296,0.661242603550296,0.3224852071005917,0.3224852071005917,1.0,1.0,0.0,0.06351085720474187,1.1971520255576202,French > Dunn,False,1498.2910353979833,378.7100122053168,25.276131489682317,0.2480367781962727,1.0,1444.6155491564878,308.9157870225074,21.38394448286837,0.2152170373614088,1.0,1487.1104695276,246.0794329356413,16.547488433311326,0.1736711173152209,1.0,1364.6292449941482,275.96621860978564,20.222798215860387,0.2086235364050025,1.0,20.222798215860387,21.38394448286837,0.2086235364050025,1.0,1.0,1.2498829894796006,1.188920399253308,1264.301168475248,1264.3726695538803,1264.2328619236057,0.0369738887775996,1498.8110275470938,1512.298849795731,1501.6547552339002,1496.0694294737173,1483.2695644459832,1.3381313997308846,1.0,1.0,1.0,0.0,0.0,1677.2303813752246,1432.2766127188684,0.0005958657470975,0.0006977020284333,False,,5,1.0,True,True,True,True,False,False,True,False,retained,RG-018,12,0,11,0,3,False,member,146,main
French_vs_Dunn,French,Dunn,FT-248,26,26,6.7713388752778245,6.816168256022047,-0.044829380744222824,-0.04620577436216067,863.6881070564339,974.7249829022413,-0.1742947215926821,231.0,0.0512862559681242,0.3417159763313609,0.6582840236686391,-0.31656804733727806,-0.3165680473372781,1.0,1.0,0.0,0.06873056071918686,1.1628501130056002,French < Dunn,False,896.0815846025539,143.50178612325217,16.014366168109643,0.1679164542750106,1.0,984.2078416156464,141.69105553721553,14.396456677750066,0.1470664258116758,1.0,888.1955762194525,115.93824676920455,13.053233980593358,0.1233250214594689,1.0,705.144738578054,123.5364834922428,17.519308694177866,0.1795884419064268,1.0,14.396456677750066,17.519308694177866,0.1470664258116758,1.0,1.0,1.1123824790068015,1.1417728645288088,925.1361960129163,925.1837228035912,925.0919226799238,0.0243451612151024,1057.851741314575,1064.927979546626,1060.4905075149256,1055.485902411153,1046.1234902046797,1.3621188340795582,1.0,1.0,1.0,1.6673323080806213,0.3333333333333333,782.34377599326,860.7653152956663,0.0034050596811068,0.0030951957113352,False,0.3354101966249684,5,1.0,True,True,True,True,False,False,True,False,retained,RG-024,9,0,8,0,0,False,member,147,main
French_vs_Dunn,French,Dunn,FT-157,26,26,8.357554757306632,8.274126382318501,0.08342837498813083,0.0759270469874469,4242.415444930279,4123.560068408723,0.04098568272972648,443.0,0.055815373002657265,0.6553254437869823,0.6553254437869823,0.3106508875739644,0.3106508875739645,1.0,1.0,0.0,0.07429478703732081,1.1290416578457576,French > Dunn,False,4151.624070372584,987.9451153096418,23.796593780249943,0.2329135476036382,1.0,4113.560349663417,853.3785255509065,20.74549667469282,0.2094669889318891,1.0,4212.456875457168,723.239622575468,17.169068882087405,0.1786563785882222,1.0,3884.969042771122,719.3424672483061,18.51604116606304,0.1894832277361511,1.0,18.51604116606304,20.74549667469282,0.1894832277361511,1.0,1.0,1.2851879927694976,1.2292040323904676,1263.2947685123595,1263.368664598244,1263.2276740087248,0.0374424281621028,1498.9586431862058,1519.8445044172583,1501.829279831422,1496.1558304650562,1479.1106853079289,1.3746438578061395,1.0,1.0,1.0,0.0,0.0,4652.940872544712,4070.875991327187,0.0002148716598226,0.0002455870468869,False,,5,1.0,True,True,True,True,False,False,True,False,retained,RG-018,12,0,11,1,3,False,member,148,main
French_vs_Dunn,French,Dunn,FT-058,26,26,8.819862868447137,8.843090973829781,-0.023228105382644415,-0.021697928895207497,6807.535375246613,7493.905467153857,-0.13856579679507477,237.0,0.06587553630922431,0.3505917159763313,0.6494082840236687,-0.29881656804733725,-0.2988165680473373,1.0,1.0,0.0,0.08709718559004824,1.0599958783156402,French < Dunn,False,7088.137237817102,1110.5283317779529,15.66742141860612,0.1595523812642522,1.0,7379.501683982271,1059.931039180427,14.363179040680784,0.1463733866992633,1.0,6821.428970727191,641.9514915191722,9.410806654646406,0.0941603808163477,1.0,6094.607934818468,905.7391878528504,14.861319998590334,0.1509973666252457,1.0,14.363179040680784,14.861319998590334,0.1463733866992633,1.0,1.0,1.090804575660537,1.090036822008268,1078.208562682587,1078.2724700812462,1078.1553836436535,0.0307902558921655,1212.3710107648494,1237.6268490501072,1214.7245810620668,1210.068312567409,1196.383045030678,1.193813684743503,1.0,1.0,1.0,0.0,0.0,6336.19264884365,6772.955759641879,0.0001577985798147,0.0001476242295466,False,,5,1.0,True,True,True,True,False,False,True,False,retained,RG-010,25,0,7,0,0,False,member,149,main
French_vs_Dunn,French,Dunn,FT-054,26,26,7.810658923746794,7.798829313431046,0.011829610315747807,0.026331549983032332,2475.930566148513,2503.9393624201975,-0.016222253016292765,437.0,0.07144048718699479,0.6464497041420117,0.6464497041420117,0.2928994082840237,0.29289940828402367,1.0,1.0,0.0,0.09382517317225315,1.0276806253408373,French > Dunn,False,2506.0327709799835,449.2753653337592,17.92775300213134,0.1790437877804055,1.0,2565.7053659742064,370.65888177097634,14.446665883252578,0.1474398795455558,1.0,2490.7964301416414,253.9603708573037,10.195950491339914,0.1007813787833394,1.0,2109.5967585999774,351.5692028680602,16.665232416330465,0.1727651957595829,1.0,14.446665883252578,16.665232416330465,0.1474398795455558,1.0,1.0,1.2409612811018382,1.2143511533803495,1106.2349666883931,1106.2984588554452,1106.1774103781204,0.0320626708743715,1180.403233758563,1196.6204858595336,1183.2722565479864,1177.6164536741317,1165.9355028214,1.351917574115685,1.0,1.0,1.0,0.0,0.0,2203.0198745656503,2390.9400985896914,0.00045371641678,0.00041807067016,False,,5,1.0,True,True,True,True,False,False,True,False,retained,RG-010,25,0,10,0,0,False,member,150,main
French_vs_Dunn,French,Dunn,FT-111,26,26,6.784799806867545,6.809713757292341,-0.024913950424796383,-0.026694909644635167,871.8472885297939,944.2762148416973,-0.1150066891256932,242.0,0.08050495566476308,0.35798816568047337,0.6420118343195267,-0.28402366863905326,-0.28402366863905326,1.0,1.0,0.0,0.10502964414541938,0.9786881059610113,French < Dunn,False,928.899079105843,216.9239115404958,23.352796489938008,0.2981201528241267,1.0,941.9337049253425,168.08480994779336,17.84465393571576,0.1871746774567769,1.0,879.3783074108985,112.40360012946724,12.782166580889458,0.1259930155459802,1.0,925.0503848651662,148.35749135826296,16.037774134852913,0.155730895150511,1.0,16.037774134852913,17.84465393571576,0.155730895150511,1.0,1.0,1.4561120697658574,1.914328897525433,1295.8363020697318,1295.9072791203832,1295.773465539277,0.0370243052418961,1243.8481834080928,1256.6009494236548,1245.3463489025294,1241.5589757546982,1232.480297633579,1.045388498174385,1.0,1.0,1.0,0.0,0.0,862.7082298883722,915.7893168628094,0.0011577983923219,0.0010907631465666,False,,5,1.0,True,True,True,True,False,False,True,False,retained,RG-016,8,2,0,0,0,False,member,151,main
French_vs_Dunn,French,Dunn,FT-063,26,26,7.172220551378172,7.174460830698473,-0.0022402793203015747,-0.029951389673023243,1312.30467196761,1409.4747093059702,-0.10297915358849141,243.0,0.0837263530733247,0.3594674556213017,0.6405325443786982,-0.28106508875739644,-0.28106508875739644,1.0,1.0,0.0,0.10851376023319055,0.9645151870280654,French < Dunn,False,1353.3149118790946,183.8754122947832,13.587038070796831,0.1470859695382142,1.0,1403.740408274534,220.23408296643825,15.689089070047368,0.1584401484599632,1.0,1292.5027699691805,162.33883923725097,12.560038013777092,0.1266621654565877,1.0,1273.2629893831324,228.5484794232739,17.949825081619668,0.1746794686766625,1.0,15.689089070047368,17.949825081619668,0.1584401484599632,1.0,1.0,0.8660182888971139,0.9283377412094626,1149.7527620467906,1149.8187882192658,1149.690158497745,0.032753424332895,1199.627733531914,1211.340092005355,1201.7405156059112,1197.2342172171689,1184.739180146977,1.1315627824245194,1.0,1.0,1.0,0.0,0.0,1224.2201682630816,1324.1886172983866,0.0008161798392672,0.0007546095604402,False,,5,1.0,True,True,True,True,False,False,True,True,retained,RG-015,16,2,1,0,0,False,member,152,main
French_vs_Dunn,French,Dunn,FT-045,26,26,8.660657481763852,8.675707880191133,-0.015050398427280953,-0.022834077672483133,5726.121597430123,6293.067446826319,-0.1361824036636073,244.0,0.08705133946822477,0.3609467455621302,0.6390532544378698,-0.2781065088757396,-0.2781065088757396,1.0,1.0,0.0,0.11208571160287764,0.9504497466158304,French < Dunn,False,5683.922567946237,906.273378992838,15.944506072332022,0.1675254623654218,1.0,6264.066114147568,841.6832718802143,13.436692023081449,0.1332425374285835,1.0,5801.103306062147,608.0658542767477,10.481900117884807,0.1032358367644923,1.0,4665.739113876931,731.2515001851302,15.672790148301006,0.1578982281831293,1.0,13.436692023081449,15.672790148301006,0.1332425374285835,1.0,1.0,1.186639244610405,1.2572971484816822,923.1220202532094,923.1748329305268,923.0750959305832,0.026666860202454,1071.5859281352352,1095.0634189274017,1074.300955170282,1068.7521554752243,1064.7794972295344,1.329186310317866,1.0,1.0,1.0,0.0,0.0,4964.597455987662,5585.666936713928,0.0002013856356387,0.0001789976047128,False,,5,1.0,True,True,True,True,False,False,True,False,retained,RG-024,9,1,7,0,0,False,member,153,main
French_vs_Dunn,French,Dunn,FT-069,26,26,6.766317269587816,6.812233799727391,-0.045916530139574974,-0.03248682652696111,869.0591100072393,989.128091174274,-0.18650175825790308,245.0,0.09048209667644219,0.3624260355029586,0.6375739644970414,-0.2751479289940828,-0.27514792899408286,1.0,1.0,0.0,0.11574657821596825,0.9364918390477117,French < Dunn,False,924.0848528841284,133.00049018131477,14.39267073431749,0.1483940005332454,1.0,963.5270914734796,167.26846340223193,17.36001663912072,0.1778894901757489,1.0,880.6997002504892,111.29518142855169,12.637131748415156,0.1238138893119786,1.0,864.6323305632338,151.8128953212514,17.55808682545543,0.1744434343662844,1.0,17.36001663912072,17.55808682545543,0.1744434343662844,1.0,1.0,0.8290701001912447,0.8506711706997114,1150.7568385346326,1150.8215253510546,1150.6976302094158,0.0348052353991313,1199.4452906242605,1210.6137862572284,1201.2154408063195,1197.1823084180112,1184.9031991225047,1.0329515176038833,1.0,1.0,1.0,0.0,0.0,837.8789706795819,903.719800897984,0.0011920670739783,0.0011053145946484,False,,5,1.0,True,True,True,True,False,False,True,True,retained,RG-015,16,2,2,0,0,False,member,154,main
French_vs_Dunn,French,Dunn,FT-184,26,26,7.468721167590255,7.449753664253381,0.01896750333687436,0.03095451133523497,1714.6546326950424,1769.5998703019422,-0.045479058440383135,429.0,0.097669635739145,0.6346153846153846,0.6346153846153846,0.26923076923076916,0.2692307692307692,1.0,1.0,0.0,0.12413495639104234,0.9061059039968344,French > Dunn,False,1847.2701892181417,367.6876988435209,19.904381123540183,0.1903496990614431,1.0,1826.1220988835796,309.38008384636134,16.941916645962742,0.1683802008264103,1.0,1771.196545679686,213.24235429548827,12.039451794078438,0.1189869673000625,1.0,1585.471911858784,286.7335493493516,18.08506017701628,0.196053501185813,1.0,16.941916645962742,18.08506017701628,0.1683802008264103,1.0,1.0,1.1748600550625066,1.130475543604334,809.0412002643465,809.0880344897744,808.9996841611195,0.0236203538121697,1121.032321128916,1139.3550392750944,1123.4003501883312,1118.4709922131613,1104.8390810677215,1.311603084577435,1.0,1.0,1.0,0.0,0.0,1611.1087325989288,1728.8440071627454,0.0006203055537003,0.0005780868077464,False,,5,1.0,True,True,True,True,False,False,True,False,retained,RG-027,2,0,1,0,0,True,representative,155,main
French_vs_Dunn,French,Dunn,FT-225,26,26,4.226344616159102,4.2930213340464825,-0.06667671788738083,-0.12606198854595174,68.2116826556894,75.98179241123832,-0.15350168305651332,249.0,0.10530633174638943,0.36834319526627224,0.6316568047337278,-0.26331360946745563,-0.26331360946745563,1.0,1.0,0.0,0.13298299585922255,0.876203887428595,French < Dunn,False,67.83135853454345,19.44863422762497,28.672039964702545,0.308022619944372,1.0,80.73975326922363,26.92942968746948,33.35337129118332,0.3466794905088786,1.0,65.78898030292068,17.277471594322904,26.26195377215153,0.2715956800775632,1.0,69.38107808751514,81.67884672190607,117.7249604263556,0.7119806126003634,1.0,33.35337129118332,117.7249604263556,0.3466794905088786,1.0,1.0,0.8596444333734189,0.88849392126496,1077.7143327045933,1077.774000301872,1077.655267159494,0.0311261598865204,1186.9637374633428,1193.886183441663,1190.5084643354585,1183.6865880769894,1179.1995339315472,1.6444793093376109,1.0,1.0,1.0,0.0,0.0,56.88954332566981,72.08094754962491,0.0172742768823428,0.0136834569546455,False,,5,1.0,True,True,True,True,False,False,True,True,retained,RG-010,25,2,10,0,0,False,member,156,main
French_vs_Dunn,French,Dunn,FT-212,26,26,7.646847440345592,7.556547462879838,0.09029997746575447,0.056862974590738524,2103.362072088433,2027.7549378293584,0.052788346862165776,426.0,0.10929849881451789,0.6301775147928994,0.6301775147928994,0.2603550295857988,0.2603550295857988,1.0,1.0,0.0,0.13542015261924545,0.8683167010860853,French > Dunn,False,2054.2504545161896,421.6282519017599,20.5246760917018,0.2245164705813742,1.0,2083.2919239496496,352.30232329865345,16.910847646869104,0.1685370330883989,1.0,2094.773512750909,376.1929790610024,17.958646926319794,0.1734203936098636,1.0,1883.0614438448315,352.0268902620176,18.694392124733312,0.181817829179053,1.0,17.958646926319794,18.694392124733312,0.1734203936098636,1.0,1.0,1.1428854398613566,1.294637071845537,1034.6524894655838,1034.712526312989,1034.5946546772016,0.0289896148038387,1419.5355960078075,1437.3696770828783,1421.3266819845712,1417.0516013166043,1406.067496310462,1.0710088590038451,1.0,1.0,1.0,0.0,0.0,1780.0740063048067,2021.1720356725284,0.0005614589828721,0.0004945177672123,False,,5,1.0,True,True,True,True,False,False,True,False,retained,RG-014,17,2,4,0,0,False,member,157,main
French_vs_Dunn,French,Dunn,FT-244,26,26,6.65689303702632,6.702508058523469,-0.04561502149714869,-0.088801068906041,748.8306448288606,896.3261146184987,-0.2590676097846875,250.0,0.10929849881451789,0.3698224852071006,0.6301775147928994,-0.2603550295857988,-0.2603550295857988,1.0,1.0,0.0,0.13542015261924545,0.8683167010860853,French < Dunn,False,1047.9762939954185,230.7567684917701,22.019273700553665,0.2413034902681106,1.0,881.5857680047274,177.9292576811823,20.182864122669024,0.213217715322847,1.0,766.3033208076005,184.92167446975543,24.1316551094765,0.2420482355061325,1.0,1476.1368033971637,292.4589518664695,19.81245580988212,0.1984398302027022,1.0,20.182864122669024,24.1316551094765,0.213217715322847,1.0,1.0,1.090988551809256,1.1317234588258158,1083.0144831519058,1083.0790412617855,1082.95637841365,0.0347705557677826,1455.407052190095,1466.5766937878682,1456.8898431918287,1452.9667683924738,1445.1365334647055,1.0296105334833578,1.0,1.0,1.0,0.0,0.0,975.27497075787,1039.3197337398924,0.0010243015850582,0.0009612429405766,False,,5,1.0,True,True,True,True,False,False,True,False,retained,RG-007,14,3,7,1,1,False,member,158,main
French_vs_Dunn,French,Dunn,FT-240,26,26,6.4885328103905024,6.508358114338074,-0.01982530394757198,-0.09491604937694209,630.8255580515083,718.1424292604354,-0.18675123404458005,250.0,0.10929849881451789,0.3698224852071006,0.6301775147928994,-0.2603550295857988,-0.2603550295857988,1.0,1.0,0.0,0.13542015261924545,0.8683167010860853,French < Dunn,False,856.1970828655991,200.0525474948994,23.36524516357205,0.260479666840786,1.0,749.2124685931215,156.67297368702637,20.91168797300296,0.2170507035406267,1.0,641.6223005743767,133.8967047100821,20.868461802250096,0.2094988543832425,1.0,1249.7407612960635,257.2084574486674,20.58094489787828,0.2042095917937779,1.0,20.868461802250096,20.91168797300296,0.2094988543832425,1.0,1.0,1.1196438618706792,1.2433464975626207,1083.3466638903149,1083.418782663368,1083.293469620257,0.0379018511140412,1455.299982043751,1466.075484139584,1456.6897452440542,1453.095145833872,1445.1545170375284,1.139622011246467,1.0,1.0,1.0,0.0,0.0,797.7353830048313,878.5338767170346,0.0012519790925475,0.0011369658707548,False,,5,1.0,True,True,True,True,False,False,True,False,retained,RG-007,14,2,7,1,1,False,member,159,main
French_vs_Dunn,French,Dunn,FT-203,26,26,7.562782837763583,7.4734171326160705,0.08936570514751274,0.07005502023953891,1884.4483124425922,1899.3989229619447,-0.011394693150447922,422.0,0.1264754481853606,0.6242603550295858,0.6242603550295858,0.24852071005917153,0.2485207100591716,1.0,1.0,0.0,0.15572289557822525,0.8076475294211662,French > Dunn,False,1928.6212154045788,362.16833018737447,18.778613824975483,0.2076194367505124,1.0,1936.3164448047264,402.9926658578325,20.81233503640844,0.1976835645132479,1.0,1982.8918837503916,439.9229907367873,22.18592926532778,0.2113894980586151,1.0,1778.4510582875105,430.1917640905181,24.18912581742645,0.2260294279727742,1.0,22.18592926532778,24.18912581742645,0.2113894980586151,1.0,1.0,0.8464199808985574,0.9821653329861388,1033.9851251097311,1034.0431134347784,1033.93021982602,0.0303773301958856,1419.5994173936797,1436.3402098797728,1421.5891002033584,1417.1693973731028,1406.504333983076,1.2292331845144575,1.0,1.0,1.0,0.0,0.0,1680.5062875592694,1899.6893734520645,0.000594704882996,0.0005261248965599,False,,5,1.0,True,True,True,True,False,False,True,True,retained,RG-014,17,2,5,0,0,False,member,160,main
French_vs_Dunn,French,Dunn,FT-159,26,26,6.909156231092396,6.886583398328086,0.022572832764310213,0.06832575897322446,1029.5167432277428,998.4302596745948,0.044190140908360986,418.0,0.14568458817066113,0.6183431952662722,0.6183431952662722,0.23668639053254448,0.23668639053254437,1.0,1.0,0.0,0.17715965351617433,0.7516351777672784,French > Dunn,False,1069.713385107761,298.8936910512389,27.94147434372141,0.270728387483183,1.0,1004.2222939698864,301.79672512746885,30.05278083743865,0.5499986215498742,1.0,1047.5708897310249,202.59123229530567,19.339142990821667,0.2022127846512563,1.0,933.4698175111224,254.90342394134504,27.307087937881597,0.3032184463030614,1.0,27.307087937881597,30.05278083743865,0.3032184463030614,1.0,1.0,1.0232315656390356,0.8928493328291606,1343.8406591266526,1343.9145274628254,1343.7677461186618,0.0377960318667136,1551.4018781172863,1565.4921889631703,1553.8324037844404,1548.6513125167294,1538.0750452329032,1.2893645633100164,1.0,1.0,1.0,0.0,0.0,1213.416491655562,995.2032952592753,0.0008234407280131,0.0010038111746455,False,,5,1.0,True,True,True,True,False,False,True,True,retained,RG-011,6,0,5,0,0,False,member,161,main
French_vs_Dunn,French,Dunn,FT-117,26,26,7.83321082009857,7.7879932955282865,0.045217524570283274,0.048269172109290714,2505.4781375938437,2573.4365313870594,-0.0385950527674779,418.0,0.14568458817066113,0.6183431952662722,0.6183431952662722,0.23668639053254448,0.23668639053254437,1.0,1.0,0.0,0.17715965351617433,0.7516351777672784,French > Dunn,False,2534.753483659195,456.4969604059401,18.009520979015942,0.1952469112093733,1.0,2572.326956354759,429.9381004264666,16.71397562290181,0.1651144532428552,1.0,2570.13465528317,481.3199815093725,18.727422725496925,0.1805334748183766,1.0,2370.748701971744,475.6642991611584,20.06388525133642,0.1885186089258635,1.0,18.727422725496925,20.06388525133642,0.1805334748183766,1.0,1.0,0.9616657477644494,1.081499768426875,1034.319112072233,1034.3791365004477,1034.2691452052984,0.0295539645166638,1419.481401442064,1437.173489695009,1421.2976504376825,1417.141106790319,1405.209990791653,1.1360127306637906,1.0,1.0,1.0,0.0,0.0,2195.771428348932,2505.263229243117,0.0004552134951753,0.0003990003876416,False,,5,1.0,True,True,True,True,False,False,True,False,retained,RG-014,17,2,4,0,0,False,member,162,main
French_vs_Dunn,French,Dunn,FT-061,26,26,8.826002269459494,8.816578277185883,0.009423992273610793,0.021103688910631746,6838.618345020328,7148.443982466599,-0.06391522272403773,417.0,0.15081933101004455,0.6168639053254438,0.6168639053254438,0.23372781065088755,0.23372781065088757,1.0,1.0,0.0,0.18227857796919494,0.7392643681877934,French > Dunn,False,7352.303049501122,1177.9469693740307,16.021469210983604,0.1564923128769043,1.0,7128.4952568354165,1035.096753237507,14.520550494088734,0.146934180158881,1.0,6915.9913640098885,716.4822976029093,10.35979167544092,0.1024697796856098,1.0,7044.734768935612,1046.6316083602549,14.856934188288689,0.1492742233787674,1.0,14.520550494088734,14.856934188288689,0.146934180158881,1.0,1.0,1.1033651387738976,1.0650504376019796,1251.8151979857469,1251.8899516831436,1251.7537803186049,0.0365543323765068,1273.952845715492,1294.2930943032966,1276.2735285482115,1271.5526707894803,1260.9871710901643,1.1583630305238604,1.0,1.0,1.0,0.0,0.0,6713.818483944544,7030.990523938472,0.000148924353263,0.000142207245103,False,,5,1.0,True,True,True,True,False,False,True,False,retained,RG-009,24,1,9,0,0,False,member,163,main
French_vs_Dunn,French,Dunn,FT-102,26,26,6.406922528061001,6.380332058447014,0.026590469613987366,0.034661308961034365,591.8381690442554,611.8618619840219,-0.04792359305529283,416.0,0.15609086454564178,0.6153846153846154,0.6153846153846154,0.23076923076923084,0.23076923076923078,1.0,1.0,0.0,0.1863630322150996,0.7296402319887203,French > Dunn,False,595.2975324589725,105.1812729031908,17.66868954902645,0.1721669875367504,1.0,616.1015013748932,125.68594800544533,20.40020154551877,0.2120311120795627,1.0,607.4260162741509,73.3245843992448,12.071360533584892,0.1171539362602065,1.0,503.6426854460259,91.6148124211813,18.19043839384806,0.1728215092319016,1.0,18.19043839384806,20.40020154551877,0.1728215092319016,1.0,1.0,0.9713174122841336,0.9962127301279792,1295.3371125063638,1295.4121806158155,1295.2703518474862,0.0390429682024521,1284.5115125888428,1294.5797058843823,1286.76247199753,1282.1484267015423,1273.3225453284513,1.1385088817335398,1.0,1.0,1.0,0.0,0.0,526.3788486510487,576.2345162259078,0.0018961700920653,0.0017323981360959,False,,5,1.0,True,True,True,True,False,False,True,True,retained,RG-016,8,1,0,0,0,True,representative,164,main
French_vs_Dunn,French,Dunn,FT-236,26,26,7.135963191959994,7.0520689795595946,0.0838942124003994,0.05771991447873326,1231.2216046334358,1291.5274968293868,-0.06893323644695588,416.0,0.15609086454564178,0.6153846153846154,0.6153846153846154,0.23076923076923084,0.23076923076923078,1.0,1.0,0.0,0.1863630322150996,0.7296402319887203,French > Dunn,False,1216.8493538706234,226.61419722083505,18.62302810943752,0.2042198687053935,1.0,1250.771202744346,216.0668932318752,17.274693625644545,0.1781775799977198,1.0,1262.991263292811,245.48553626259857,19.43683566128401,0.1951587542530924,1.0,1159.4381701553714,217.76123081193077,18.7816165119654,0.1826233857268171,1.0,18.7816165119654,19.43683566128401,0.1826233857268171,1.0,1.0,0.9915561899356828,1.1182569411503638,1034.9898999251243,1035.0498484503012,1034.9323592474368,0.030924112226632,1419.3602150227453,1435.8320741768357,1420.919376846407,1417.2551242460954,1405.4176036421077,1.002582734876893,1.0,1.0,1.0,0.0,0.0,1048.3515380098256,1224.7340220727858,0.0009529694899924,0.0008158376792943,False,,5,1.0,True,True,True,True,False,False,True,False,retained,RG-014,17,2,5,0,0,False,member,165,main
French_vs_Dunn,French,Dunn,FT-036,26,26,7.92960451867032,7.953586772138039,-0.023982253467718984,-0.020577288693234053,2786.2578645237354,3040.256895404544,-0.1258212059191348,262.0,0.1670515851707094,0.3875739644970414,0.6124260355029586,-0.2248520710059172,-0.22485207100591717,1.0,1.0,0.0,0.19824796553391416,0.7027912608170588,French < Dunn,False,2744.806913217101,440.364984091865,16.043568746907855,0.1708500865411408,1.0,3015.459451380102,409.15017577165975,13.568419087326866,0.1369970680802767,1.0,2798.249193064306,302.8907394371992,10.82429471213426,0.1066598548589639,1.0,2224.1299899389287,358.29222190097795,16.109320207080888,0.1650302179821741,1.0,13.568419087326866,16.109320207080888,0.1369970680802767,1.0,1.0,1.1824199004799918,1.247107612850715,924.1258325459404,924.1798853197248,924.080169273414,0.0264606354907274,1071.4321892574976,1092.4735550258451,1073.9285036159004,1068.937950833161,1064.7293012038544,1.2463305407572942,1.0,1.0,1.0,0.0,0.0,2403.959721174465,2683.534986649959,0.0004158073797226,0.0003725039923014,False,,5,1.0,True,True,True,True,False,False,True,False,retained,RG-024,9,1,7,0,0,False,member,166,main
French_vs_Dunn,French,Dunn,FT-196,26,26,7.21486616754777,7.257949345443549,-0.0430831778957792,-0.02789136845283302,1334.4868860056736,1496.3398879745423,-0.16503593316000628,266.0,0.1906918718273326,0.39349112426035504,0.606508875739645,-0.21301775147928992,-0.21301775147928995,1.0,1.0,0.0,0.22494789670649418,0.6479180631920521,French < Dunn,False,1397.7012946376306,210.80357361775577,15.082162006039274,0.1581287325972379,1.0,1502.0750012535811,205.1084538597918,13.655007485552666,0.1381055448896756,1.0,1384.1578943046045,170.6923984244188,12.3318588960672,0.1199990320054428,1.0,1217.1334868260196,155.32320877279227,12.76139474050923,0.1251460180575078,1.0,12.76139474050923,13.655007485552666,0.1251460180575078,1.0,1.0,1.1818584341853402,1.26355384735113,1079.2166019688184,1079.2799026126334,1079.1624727504054,0.0309298310255249,1212.162690219896,1228.1000091217345,1214.808575306565,1209.5278179587426,1198.610527541609,1.2535770652518865,1.0,1.0,1.0,0.0,0.0,1255.000236263474,1369.4886195347206,0.0007961781941816,0.0007296667668349,False,,5,1.0,True,True,True,True,False,False,True,False,retained,RG-010,25,0,7,0,0,False,member,167,main
French_vs_Dunn,French,Dunn,FT-077,26,26,9.538054638939435,9.558164202119137,-0.020109563179701695,-0.010594007774985315,13919.617303193118,15205.96238429183,-0.12750881290264302,274.0,0.24518445300190772,0.40532544378698226,0.5946745562130178,-0.18934911242603547,-0.1893491124260355,1.0,1.0,0.0,0.28580672923891015,0.543927550083462,French < Dunn,False,14320.498383773249,2152.5748794137708,15.031424338226124,0.1488571379861029,1.0,14994.437712840809,2019.4863345047688,13.468236509964882,0.1366669718645131,1.0,14034.840844937466,1398.3174407231106,9.963187015601251,0.0992126246335763,1.0,12487.949131367654,1749.6939888766426,14.011059546052298,0.1406704930404792,1.0,13.468236509964882,14.011059546052298,0.1366669718645131,1.0,1.0,1.1160647741153542,1.0891961382862472,1077.705946239623,1077.768563445372,1077.6520562041094,0.0312999075267044,1212.451251396288,1244.5920870381033,1214.768238466988,1209.9249993158323,1196.2741310365736,1.2097870013554028,1.0,1.0,1.0,0.0,0.0,12873.88021655882,13853.700729501708,7.767062552658674e-05,7.217766875834679e-05,False,,5,1.0,True,True,True,True,False,False,True,False,retained,RG-010,25,2,7,0,0,False,member,168,main
French_vs_Dunn,French,Dunn,FT-211,26,26,7.016100410874698,7.040391850480077,-0.024291439605379495,-0.022269042248137083,1138.3523377484505,1212.1057563612399,-0.09049136681014827,274.0,0.24518445300190772,0.4053254437869822,0.5946745562130178,-0.18934911242603547,-0.1893491124260355,1.0,1.0,0.0,0.28580672923891015,0.543927550083462,French < Dunn,False,1229.5271113273154,232.0576212510592,18.87372951057137,0.1880104919220384,1.0,1230.49580464696,156.36580071843187,12.7075444002261,0.1272078013816536,1.0,1138.815117306495,132.40987404841184,11.62698598184974,0.1175671519782178,1.0,1198.2501228248218,144.66184369840784,12.072758512001975,0.126149617818517,1.0,12.072758512001975,12.7075444002261,0.126149617818517,1.0,1.0,1.563331983474058,1.4903770235159692,815.8635371185956,815.9097037102256,815.8168325066675,0.0237987236535292,1299.0589008403172,1315.8451273355154,1300.8173377571577,1296.6742952794136,1285.8302638042446,1.1679361461324014,1.0,1.0,1.0,0.0,0.0,1154.3467780636868,1189.7099109985086,0.0008655409951252,0.0008398351191697,False,,5,1.0,True,True,True,True,False,False,True,False,retained,RG-029,3,0,1,0,0,False,member,169,main
French_vs_Dunn,French,Dunn,FT-096,26,26,7.431029389278375,7.447119850527268,-0.016090461248892574,-0.01695309107247933,1707.5316719185319,1791.7526943027522,-0.0694194938169775,276.0,0.2603673866990439,0.40828402366863903,0.591715976331361,-0.18343195266272194,-0.1834319526627219,1.0,1.0,0.0,0.3017198539983038,0.5203961111103635,French < Dunn,False,1880.9413801946891,292.8629525549413,15.57002018450081,0.1540743737665548,1.0,1832.956715359112,204.2628993895234,11.143901963309826,0.1125285629620875,1.0,1701.0860479705066,169.43313145814534,9.960291641935973,0.1016868613571247,1.0,1756.6472987466443,198.62249534190013,11.306908079021662,0.1192330243961303,1.0,11.143901963309826,11.306908079021662,0.1125285629620875,1.0,1.0,1.3971784959849372,1.3692023581467458,815.5252605920695,815.5724826653777,815.4837884085781,0.0230239980275139,1299.3577408679637,1319.7332979838072,1301.576686001449,1296.8377586315107,1285.7117818196627,1.124421705883728,1.0,1.0,1.0,0.0,0.0,1763.1303685987662,1764.4417510043286,0.0005668515308164,0.0005664304695587,False,,5,1.0,True,True,True,True,False,False,True,False,retained,RG-023,2,1,0,0,0,True,representative,170,main
French_vs_Dunn,French,Dunn,FT-066,26,26,7.205280098516869,7.234289457414703,-0.029009358897834403,-0.012873060698067817,1301.029846172028,1475.5187404197331,-0.1814371482122551,280.0,0.2926534694744375,0.41420118343195267,0.5857988165680473,-0.17159763313609466,-0.17159763313609466,1.0,1.0,0.0,0.33519031096781504,0.4747085436039005,French < Dunn,False,1444.0545926452266,195.26008462013647,13.521655317923823,0.1386496435118967,1.0,1467.200533485155,234.8016712953004,16.003379629201593,0.1634155737458739,1.0,1370.4015117600438,165.70220828686985,12.091507989804684,0.1191002032664035,1.0,1356.8324626653,217.7398718523021,16.047660845656935,0.155784231919713,1.0,16.003379629201593,16.047660845656935,0.155784231919713,1.0,1.0,0.8449249865478833,0.8900107655526587,1150.2523051364865,1150.3219915217664,1150.1924882958133,0.0327477740464124,1199.6136168612857,1211.804089112715,1201.579446951864,1197.0687593819969,1184.1168776425466,1.0672118534282304,1.0,1.0,1.0,0.0,0.0,1313.9452043548083,1399.0189587235209,0.0007604879630635,0.0007142760415985,False,,5,1.0,True,True,True,True,False,False,True,True,retained,RG-015,16,2,1,0,0,True,representative,171,main
French_vs_Dunn,French,Dunn,FT-080,26,26,9.990675663833189,10.001183451369663,-0.010507787536473856,-0.011216123521405663,21665.64065200599,23638.848471698864,-0.12574530285208793,280.0,0.2926534694744375,0.41420118343195267,0.5857988165680473,-0.17159763313609466,-0.17159763313609466,1.0,1.0,0.0,0.33519031096781504,0.4747085436039005,French < Dunn,False,22748.44054958383,3143.6375782958357,13.819134421297052,0.1394882353084271,1.0,23565.27406575403,3078.4012590335115,13.063294958691625,0.1323163268286418,1.0,22038.1341772768,1826.1000996285063,8.286092120772057,0.0819045670121261,1.0,19634.724123017422,2751.192249955203,14.011871176382009,0.1396880122695727,1.0,13.063294958691625,14.011871176382009,0.1323163268286418,1.0,1.0,1.057859786906406,1.0542027477007685,1077.2019763854523,1077.2646319544158,1077.148303148349,0.0310974533514366,1212.614388815364,1250.3539242951745,1214.840334866664,1209.9427795653692,1195.7557470902184,1.2170096262148369,1.0,1.0,1.0,0.0,0.0,20513.1226447632,21769.072349152008,4.874690559848428e-05,4.593461996643076e-05,False,,5,1.0,True,True,True,True,False,False,True,False,retained,RG-010,25,2,7,0,0,False,member,172,main
French_vs_Dunn,French,Dunn,FT-087,26,26,8.469595601210921,8.455558548044715,0.014037053166205737,0.01703234059769798,4838.627943279197,5006.038169303303,-0.04906131181113203,393.0,0.31856317213696184,0.5813609467455622,0.5813609467455622,0.16272189349112431,0.16272189349112426,1.0,1.0,0.0,0.36275690699989294,0.4403843097148096,French > Dunn,False,5119.399307830376,899.2896859810654,17.566312606355147,0.1784506351617874,1.0,5024.422428162566,781.6733945939079,15.557477615984736,0.1577377712621868,1.0,4823.307949680164,528.6143461577075,10.95958109398261,0.1082018974720037,1.0,4837.901622392741,748.8788138766353,15.479413851872684,0.1563428138144973,1.0,15.479413851872684,15.557477615984736,0.1563428138144973,1.0,1.0,1.1348176858925438,1.1414060602332594,1252.3175410114536,1252.3916994957185,1252.2559552498667,0.0353267523705875,1273.902456757388,1292.6649155155296,1276.3561393171406,1271.5576652920972,1261.4287173363452,1.2088674378886384,1.0,1.0,1.0,0.0,0.0,4648.464899478415,4896.8462586618325,0.0002150785136827,0.0002041713739445,False,,5,1.0,True,True,True,True,False,False,True,False,retained,RG-009,24,1,8,0,0,False,member,173,main
French_vs_Dunn,French,Dunn,FT-032,26,26,8.543830093788852,8.551362342352942,-0.0075322485640896275,-0.009260074564064524,5063.2484756760505,5501.336481319511,-0.11969617482070546,289.0,0.37475179075480103,0.4275147928994083,0.5724852071005917,-0.1449704142011834,-0.14497041420118342,1.0,1.0,0.0,0.42428794700399886,0.3723393053156454,French < Dunn,False,4945.637645832655,803.5308231383204,16.24726437076117,0.1716864246665113,1.0,5471.033296250808,762.1422931731681,13.930499997056302,0.1391479599071635,1.0,5127.680455951312,520.4160844420444,10.14915201742021,0.0999837293693759,1.0,4107.125133726587,623.0336793082789,15.169581130900957,0.1521051207504632,1.0,13.930499997056302,15.169581130900957,0.1391479599071635,1.0,1.0,1.1663087738555278,1.2338407604470585,923.6242483918668,923.6775548079564,923.5784299297836,0.0272164472860657,1071.5163479969956,1096.3162617107012,1074.3064281661898,1068.7524562678664,1064.6716237330195,1.3373505220465651,1.0,1.0,1.0,0.0,0.0,4336.593666881878,4909.149928232876,0.0002305425719414,0.0002036597689716,False,,5,1.0,True,True,True,True,False,False,True,False,retained,RG-024,9,1,7,0,0,False,member,174,main
French_vs_Dunn,French,Dunn,FT-076,26,26,10.007995990003085,10.015183790650314,-0.0071878006472285705,-0.010473258204328317,22374.53583424506,23500.761767267395,-0.07084667840229453,292.0,0.4050115949637756,0.4319526627218935,0.5680473372781065,-0.13609467455621305,-0.13609467455621302,1.0,1.0,0.0,0.45592733833065024,0.3411043658366919,French < Dunn,False,23152.514526849813,3135.561951005438,13.543073031523846,0.1371897518699396,1.0,24068.69687168032,3404.7506715331688,14.145970135754473,0.1403371789832725,1.0,22539.69817974451,2140.6167695095387,9.497095979010144,0.093044737113377,1.0,20273.604282270328,2976.373678783881,14.681028776845464,0.1430870654367492,1.0,14.145970135754473,14.681028776845464,0.1403371789832725,1.0,1.0,0.9573802928717642,0.9775723928887862,1076.70024884105,1076.7625959678255,1076.6463274354337,0.0309426276442148,1212.7298144435597,1251.1490926434903,1215.2321951852618,1209.9909453942582,1194.3964262931574,1.275060245925924,1.0,1.0,1.0,0.0,0.0,20958.55093644241,22316.46429807284,4.771094586102501e-05,4.480795786850893e-05,False,,5,1.0,True,True,True,True,False,False,True,True,retained,RG-010,25,1,7,0,0,True,representative,175,main
French_vs_Dunn,French,Dunn,FT-083,26,26,8.072763685547997,8.083098530989886,-0.010334845441889229,-0.01690352660282457,3212.11814468312,3468.669678101584,-0.11082429195655467,293.0,0.4154141351489711,0.43343195266272194,0.5665680473372781,-0.13313609467455623,-0.13313609467455623,1.0,1.0,0.0,0.46498059445651874,0.3325651716182427,French < Dunn,False,3414.581546314976,410.5896700208592,12.02459699531758,0.1168793008386792,1.0,3385.404320157776,501.8025239471976,14.822528610816304,0.1811000156974457,1.0,3214.0403074863275,261.340158546479,8.131203517819939,0.0826374554377007,1.0,3361.512217781886,374.31564402317696,11.13533492584392,0.1137585643561965,1.0,11.13533492584392,14.822528610816304,0.1137585643561965,1.0,1.0,1.0798594811378128,1.0274329805421174,1224.8042649657891,1224.876041896912,1224.7402364071952,0.0346338316722824,1299.2791674223463,1319.7385787963844,1301.3711060851224,1296.826881389742,1284.575736753402,1.191957931979993,1.0,1.0,1.0,0.0,0.0,3183.904454987846,3321.1428139396644,0.0003139811614863,0.0003010105392832,False,,5,1.0,True,True,True,True,False,False,True,False,retained,RG-009,24,0,9,0,0,False,member,176,main
French_vs_Dunn,French,Dunn,FT-124,26,26,7.299183588717801,7.296005756324369,0.003177832393431501,0.03378145195839011,1655.2883734185552,1481.528225541842,0.1598943075713409,381.0,0.4366865779044862,0.5636094674556213,0.5636094674556213,0.1272189349112427,0.12721893491124261,1.0,1.0,0.0,0.4860296940518858,0.313337196645256,French > Dunn,False,1584.6985835682715,386.8200547136786,24.40969271536007,0.2426741961531227,1.0,1567.191517746793,393.2132104866794,25.090310024904685,0.2480684151801989,1.0,1530.9240870352298,288.82811600363993,18.866259826310603,0.1993267530868998,1.0,1284.3888138783086,271.18124036222844,21.11364077855648,0.2116768407630579,1.0,21.11364077855648,25.090310024904685,0.2116768407630579,1.0,1.0,1.156110069853568,1.146437159957248,1039.6588042265028,1039.7181822788175,1039.60785831974,0.0282757160242886,1419.321667147817,1435.4509426502711,1421.01773506427,1416.900410268311,1406.3992888204173,1.1388471623303726,1.0,1.0,1.0,0.0,0.0,1507.2597927325078,1462.1810937077898,0.0006630157515425,0.0006834424011493,False,,5,1.0,True,True,True,True,False,False,True,False,retained,RG-014,17,1,5,0,0,False,member,177,main
French_vs_Dunn,French,Dunn,FT-089,26,26,7.605353644955372,7.570473759161846,0.034879885793525744,0.0091821107201282,2000.2424761282095,2028.0554475387855,-0.019912311038933345,380.0,0.44755387090401355,0.5621301775147929,0.5621301775147929,0.12426035502958577,0.1242603550295858,1.0,1.0,0.0,0.4953264751016329,0.3051084584434295,French > Dunn,False,2103.1511880187813,232.5006999647917,11.05487333907806,0.1094476694914168,1.0,2038.935859110151,319.7756490021742,15.683457994688135,0.1873448944478679,1.0,1983.580024250205,138.7781667026422,6.996348269594038,0.0712517773303911,1.0,1989.819037067214,284.7717931253494,14.311441785433582,0.1681592093072086,1.0,14.311441785433582,15.683457994688135,0.1681592093072086,1.0,1.0,0.7724500092177916,0.6508574222150857,1233.2816716646137,1233.3544547572506,1233.2180624334412,0.0354944446073147,1299.4896330327,1318.851755163174,1301.5338470303554,1296.9599185364402,1284.7912920438337,1.2163430138721094,1.0,1.0,1.0,0.0,0.0,2032.678384664808,2004.552453040848,0.0004917198351227,0.0004986157297874,False,,5,1.0,True,True,True,True,False,False,True,True,retained,RG-009,24,0,9,0,0,False,member,178,main
French_vs_Dunn,French,Dunn,FT-223,26,26,7.2861082512430935,7.293780632039309,-0.00767238079621535,-0.01673857812483881,1427.9252240105534,1561.301174114692,-0.12874217537567295,300.0,0.4925273273430204,0.4437869822485207,0.5562130177514792,-0.1124260355029586,-0.11242603550295859,1.0,1.0,0.0,0.542055215008799,0.265956472959232,French < Dunn,False,1506.7549492736978,229.16604938072632,15.209244840456067,0.1543718909825704,1.0,1566.8063654769285,203.18424430813133,12.968050729503068,0.1292464635153709,1.0,1457.0960924867836,150.09133649120218,10.30071642255561,0.1007038651934707,1.0,1324.7064546953684,177.1261779807841,13.370975686950684,0.1331881873024064,1.0,12.968050729503068,13.370975686950684,0.1292464635153709,1.0,1.0,1.1728242862170606,1.1943993420308274,1088.2006657983875,1088.2647114412373,1088.1441726877654,0.0308360094818792,1212.1002271969037,1227.8823891553018,1214.4726100783676,1209.566328387379,1197.8670644760136,1.162187290885767,1.0,1.0,1.0,0.0,0.0,1336.057705273084,1451.0207353748483,0.0007479108762891,0.0006886953992029,False,,5,1.0,True,True,True,True,False,False,True,False,retained,RG-010,25,0,7,0,0,False,member,179,main
French_vs_Dunn,French,Dunn,FT-238,26,26,3.987825456199088,4.043667774515187,-0.055842318316099426,-0.06139636507660606,54.40824453551886,64.190732896947,-0.23456623484406317,301.0,0.5041377728786078,0.44526627218934905,0.554733727810651,-0.10946745562130178,-0.10946745562130178,1.0,1.0,0.0,0.5456875893246469,0.2630559233455212,French < Dunn,False,77.6716780384699,14.379820606504389,18.513595907355345,0.2083849271706473,1.0,60.38118484345158,16.487280292249793,27.305327537039645,0.2921114397875644,1.0,53.77688656031649,12.374878358330772,23.011518795256084,0.2619713772785836,1.0,93.97777325423417,22.833771100379494,24.296990990208123,0.2506508361585895,1.0,24.296990990208123,27.305327537039645,0.2619713772785836,1.0,1.0,0.7619707277669268,0.7954492179084443,1083.34221048445,1083.4156648006433,1083.2876061219467,0.0332555834962821,1423.037280138564,1429.8039524371825,1425.2939780948373,1420.203550145215,1414.9106421837485,1.413257598599415,1.0,1.0,1.0,0.0,0.0,74.77722454767705,69.2647233664748,0.0131965772825425,0.0142318926495215,False,,5,1.0,True,True,True,True,False,False,True,True,retained,RG-007,14,2,1,0,0,False,member,180,main
French_vs_Dunn,French,Dunn,FT-073,26,26,7.813843107394877,7.817546867920326,-0.0037037605254486294,0.01512901423820967,2468.926224676423,2619.3405139333445,-0.08528635258766641,375.0,0.5041377728786078,0.5547337278106509,0.5547337278106509,0.10946745562130178,0.10946745562130178,1.0,1.0,0.0,0.5456875893246469,0.2630559233455212,French < Dunn,False,2683.937811872758,482.4266665469781,17.97458437423174,0.1771762518430645,1.0,2605.1013010697498,380.02745007669296,14.587818520555796,0.148824903127596,1.0,2502.8238423307967,275.5844630521342,11.010941257275684,0.1082876901147638,1.0,2537.20069032346,389.3974391956125,15.347522199592708,0.1540616205733398,1.0,14.587818520555796,15.347522199592708,0.148824903127596,1.0,1.0,1.232163969472449,1.1905013752379954,1252.8205095026694,1252.8927190429526,1252.7570309093385,0.0359474530824347,1273.817172792693,1288.2634181766712,1275.9684910424037,1271.3181247571324,1262.248121408315,1.1541148926103488,1.0,1.0,1.0,0.0,0.0,2413.939758906413,2549.0933288341007,0.000414089004213,0.0003921425105085,False,,5,1.0,True,True,True,True,False,False,True,False,retained,RG-009,24,1,7,0,0,False,member,181,main
French_vs_Dunn,French,Dunn,FT-137,26,26,7.634928902469128,7.613989638890983,0.02093926357814535,0.027858711849460427,2171.589267005993,2073.386134901173,0.06673098705371491,375.0,0.5041377728786078,0.5547337278106509,0.5547337278106509,0.10946745562130178,0.10946745562130178,1.0,1.0,0.0,0.5456875893246469,0.2630559233455212,French > Dunn,False,2161.5748772859592,585.867844274955,27.10374969802396,0.268740164051582,1.0,2155.395750262724,521.3173040588439,24.186616494687804,0.2349106559804206,1.0,2089.3228813814176,343.74676876419284,16.45254411500603,0.1735794940180103,1.0,1708.5592877701222,291.9745065619708,17.08893034335572,0.1711747048075066,1.0,17.08893034335572,24.186616494687804,0.1735794940180103,1.0,1.0,1.586041323444335,1.548225299145635,1039.9948749944976,1040.0556074818528,1039.9401829519206,0.0296340304782202,1419.220544280622,1435.4423992450425,1420.738403699792,1416.9777064725702,1405.3065377539317,1.0235389125370007,1.0,1.0,1.0,0.0,0.0,2048.669283254314,1986.5901475320704,0.0004878835859862,0.0005031218338658,False,,5,1.0,True,True,True,True,False,False,True,False,retained,RG-014,17,0,4,0,0,False,member,182,main
French_vs_Dunn,French,Dunn,FT-085,26,26,8.899300656103842,8.910870696701663,-0.011570040597820963,-0.00870992145842564,7357.047206045967,7867.0236335890395,-0.0966783590730792,305.0,0.5519847290716698,0.45118343195266275,0.5488165680473372,-0.09763313609467461,-0.09763313609467456,1.0,1.0,0.0,0.5942130690006501,0.2260578006433448,French < Dunn,False,7867.342325774453,989.037297112093,12.571428268373124,0.126024753027493,1.0,7887.307028035314,781.2551840879449,9.905220898729883,0.1002923445385694,1.0,7389.294166797708,609.7532206319643,8.25184661576699,0.0818457771275114,1.0,7728.710039496721,784.4854906443359,10.150277169609277,0.1051159974013964,1.0,9.905220898729883,10.150277169609277,0.1002923445385694,1.0,1.0,1.2691719242712818,1.2565740047988176,1224.2975971419808,1224.3676798771355,1224.2360970656302,0.0338887890806766,1299.5622354883926,1326.7008043924968,1301.6533649016435,1297.2715763988908,1284.4157231648746,1.108347628423208,1.0,1.0,1.0,1.1594200307478186,0.1666666666666666,7369.696948499053,7671.207583805171,0.0002929736557935,0.0002814600631122,False,,5,1.0,True,True,True,True,False,False,True,False,retained,RG-009,24,1,9,0,1,False,member,183,main
French_vs_Dunn,French,Dunn,FT-222,26,26,7.299168474924201,7.309957963460323,-0.010789488536121716,-0.008891674864416999,1456.5901689011343,1584.5482936154135,-0.12139668696258704,306.0,0.5642857172474285,0.4526627218934911,0.5473372781065089,-0.09467455621301779,-0.09467455621301775,1.0,1.0,0.0,0.6041537298790403,0.21885253895629891,French < Dunn,False,1477.558994352473,223.235441678635,15.10839448928169,0.1527952241894376,1.0,1580.3396273371811,203.2159555786188,12.859005245665502,0.1317993093777189,1.0,1481.5420330226773,140.54256362472287,9.486235320504852,0.0939740392382832,1.0,1335.4254791006808,183.9627359375897,13.775589788917031,0.136474183338907,1.0,12.859005245665502,13.775589788917031,0.1317993093777189,1.0,1.0,1.1749271580999168,1.1593021610723866,1087.6997012829654,1087.7619304064426,1087.6443678719036,0.03103060333828,1212.1840644998792,1229.1766516010414,1214.6552307545503,1209.398301752987,1197.634043318504,1.289501447076295,1.0,1.0,1.0,0.0,0.0,1325.6717036063071,1467.219307003939,0.0007537659824067,0.0006810971598245,False,,5,1.0,True,True,True,True,False,False,True,False,retained,RG-010,25,0,7,0,0,False,member,184,main
French_vs_Dunn,French,Dunn,FT-105,26,26,10.613772811217032,10.609252041911493,0.004520769305539574,0.0063968961797602475,41212.49876767087,42220.62251102996,-0.03486507568631056,368.0,0.5892762616729473,0.5443786982248521,0.5443786982248521,0.08875739644970415,0.08875739644970414,1.0,1.0,0.0,0.6274995867544358,0.20238655585541393,French > Dunn,False,43569.556183615,4508.197218448666,10.347126786074636,0.1026774622681893,1.0,43079.30368149134,4733.557043407208,10.988007323435314,0.1086906312195774,1.0,41117.41663917922,3427.654260033813,8.336258792989762,0.0835609054949195,1.0,42261.01480804069,4771.840521568528,11.291353374364842,0.1124554287996281,1.0,10.988007323435314,11.291353374364842,0.1086906312195774,1.0,1.0,0.9416745440282148,0.9446762900912756,1222.2792600253013,1222.3523829534292,1222.2154645351295,0.0356384043734069,1300.11549170832,1340.2901754940272,1302.463122605168,1297.468351311746,1283.18202748018,1.2617595384120577,1.0,1.0,1.0,0.0,0.0,41415.38659143461,42164.30907630359,2.4145032493172924e-05,2.3716178581553155e-05,False,,5,1.0,True,True,True,True,False,False,True,True,retained,RG-009,24,1,9,0,0,False,member,185,main
French_vs_Dunn,French,Dunn,FT-093,26,26,7.624319876971753,7.636660831244515,-0.012340954272762161,-0.0170624037978655,2029.5918220855945,2168.311656806415,-0.09533706794376477,311.0,0.6276894354867208,0.4600591715976331,0.5399408284023669,-0.07988165680473369,-0.07988165680473373,1.0,1.0,0.0,0.6648108537144302,0.17730189886623346,French < Dunn,False,2197.963689641172,278.029938498794,12.64943273672477,0.120490716256695,1.0,2147.905054740625,332.0115052875654,15.45745723512244,0.1857706614272096,1.0,2036.8419712830491,165.8746481206181,8.143717110077528,0.0805692196587481,1.0,2110.205782561833,210.7341675308573,9.986427355678156,0.1055182438677031,1.0,9.986427355678156,15.45745723512244,0.1055182438677031,1.0,1.0,1.2666624695900344,1.1418946320577894,1233.7846794103978,1233.854648992817,1233.7185235688678,0.0352441991492743,1299.2759946740543,1319.445562362675,1301.19133468601,1296.8841705286684,1284.2519822328006,1.1438939901940073,1.0,1.0,1.0,0.0,0.0,2081.575100682005,2098.945292126125,0.0004801747604072,0.0004762028819272,False,,5,1.0,True,True,True,True,False,False,True,False,retained,RG-009,24,0,9,0,0,False,member,186,main
French_vs_Dunn,French,Dunn,FT-098,26,26,7.197352713020688,7.192712626569257,0.004640086451431102,-0.016599575721903292,1289.4940319853624,1400.103234233079,-0.1186397888661379,313.0,0.6538795752634117,0.4630177514792899,0.5369822485207101,-0.07396449704142016,-0.07396449704142012,1.0,1.0,0.0,0.6888463974700112,0.16187760852511235,French > Dunn,False,1394.409432596258,268.320982326084,19.242625304570392,0.198941426484569,1.0,1380.7702743624186,248.78766377707743,18.01803445485941,0.2512702448482652,1.0,1317.6710638832335,121.39355388052373,9.212735803939692,0.09140956907957,1.0,1342.9153125990638,195.28260272259396,14.541691563904063,0.1680537665452305,1.0,14.541691563904063,18.01803445485941,0.1680537665452305,1.0,1.0,1.3232728269615597,1.183796296710942,1234.285360466548,1234.3584080913142,1234.2175489976564,0.0355276090628736,1298.978903962394,1315.1444068651524,1301.099355556177,1296.7371931063972,1285.3820376449771,1.0487614830989662,1.0,1.0,1.0,0.0,0.0,1330.028820305797,1347.544850586393,0.0007512985329425,0.0007415400381864,False,,5,1.0,True,True,True,True,False,False,True,False,retained,RG-009,24,0,9,0,0,False,member,187,main
French_vs_Dunn,French,Dunn,FT-088,26,26,9.708971266442614,9.700385162344475,0.008586104098139202,-0.006633916022147801,16494.42968169847,17392.2781635731,-0.07646350887763688,321.0,0.762675205269656,0.4748520710059171,0.5251479289940829,-0.050295857988165715,-0.05029585798816568,1.0,1.0,0.0,0.7907737654638013,0.10194774717740762,French > Dunn,False,17559.334008635386,2229.2717300265126,12.69565080845432,0.1253608219026499,1.0,17521.122370164787,1899.7236305273696,10.842476813941133,0.109699810627977,1.0,16445.75592270199,1281.4478411459404,7.79196679781079,0.0774680594262692,1.0,17006.907217733016,1624.1758162128883,9.550095119701531,0.098194776718267,1.0,9.550095119701531,10.842476813941133,0.098194776718267,1.0,1.0,1.3293742784052076,1.276654686657373,1223.7937689750972,1223.8660708013226,1223.731097431243,0.0355204882343369,1299.7601011100369,1336.2607719587245,1301.8750860839802,1297.2461217844962,1283.6113158516257,1.136548855459982,1.0,1.0,1.0,0.0,0.0,16409.012051906455,16997.968932224805,6.093840740865414e-05,5.882709733672777e-05,False,,5,1.0,True,True,True,True,False,False,True,False,retained,RG-009,24,1,9,0,1,False,member,188,main
French_vs_Dunn,French,Dunn,FT-130,26,26,7.417462245937605,7.422010410413959,-0.0045481644763540885,0.01653924119107497,1689.5882365132934,1610.3413974027465,0.06926312400520888,355.0,0.762675205269656,0.5251479289940828,0.5251479289940828,0.050295857988165604,0.05029585798816568,1.0,1.0,0.0,0.7907737654638013,0.10194774717740762,French < Dunn,False,1787.0845933494677,502.3980775004148,28.112719418546853,0.2774167523697545,1.0,1746.552910711543,388.0026245844947,22.215337548887828,0.2194204165726086,1.0,1679.1886749866558,296.3389533027039,17.647746064334243,0.1827121745157731,1.0,1395.0587724915536,291.22306713090524,20.87532603452866,0.2067943136097496,1.0,20.87532603452866,22.215337548887828,0.2067943136097496,1.0,1.0,1.3466960646289905,1.341510545078524,1040.3294064561312,1040.3900491717618,1040.2756843475045,0.0298022321977683,1419.1001653827748,1433.8092028576395,1421.1078526689091,1416.7725438654402,1405.8145236969008,1.0330371323009613,1.0,1.0,1.0,0.0,0.0,1690.3564335303488,1608.7007876410769,0.0005912414321283,0.0006212334662924,False,,5,1.0,True,True,True,True,False,False,True,False,retained,RG-014,17,1,5,0,0,False,member,189,main
French_vs_Dunn,French,Dunn,FT-081,26,26,7.183318063771523,7.183706860672281,-0.00038879690075788176,-0.009952777710124927,1323.35269592393,1421.9156610778477,-0.10356276745057551,321.0,0.762675205269656,0.47485207100591714,0.5251479289940828,-0.050295857988165715,-0.05029585798816568,1.0,1.0,0.0,0.7907737654638013,0.10194774717740762,French < Dunn,False,1296.4015670190602,311.0995022036483,23.9971556744558,0.2924507706059494,1.0,1351.9687589957975,310.09536848832835,22.93657796639162,0.3147561074284376,1.0,1293.8914970204712,191.31573603701648,14.786072593998163,0.1589614199878895,1.0,1343.46393465371,224.76185036206823,16.730024868140777,0.1833514459389811,1.0,16.730024868140777,22.93657796639162,0.1833514459389811,1.0,1.0,1.434376569287349,1.5950284390082,1225.305158770853,1225.3832054372317,1225.241092492524,0.0353997625726626,1299.0897146683544,1313.3628153538991,1301.2456247303928,1296.385905406942,1286.5537450601764,1.2777931470134285,1.0,1.0,1.0,0.0,0.0,1235.9663304777628,1330.0556672963955,0.0008084294417405,0.0007512833794781,False,,5,1.0,True,True,True,True,False,False,True,False,retained,RG-009,24,0,9,0,0,False,member,190,main
French_vs_Dunn,French,Dunn,FT-219,26,26,7.162077425649091,7.160015409991319,0.0020620156577724202,0.0037618720671730443,1296.7574449362887,1380.8005241722449,-0.09052860007317125,351.0,0.8190516642751772,0.5192307692307692,0.5192307692307692,0.03846153846153855,0.038461538461538464,1.0,1.0,0.0,0.8447810359278005,0.07325584396314272,French > Dunn,False,1360.2833259701683,290.91639127764296,21.386455727534432,0.217399306345817,1.0,1381.1779666476816,215.85318145742949,15.628194676558325,0.1561700498006485,1.0,1310.72264542162,170.00666032498788,12.970452667375854,0.1287624639749728,1.0,1195.7723020363835,203.7104883541841,17.0358928708474,0.1853979728333961,1.0,15.628194676558325,17.0358928708474,0.1561700498006485,1.0,1.0,1.368453373543732,1.3920678556696866,809.5439415442514,809.5901010781033,809.5004145134822,0.0238060682328357,1120.883361213832,1137.4299807981995,1123.5258483320945,1118.0010013993176,1106.2009100480516,1.407083948317459,1.0,1.0,1.0,0.0,0.0,1204.5423319275496,1296.970553587285,0.0008295021862907,0.0007704335026986,False,,5,1.0,True,True,True,True,False,False,True,False,retained,RG-027,2,0,1,0,0,False,member,191,main
French_vs_Dunn,French,Dunn,FT-082,26,26,7.372789572234815,7.351102450014354,0.02168712222046132,0.004068256098462619,1589.9091351915881,1662.2706757867109,-0.06417152922174316,350.0,0.8333057881115221,0.5177514792899408,0.5177514792899408,0.035502958579881616,0.03550295857988166,1.0,1.0,0.0,0.8550064596769263,0.06803060411224095,French > Dunn,False,1707.2479471613112,286.8376414921845,16.801170677587717,0.1618756705922737,1.0,1654.4984072155069,187.1044954108484,11.308835027876643,0.1124735840306198,1.0,1577.4993446520975,160.48355175814314,10.173288014489556,0.1045182409371944,1.0,1622.361488071959,224.87574502928476,13.86101350917364,0.1389578511068965,1.0,11.308835027876643,13.86101350917364,0.1124735840306198,1.0,1.0,1.485667678074027,1.4392327939705791,815.19145248803,815.2391948284286,815.1516278485828,0.0232383703674765,1299.3902606601064,1316.9471285420052,1301.4809187367064,1296.7242527442668,1285.1505845592858,1.2686655490251988,1.0,1.0,1.0,0.6971612532193747,0.1666666666666666,1595.1659601377976,1618.580236020812,0.0010632736793064,0.0010479019288289,False,0.0,5,1.0,True,True,True,True,False,False,True,False,retained,RG-029,3,1,1,0,0,True,representative,192,main
French_vs_Dunn,French,Dunn,FT-156,26,26,7.565850302288499,7.5699809550381545,-0.004130652749655184,-0.09377963113994259,1975.1527276463107,2045.2323975379945,-0.05027555573040825,347.0,0.8763797627955302,0.5133136094674556,0.5133136094674556,0.026627218934911268,0.026627218934911243,1.0,1.0,0.0,0.8945430739415516,0.048398742492092646,French < Dunn,False,2067.210688115104,388.6049358611448,18.79851618876242,0.1843025114301495,0.9090909090909092,1988.40151440123,464.9820200114352,23.38471463855507,0.4314863783948948,1.0,1868.912320000172,482.2281241500231,25.802608233112764,0.444972533041154,1.0,1538.7698878048118,564.4279108071868,36.68046244473837,1.0449765627870082,0.9615384615384616,25.802608233112764,36.68046244473837,0.444972533041154,1.0,0.9615384615384616,0.728551006120307,0.4141885121999296,1560.001369125993,1560.0914572782103,1559.9171022035998,0.0453103280372081,1419.237135066407,1434.9778151004848,1421.147539593874,1416.8768402638188,1406.173628949106,1.0870526004769543,1.0,1.0,0.9615384615384616,0.0,0.0,1732.6610796448415,1781.617827898203,0.0005768140103859,0.0005609727359111,False,,5,1.0,True,True,True,True,False,False,True,True,retained,RG-006,1,0,0,0,0,True,singleton,193,main
French_vs_Dunn,French,Dunn,FT-034,26,26,7.112595921698466,7.111045153219317,0.0015507684791487009,-0.013424902137281869,1216.4577502731709,1323.580553575447,-0.12166387602688167,332.0,0.9198231062535449,0.49112426035502954,0.5088757396449705,-0.017751479289940808,-0.01775147928994083,1.0,1.0,0.0,0.9340471749069502,0.02963118877591683,French > Dunn,False,1174.3463061664256,209.84064651394024,17.868719423910896,0.184566552847915,1.0,1322.4495019727296,189.72741302341623,14.346665996727689,0.142188839546438,1.0,1237.3042656549942,136.23454282775054,11.010593482083552,0.1092928004084175,1.0,965.2442927376534,160.50590859898264,16.628527079269354,0.1678274083180718,1.0,14.346665996727689,16.628527079269354,0.142188839546438,1.0,1.0,1.245496300533277,1.2980382527676275,924.6284568794596,924.682414112093,924.5817555901798,0.0263176047659261,1071.194488617538,1086.3274333241209,1073.7937312742429,1068.6907211707253,1064.7380309052537,1.2846760771846035,1.0,1.0,1.0,0.0,0.0,1030.270024610683,1176.8658110312977,0.0009696781406766,0.0008489931455981,False,,5,1.0,True,True,True,True,False,False,True,False,retained,RG-024,9,1,7,0,0,False,member,194,main
French_vs_Dunn,French,Dunn,FT-112,26,26,6.5669510391421575,6.561243182465374,0.005707856676783862,0.0019247850291996826,711.2896838240681,744.128274518938,-0.065024712519889,342.0,0.9489270966603816,0.5059171597633136,0.5059171597633136,0.01183431952662728,0.011834319526627219,1.0,1.0,0.0,0.953768561439261,0.020556997081930983,French > Dunn,False,706.7006657248851,171.90408718321763,24.324879757526507,0.2549712035794169,1.0,743.6891791221483,132.65433355194074,17.837335445505083,0.1840981492445497,1.0,713.3423548265934,93.39326986140809,13.092348888229283,0.1294759055844609,1.0,580.1499596314684,134.84158154061424,23.242539157680945,0.329669483385741,1.0,17.837335445505083,23.242539157680945,0.1840981492445497,1.0,1.0,1.363705909542462,1.384974290212564,1295.833757739158,1295.9055910747572,1295.7695076366322,0.0377600808592019,1284.7258569724574,1295.3360296396097,1286.8981919328824,1282.3580923089296,1272.7005949753996,1.0657237935960988,1.0,1.0,1.0,0.0,0.0,618.9770275743064,679.8785824330075,0.0016129629897942,0.0014686906385374,False,,5,1.0,True,True,True,True,False,False,True,False,retained,RG-016,8,2,0,0,0,False,member,195,main
French_vs_Dunn,French,Dunn,FT-142,26,26,10.315899038086846,10.314834548974833,0.0010644891120126232,-0.0018699537456097204,30439.392572772686,32283.387239948435,-0.08484968029172847,334.0,0.9489270966603816,0.49408284023668636,0.5059171597633136,-0.011834319526627168,-0.011834319526627219,1.0,1.0,0.0,0.953768561439261,0.020556997081930983,French > Dunn,False,32025.890221837115,4087.5241040691512,12.763186521141696,0.1243694065460248,1.0,32271.204773627844,3220.5800368362943,9.979732890134196,0.1015477328850431,1.0,30474.97131943083,2160.877158933325,7.090661829616066,0.0707336677637555,1.0,31597.492667450668,3067.4587282504244,9.70791815836162,0.0990908015529504,1.0,9.70791815836162,9.979732890134196,0.0990908015529504,1.0,1.0,1.314719213011547,1.2551054648555495,1223.287004668688,1223.356662280608,1223.2239895857,0.0347578187101029,1299.8451740769872,1340.5209657420266,1302.243180167931,1297.343779084556,1283.3566960044554,1.2104519752257064,1.0,1.0,1.0,0.0,0.0,30210.204891719182,31458.31129806165,3.310030181133549e-05,3.1787091285167914e-05,False,,5,1.0,True,True,True,True,False,False,True,False,retained,RG-009,24,1,9,0,0,False,member,196,main
French_vs_Dunn,French,Dunn,FT-101,26,26,10.663281418224546,10.665513988031595,-0.0022325698070488897,-0.001036093264945137,42776.164600275544,45268.48597505213,-0.08169806571185965,336.0,0.9780993948083464,0.4970414201183432,0.5029585798816568,-0.00591715976331364,-0.005917159763313609,1.0,1.0,0.0,0.9780993948083464,0.00961700981013179,French < Dunn,False,45626.17676693369,4279.033789591016,9.378462305638829,0.0910214052864614,1.0,45557.49099681806,4420.148442554461,9.702352666575042,0.0973703185670491,1.0,43120.127373938994,2960.1820920723767,6.8649660201640685,0.0686635287788551,1.0,44610.31605518913,4225.289315579831,9.471552074082068,0.0973692627224306,1.0,9.471552074082068,9.702352666575042,0.0973692627224306,1.0,1.0,0.9901716458173764,0.9348063520408388,1222.7800653728018,1222.853415898867,1222.7169146828526,0.0354924396049877,1300.021420828775,1340.6451712215658,1302.407113605227,1297.540546705481,1283.5628868551817,1.204843434452595,1.0,1.0,1.0,0.0,0.0,43239.0845382071,44443.59222875214,2.3126689290267146e-05,2.2499925184443003e-05,False,,5,1.0,True,True,True,True,False,False,True,True,retained,RG-009,24,1,9,0,0,True,representative,197,main
French_vs_LMU,French,LMU,FT-172,26,24,5.266595775259656,1.833271079188676,3.4333246960709802,3.583017021712652,192.68929777745274,4.42142814410595,5.158927485640785,624.0,1.3870246834570754e-09,1.0,1.0,1.0,1.0,1.0,0.25,0.75,8.212233262943234e-09,8.085538723284602,French > LMU,True,73.04771150881156,18.84406624611353,25.79692896175183,0.2557618923329953,0.8181818181818182,172.0618625851469,224.13242358192284,130.26269750567658,1.5112433042832,0.6666666666666666,189.9702629472652,38.22021388502828,20.11905089358013,0.2023013591624453,1.0,22.948212248870828,10.210735726801875,44.49468924231472,0.4072489990891061,0.2692307692307692,44.49468924231472,130.26269750567658,0.4072489990891061,0.6666666666666666,0.2692307692307692,0.5797754608704806,0.6280233785842517,886.6352611425967,886.6797677782474,886.5887702166918,0.0241624875229154,674.1885161473726,683.2720027250376,679.4295417213385,668.2875055110654,665.7916876848988,2.238306369755907,0.6666666666666666,1.0,0.2692307692307692,0.0,0.0,44.86338354956652,104.85633871737188,0.0218038862945917,0.0094467654192152,False,,5,1.0,True,True,True,False,False,False,True,True,retained,RG-008,5,1,0,0,0,False,member,1,main
French_vs_LMU,French,LMU,FT-043,26,24,8.346827188108064,7.8366422105679865,0.5101849775400771,0.5214237104910522,4236.224400434798,2445.9626464379608,0.7921274563970486,624.0,1.4590262142284933e-09,1.0,1.0,1.0,1.0,1.0,1.0,0.0,8.212233262943234e-09,8.085538723284602,French > LMU,True,3673.4484500965054,515.6823455472766,14.038099419463173,0.1443753891704913,1.0,3876.9053153964496,617.4300280197714,15.925847494076171,0.1593609127292718,1.0,4275.790561019544,477.8174094852651,11.174948881764957,0.108745086451523,1.0,2479.727802149605,391.1012205210839,15.77194158899414,0.1613811788650551,1.0,15.77194158899414,15.925847494076171,0.1593609127292718,1.0,1.0,0.8900679310947446,0.9059648736811744,1005.172041771252,1005.2308196005796,1005.1142487241556,0.029859711948434,1156.3855354906916,1177.111414619113,1158.8826604052406,1153.7486667864507,1140.2857042395556,1.3065927903911043,1.0,1.0,1.0,0.0,0.0,3118.8095264918284,3548.3534298493914,0.0003205323887591,0.0002817414551028,False,,5,1.0,True,True,True,True,False,False,True,True,retained,RG-017,8,0,6,0,2,False,member,2,main
French_vs_LMU,French,LMU,FT-046,26,24,8.93113251749807,8.438271165086753,0.4928613524113157,0.50940437171427,7677.886994371379,4475.16992958472,0.7786324100409848,624.0,1.4590262142284933e-09,1.0,1.0,1.0,1.0,1.0,1.0,0.0,8.212233262943234e-09,8.085538723284602,French > LMU,True,6610.777976966396,882.4985701415895,13.349390543993996,0.1369811487358044,1.0,6917.041036523019,1029.6813517947776,14.88615357864591,0.1477540765815728,1.0,7712.581031773899,751.1978769822063,9.739902555155783,0.0968400165926968,1.0,4497.696904549683,660.8527451943933,14.693136492276794,0.1496327238329179,1.0,14.693136492276794,14.88615357864591,0.1477540765815728,1.0,1.0,0.9085460106499986,0.9270887944684166,1004.1671268211272,1004.2261217749128,1004.1153691754812,0.0293680548858246,1156.358765017695,1178.0238250061675,1158.835709078045,1153.6774251130128,1138.0932935777616,1.2480085387190163,1.0,1.0,1.0,0.0,0.0,5583.736964527925,6382.624485196641,0.0001790594626661,0.0001566508184055,False,,5,1.0,True,True,True,True,False,False,True,True,retained,RG-017,8,0,7,0,2,True,representative,3,main
French_vs_LMU,French,LMU,FT-050,26,24,8.880328698130135,8.38089759311823,0.49943110501190624,0.5156399987839944,7251.6257165486195,4208.253372772229,0.7849390440111154,624.0,1.4590262142284933e-09,1.0,1.0,1.0,1.0,1.0,1.0,0.0,8.212233262943234e-09,8.085538723284602,French > LMU,True,6227.326577897577,889.3394364031454,14.28123971464168,0.1481178661026975,1.0,6581.1352570758845,976.5986958541667,14.839365211407111,0.1504386314876479,1.0,7323.356623935527,729.2654193675152,9.95807601372296,0.1000532254249698,1.0,4250.654481007634,631.9083081377187,14.866141460359827,0.1510288355989158,1.0,14.839365211407111,14.866141460359827,0.1504386314876479,1.0,1.0,0.9623888563416176,0.9845733415546192,1004.669623849698,1004.7279192531678,1004.6184698161242,0.0294407585087183,1156.3925786840523,1179.3259458956536,1158.8210746310124,1153.76426801242,1138.7118691983476,1.295796204185867,1.0,1.0,1.0,0.0,0.0,5273.683060561079,6058.416970500901,0.0001895848506002,0.0001650323793309,False,,5,1.0,True,True,True,True,False,False,True,True,retained,RG-017,8,0,6,0,3,False,member,4,main
French_vs_LMU,French,LMU,FT-031,26,24,9.072482327686625,8.888566752971375,0.18391557471525033,0.18399257106412747,8812.569201936854,6897.800246686364,0.35338089273805756,624.0,1.4590262142284933e-09,1.0,1.0,1.0,1.0,1.0,1.0,0.0,8.212233262943234e-09,8.085538723284602,French > LMU,True,8703.615182079611,1180.269035068882,13.560675769523998,0.1393356447358355,1.0,9591.620727260302,1216.1852641840148,12.679663831238658,0.130651761301701,1.0,8769.327128838859,906.9322926252432,10.342096711647358,0.1023951565263156,1.0,7060.0500622814325,1071.4244346200549,15.175875881449876,0.1510819429558106,1.0,12.679663831238658,15.175875881449876,0.130651761301701,1.0,1.0,1.0694822788688456,1.0664658734609913,923.62339275087,923.6774627241764,923.5744842259206,0.02721365046968,1057.5964004037503,1064.684185028079,1059.8854968782284,1054.9518501192424,1041.547487894696,1.2154796227379434,1.0,1.0,1.0,0.0,0.0,7579.413047277645,8487.81729879944,0.0001319189328817,0.0001178020405906,False,,5,1.0,True,True,True,True,False,False,True,False,retained,RG-024,9,1,7,0,1,True,representative,5,main
French_vs_LMU,French,LMU,FT-033,26,24,7.6532020507057075,7.463916376220922,0.18928567448478528,0.1886457836803066,2135.4352691841464,1676.9266361315333,0.34852596786126055,624.0,1.4590262142284933e-09,1.0,1.0,1.0,1.0,1.0,1.0,0.0,8.212233262943234e-09,8.085538723284602,French > LMU,True,2115.69776163693,313.6908771545365,14.826828427129955,0.1538258966510609,1.0,2379.581924690336,322.4165743274361,13.54929498253746,0.1419238177750762,1.0,2139.4680840240308,223.16571675875397,10.430897213433138,0.102754879225848,1.0,1714.9553026320805,264.77437808027145,15.439141630916026,0.153723435127163,1.0,13.54929498253746,15.439141630916026,0.1419238177750762,1.0,1.0,1.0942878169114334,1.0838624486190704,924.6276314779026,924.6807686357288,924.5813200631654,0.0267202128252625,1057.7246344641724,1064.7632179679465,1060.2593047973908,1055.5224966533283,1045.0483313759592,1.245241008611443,1.0,1.0,1.0,0.0,0.0,1829.7184043410064,2081.8192407556708,0.0005462336521164,0.0004801184761655,False,,5,1.0,True,True,True,True,False,False,True,False,retained,RG-024,9,1,7,0,0,False,member,6,main
French_vs_LMU,French,LMU,FT-064,26,24,9.05889343559703,8.760257105953738,0.29863632964329234,0.2954420913001492,8455.263978573386,5957.77662603653,0.5050042471201005,624.0,1.4590262142284933e-09,1.0,1.0,1.0,1.0,1.0,1.0,0.0,8.212233262943234e-09,8.085538723284602,French > LMU,True,8017.739487821633,1226.1335264137506,15.2927583675693,0.154423051346689,1.0,8222.700502118765,1179.0398734545934,14.338840058090248,0.1423108084871207,1.0,8648.549944427341,997.4514895958982,11.533164472717212,0.1125974973978955,1.0,6280.645541455693,1008.543814332969,16.057964227976704,0.1582823101881208,1.0,14.338840058090248,16.057964227976704,0.1423108084871207,1.0,1.0,1.066526881227107,1.0851111942116785,1149.7500936653876,1149.8156497776845,1149.6911692399551,0.0334466553795423,1245.272856166862,1264.3367644279238,1247.3079307712103,1242.858343825742,1228.9963999102197,1.170869750896996,1.0,1.0,1.0,0.0,0.0,7019.659621602379,7723.696154305892,0.0001424367586377,0.0001294549300094,False,,5,1.0,True,True,True,True,False,False,True,False,retained,RG-015,16,2,7,1,2,False,member,7,main
French_vs_LMU,French,LMU,FT-070,26,24,8.667482335675459,8.389958044324318,0.2775242913511402,0.28853612693190556,5833.118840120934,4174.7171423350355,0.48249078508970467,624.0,1.4590262142284933e-09,1.0,1.0,1.0,1.0,1.0,1.0,0.0,8.212233262943234e-09,8.085538723284602,French > LMU,True,5484.17748329735,835.2942489739962,15.230984983946533,0.1533102313721962,1.0,5680.02297054193,794.1014545351698,13.980602871741638,0.1408796790361465,1.0,5922.174753797512,671.8698078586966,11.344984499619324,0.1115175981407347,1.0,4327.332987567539,685.7080635380767,15.845974079372242,0.1569836826101603,1.0,13.980602871741638,15.845974079372242,0.1408796790361465,1.0,1.0,1.0894369236917698,1.088235240320645,1150.753810446541,1150.8205810906825,1150.695729566452,0.0333514671345906,1245.2881515322938,1263.9656129090667,1247.3943959348544,1242.8015662893758,1229.169060665631,1.1577912518482407,1.0,1.0,1.0,0.0,0.0,4812.123898037988,5314.529385824348,0.0002077652728631,0.0001881280164995,False,,5,1.0,True,True,True,True,False,False,True,False,retained,RG-015,16,2,8,0,3,False,member,8,main
French_vs_LMU,French,LMU,FT-100,26,24,8.904628862300825,8.742654331751044,0.16197453054978084,0.17353968127413033,7356.657801736969,5883.255559321395,0.32238667368476465,624.0,1.4590262142284933e-09,1.0,1.0,1.0,1.0,1.0,1.0,0.0,8.212233262943234e-09,8.085538723284602,French > LMU,True,7089.887151734502,1229.0652157137365,17.33546937221776,0.1684172121208682,1.0,6549.730114579365,1021.0287502296198,15.588867516187603,0.153095181591378,1.0,7453.093771898189,845.6342554408549,11.346083671042887,0.1119047255824564,1.0,6103.745556370345,964.8087257444208,15.806830688370866,0.1581495920132969,1.0,15.588867516187603,15.806830688370866,0.153095181591378,1.0,1.0,1.112041612658294,1.1000817293543943,1222.7890111601405,1222.8592513192573,1222.7275498290628,0.0358995751017506,1257.9887283196858,1272.9182917572732,1259.965824885959,1255.53693243177,1245.8706452125716,1.2070912617475065,1.0,1.0,1.0,0.0,0.0,6324.949652582003,6700.259944666136,0.0001580790323855,0.0001492256692408,False,,5,1.0,True,True,True,True,False,False,True,False,retained,RG-009,24,1,9,0,0,False,member,9,main
French_vs_LMU,French,LMU,FT-232,26,24,7.143802150355257,6.842307550850908,0.3014945995043492,0.30121314939571686,1261.0887952469993,865.5275974457234,0.5424958131933553,624.0,1.4590262142284933e-09,1.0,1.0,1.0,1.0,1.0,1.0,0.0,8.212233262943234e-09,8.085538723284602,French > LMU,True,1161.5951378729037,175.42940932578406,15.10245726811735,0.1543321068390583,1.0,1236.67040761456,175.3357399150024,14.178049287458188,0.1393339115311454,1.0,1280.991860501545,153.6803555445121,11.99698142378062,0.1179296074122416,1.0,923.3008881384958,161.59604168436906,17.501991361685935,0.1693148851349054,1.0,14.178049287458188,17.501991361685935,0.1393339115311454,1.0,1.0,1.0651999412554511,1.1076421033695043,1151.7625057823254,1151.8278132907371,1151.7003322838043,0.0337363777691751,1245.2407794332655,1258.885828041167,1247.7170349348398,1242.597248836875,1232.0764022275648,1.318578168780149,1.0,1.0,1.0,0.0,0.0,1013.021817549967,1148.1229426611922,0.0009861720750902,0.0008702289049108,False,,5,1.0,True,True,True,True,False,False,True,False,retained,RG-015,16,0,8,0,0,False,member,10,main
French_vs_LMU,French,LMU,FT-221,26,24,7.573739130369691,7.047130181242705,0.5266089491269854,0.5377586240913121,1929.877849193166,1063.5919098566546,0.8589563917325264,624.0,1.4590262142284933e-09,1.0,1.0,1.0,1.0,1.0,1.0,0.0,8.212233262943234e-09,8.085538723284602,French > LMU,True,1695.4673529688728,284.8879804341981,16.802917492651265,0.1773371748704535,1.0,1783.22943632542,289.78292360659947,16.25045648661652,0.15954560981097,1.0,1972.818486794425,231.98440999501295,11.7590346779423,0.117783167121048,1.0,1122.3541286146217,179.02596705451697,15.950934067084312,0.1656927934490177,1.0,15.950934067084312,16.25045648661652,0.15954560981097,1.0,1.0,1.053412760781519,1.1115139744713944,1005.6756059707232,1005.7351871901508,1005.6206808174506,0.0294205207121462,1156.2008704897985,1172.2008562088015,1158.7916354985457,1153.40959517587,1141.539906588467,1.314394711507909,1.0,1.0,1.0,0.0,0.0,1428.0417919737756,1628.1225668534369,0.0006997695977937,0.0006138273573433,False,,5,1.0,True,True,True,True,False,False,True,False,retained,RG-017,8,0,5,0,1,False,member,11,main
French_vs_LMU,French,LMU,FT-067,26,24,9.113539747224277,8.812014341288807,0.30152540593546995,0.29905966697987374,8910.254181259894,6425.294666902678,0.47164135810033936,624.0,1.4590262142284933e-09,1.0,1.0,1.0,1.0,1.0,1.0,0.0,8.212233262943234e-09,8.085538723284602,French > LMU,True,8547.467029796246,1313.8333153242247,15.37102524928422,0.1557992232063911,1.0,8693.720973351676,1205.6544441426283,13.868106048471606,0.1385357684170649,1.0,9156.506198805662,1051.7108907050158,11.485940902242788,0.11414952619495,1.0,6613.405117642587,945.3827076976552,14.29494626263945,0.1439399368931437,1.0,13.868106048471606,14.29494626263945,0.1385357684170649,1.0,1.0,1.1083723469924178,1.1246137007545531,1150.251969729645,1150.3180018976263,1150.192989410226,0.0337478169990694,1245.3086840060384,1265.5461034467148,1247.4885199904472,1242.940885817954,1227.8460459555374,1.1741079896181184,1.0,1.0,1.0,0.0,0.0,7489.672904397807,8161.369120356326,0.0001334993548327,0.0001225134498642,False,,5,1.0,True,True,True,True,False,False,True,False,retained,RG-015,16,2,8,1,3,False,member,12,main
French_vs_LMU,French,LMU,FT-032,26,24,8.543830093788852,8.34183859938312,0.20199149440573194,0.1893145328770487,5063.2484756760505,4062.202631236253,0.31773087853406967,624.0,1.4590262142284933e-09,1.0,1.0,1.0,1.0,1.0,1.0,0.0,8.212233262943234e-09,8.085538723284602,French > LMU,True,4945.637645832655,803.5308231383204,16.24726437076117,0.1716864246665113,1.0,5471.033296250808,762.1422931731681,13.930499997056302,0.1391479599071635,1.0,5127.680455951312,520.4160844420444,10.14915201742021,0.0999837293693759,1.0,4107.125133726587,623.0336793082789,15.169581130900957,0.1521051207504632,1.0,13.930499997056302,15.169581130900957,0.1391479599071635,1.0,1.0,1.1663087738555278,1.2338407604470585,923.6242483918668,923.6775548079564,923.5784299297836,0.0272164472860657,1071.5163479969956,1096.3162617107012,1074.3064281661898,1068.7524562678664,1064.6716237330195,1.3373505220465651,1.0,1.0,1.0,0.0,0.0,4336.593666881878,4909.149928232876,0.0002305425719414,0.0002036597689716,False,,5,1.0,True,True,True,True,False,False,True,False,retained,RG-024,9,1,7,0,0,False,member,13,main
French_vs_LMU,French,LMU,FT-036,26,24,7.92960451867032,7.739622692625221,0.1899818260450994,0.20005025438226642,2786.2578645237354,2208.785697805706,0.33494001457487316,624.0,1.4590262142284933e-09,1.0,1.0,1.0,1.0,1.0,1.0,0.0,8.212233262943234e-09,8.085538723284602,French > LMU,True,2744.806913217101,440.364984091865,16.043568746907855,0.1708500865411408,1.0,3015.459451380102,409.15017577165975,13.568419087326866,0.1369970680802767,1.0,2798.249193064306,302.8907394371992,10.82429471213426,0.1066598548589639,1.0,2224.1299899389287,358.29222190097795,16.109320207080888,0.1650302179821741,1.0,13.568419087326866,16.109320207080888,0.1369970680802767,1.0,1.0,1.1824199004799918,1.247107612850715,924.1258325459404,924.1798853197248,924.080169273414,0.0264606354907274,1071.4321892574976,1092.4735550258451,1073.9285036159004,1068.937950833161,1064.7293012038544,1.2463305407572942,1.0,1.0,1.0,0.0,0.0,2403.959721174465,2683.534986649959,0.0004158073797226,0.0003725039923014,False,,5,1.0,True,True,True,True,False,False,True,False,retained,RG-024,9,1,7,0,0,False,member,14,main
French_vs_LMU,French,LMU,FT-045,26,24,8.660657481763852,8.47627880344005,0.18437867832380306,0.19004275948774385,5726.121597430123,4628.055603755807,0.30709234264051466,624.0,1.4590262142284933e-09,1.0,1.0,1.0,1.0,1.0,1.0,0.0,8.212233262943234e-09,8.085538723284602,French > LMU,True,5683.922567946237,906.273378992838,15.944506072332022,0.1675254623654218,1.0,6264.066114147568,841.6832718802143,13.436692023081449,0.1332425374285835,1.0,5801.103306062147,608.0658542767477,10.481900117884807,0.1032358367644923,1.0,4665.739113876931,731.2515001851302,15.672790148301006,0.1578982281831293,1.0,13.436692023081449,15.672790148301006,0.1332425374285835,1.0,1.0,1.186639244610405,1.2572971484816822,923.1220202532094,923.1748329305268,923.0750959305832,0.026666860202454,1071.5859281352352,1095.0634189274017,1074.300955170282,1068.7521554752243,1064.7794972295344,1.329186310317866,1.0,1.0,1.0,0.0,0.0,4964.597455987662,5585.666936713928,0.0002013856356387,0.0001789976047128,False,,5,1.0,True,True,True,True,False,False,True,False,retained,RG-024,9,1,7,0,0,False,member,15,main
French_vs_LMU,French,LMU,FT-114,26,24,7.975551732534263,7.691286063344124,0.2842656691901393,0.3029961218300059,2925.5968922842976,2085.069387544832,0.48843689740814655,624.0,1.4590262142284933e-09,1.0,1.0,1.0,1.0,1.0,1.0,0.0,8.212233262943234e-09,8.085538723284602,French > LMU,True,2709.068050901017,455.74079705464914,16.822788814886838,0.1715270007961145,1.0,2848.02463209496,361.8132624444045,12.70400748529554,0.1291969248484961,1.0,2963.276355013792,334.4810583564143,11.287541838292618,0.112131476474935,1.0,2134.4398651518786,329.74216340837523,15.44865089862403,0.1556323039452427,1.0,12.70400748529554,15.44865089862403,0.1291969248484961,1.0,1.0,1.3242111856718164,1.3276399650940385,1151.256806499619,1151.3231198517683,1151.2053092518372,0.0333565268257377,1245.2813146104488,1261.8825232464346,1247.5078771979656,1242.7542043970964,1230.7061763431725,1.1684670730987647,1.0,1.0,1.0,0.0,0.0,2379.22740320011,2651.104896086979,0.0004201279250274,0.0003770589924536,False,,5,1.0,True,True,True,True,False,False,True,False,retained,RG-015,16,1,8,0,2,False,member,16,main
French_vs_LMU,French,LMU,FT-133,26,24,6.797954366737251,7.413908157075779,-0.6159537903385282,-0.6003627250358221,912.9530743604406,1534.3373044237626,-0.7483636427464435,0.0,1.4590262142284933e-09,0.0,1.0,-1.0,-1.0,1.0,1.0,0.0,8.212233262943234e-09,8.085538723284602,French < LMU,True,1351.542551822656,286.5416417756065,21.20108178534103,0.2053519591697415,1.0,1097.3934043636864,239.03633427878904,21.782191630483883,0.2092158809227371,1.0,928.0793216650784,169.53446132105458,18.26723830209801,0.1843039852101316,1.0,1659.7731732869022,357.42945752525014,21.534837607805237,0.2160954655260679,1.0,21.534837607805237,21.782191630483883,0.2092158809227371,1.0,1.0,0.9845015862881068,0.981531412740018,1088.3554957275571,1088.4199453175788,1088.2934665530554,0.0305335130841398,1455.6188085752144,1466.7822506003197,1457.4629416105597,1453.362926730289,1444.7626845477362,1.0102804559737495,1.0,1.0,1.0,0.0,0.0,1439.6278977590514,1226.756794766722,0.00069414177079,0.0008144935578955,False,,5,1.0,True,True,True,True,False,False,True,True,retained,RG-007,14,0,8,0,0,False,member,17,main
French_vs_LMU,French,LMU,FT-049,26,24,7.045582726382764,7.451723599573738,-0.4061408731909735,-0.3949055482299624,1148.1201282202096,1611.2500859708168,-0.48854592226934934,0.0,1.4590262142284933e-09,0.0,1.0,-1.0,-1.0,1.0,1.0,0.0,8.212233262943234e-09,8.085538723284602,French < LMU,True,1635.2833299012173,302.95139532314096,18.525926962237264,0.1815304530182822,1.0,1629.7688458633008,293.20914570349555,17.990842471171455,0.180449079030916,1.0,1163.888749871282,148.00100518591552,12.716078336721049,0.1267095035083654,1.0,1688.8168226865332,320.6753350172048,18.988165602654373,0.1843203417953455,1.0,17.990842471171455,18.988165602654373,0.180449079030916,1.0,1.0,1.029742047484615,1.005992682219126,1097.2225774589213,1097.2878628497194,1097.1653132091003,0.0314364831833364,1176.9292956095635,1192.3969943706786,1179.3552542462571,1174.287214808062,1163.250109913586,1.1924514707526237,1.0,1.0,1.0,0.0,0.0,1522.3020678960029,1495.874730693827,0.0006564686158282,0.0006680585753067,False,,5,1.0,True,True,True,True,False,False,True,False,retained,RG-010,25,0,16,0,0,False,member,18,main
French_vs_LMU,French,LMU,FT-068,26,24,5.7925393373769785,6.357599324219205,-0.5650599868422264,-0.5818303851130446,336.71472694324495,554.1710001512438,-0.7171271161840541,0.0,1.4590262142284933e-09,0.0,1.0,-1.0,-1.0,1.0,1.0,0.0,8.212233262943234e-09,8.085538723284602,French < LMU,True,488.2199166624425,96.60530378739608,19.787251705708155,0.1969975252195319,1.0,442.4930305940953,87.98194662788195,19.883238954013937,0.2060094685673168,1.0,334.80251374598936,57.20044068189484,17.084830111309177,0.180890845137984,1.0,580.5758467964937,112.13830397823811,19.315013636374264,0.192908217563552,1.0,19.315013636374264,19.883238954013937,0.192908217563552,1.0,1.0,1.0244492744465148,1.0211982035168237,1150.2524730526775,1150.3175604084613,1150.188700028146,0.0330723340888498,1279.7884240559065,1291.1614973466476,1282.297445204404,1277.0675088026385,1271.432436429538,1.252126286661389,1.0,1.0,1.0,0.0,0.0,472.5409406108604,452.4955594955079,0.0021117498282408,0.0022050932562877,False,,5,1.0,True,True,True,True,False,False,True,False,retained,RG-015,16,2,2,0,0,False,member,19,main
French_vs_LMU,French,LMU,FT-020,26,24,9.271119362146269,9.492833919398088,-0.22171455725181843,-0.23895788303719456,10789.252052597383,13042.837324011116,-0.27363978821781754,0.0,1.4590262142284933e-09,0.0,1.0,-1.0,-1.0,1.0,1.0,0.0,8.212233262943234e-09,8.085538723284602,French < LMU,True,13253.899296059715,1896.482274988257,14.308862868394264,0.1455641221154043,1.0,14888.698178974217,1951.1491746343636,13.104901121508204,0.1323622844921326,1.0,10680.330618977996,1048.9853936481172,9.821656567299176,0.0986642859989325,1.0,13136.357161884442,1887.0794021712495,14.365317408137097,0.1461039584881746,1.0,13.104901121508204,14.365317408137097,0.1323622844921326,1.0,1.0,1.0918711049952203,1.099740176545959,842.5773942493681,842.624259465518,842.5350038070779,0.0247858919562459,963.3235892455184,994.1845837268208,966.0232942432688,960.7144273833812,947.501450842558,1.2969596479291814,1.0,1.0,1.0,0.0,0.0,12358.648357941043,12926.94598904718,8.090845071312262e-05,7.735180831102021e-05,False,,5,1.0,True,True,True,True,False,False,True,False,retained,RG-026,7,0,6,1,3,False,member,20,main
French_vs_LMU,French,LMU,FT-021,26,24,9.470103409962633,9.698975706074418,-0.22887229611178483,-0.23416692283031004,13025.748598619004,16060.740728038181,-0.3021512162486492,0.0,1.4590262142284933e-09,0.0,1.0,-1.0,-1.0,1.0,1.0,0.0,8.212233262943234e-09,8.085538723284602,French < LMU,True,16339.373024466828,2304.5780701052786,14.104446153805094,0.1435439583864865,1.0,18071.716392432663,2298.184512170701,12.717024007376752,0.1288866123188612,1.0,13077.289781468897,1257.139455269022,9.61314979079568,0.0956616991724352,1.0,16024.025702075323,2199.269285200562,13.724823749600748,0.1392154453843337,1.0,12.717024007376752,13.724823749600748,0.1288866123188612,1.0,1.0,1.1090995932400176,1.113722797146406,842.0756790432796,842.1224037031269,842.033147766642,0.0247411020790879,963.2789284715732,991.4065647125228,965.900100453346,960.78786884497,946.0247929199916,1.2723722014800722,1.0,1.0,1.0,1.212012028116517,0.1666666666666666,15129.81390988583,15754.05753377002,0.0001461925340758,0.0001404001237935,False,-0.3535533905932737,5,1.0,True,True,True,True,False,False,True,False,retained,RG-026,7,0,6,1,2,True,representative,21,main
French_vs_LMU,French,LMU,FT-053,26,24,7.0886091051995646,7.4913672459027945,-0.4027581407032299,-0.3864080963705767,1204.621817655382,1722.3404377145623,-0.5154302971073015,0.0,1.4590262142284933e-09,0.0,1.0,-1.0,-1.0,1.0,1.0,0.0,8.212233262943234e-09,8.085538723284602,French < LMU,True,1619.9294039012275,322.4790241096828,19.90698010253201,0.193450553701978,1.0,1671.1802435147465,287.7338823688492,17.217405691901973,0.172377120243678,1.0,1219.6638227725537,157.07131428749912,12.87824655899384,0.125356995420772,1.0,1742.1051937077452,299.62721972470104,17.19914622876478,0.177369890551874,1.0,17.19914622876478,17.217405691901973,0.172377120243678,1.0,1.0,1.1574400169491268,1.122251917357187,1097.723992703951,1097.786081052441,1097.6690565594126,0.0319027810183028,1176.67239430599,1190.5241737784906,1178.8370264710347,1174.3201926093266,1163.6889744852956,1.0738120033017726,1.0,1.0,1.0,0.0,0.0,1524.2772033612134,1545.9222911821005,0.0006556185313701,0.0006464448833016,False,,5,1.0,True,True,True,True,False,False,True,False,retained,RG-010,25,0,16,0,1,False,member,22,main
French_vs_LMU,French,LMU,FT-244,26,24,6.65689303702632,7.343614498569245,-0.6867214615429251,-0.6907175686949723,748.8306448288606,1413.3496471417532,-0.9155021253140722,0.0,1.4590262142284933e-09,0.0,1.0,-1.0,-1.0,1.0,1.0,0.0,8.212233262943234e-09,8.085538723284602,French < LMU,True,1047.9762939954185,230.7567684917701,22.019273700553665,0.2413034902681106,1.0,881.5857680047274,177.9292576811823,20.182864122669024,0.213217715322847,1.0,766.3033208076005,184.92167446975543,24.1316551094765,0.2420482355061325,1.0,1476.1368033971637,292.4589518664695,19.81245580988212,0.1984398302027022,1.0,20.182864122669024,24.1316551094765,0.213217715322847,1.0,1.0,1.090988551809256,1.1317234588258158,1083.0144831519058,1083.0790412617855,1082.95637841365,0.0347705557677826,1455.407052190095,1466.5766937878682,1456.8898431918287,1452.9667683924738,1445.1365334647055,1.0296105334833578,1.0,1.0,1.0,0.0,0.0,975.27497075787,1039.3197337398924,0.0010243015850582,0.0009612429405766,False,,5,1.0,True,True,True,True,False,False,True,False,retained,RG-007,14,3,7,1,1,False,member,23,main
French_vs_LMU,French,LMU,FT-220,26,24,6.590588017281859,6.9820686808542884,-0.3914806635724295,-0.39982036885971883,725.6117055585858,1037.6877512226106,-0.5155055060056887,0.0,1.4590262142284933e-09,0.0,1.0,-1.0,-1.0,1.0,1.0,0.0,8.212233262943234e-09,8.085538723284602,French < LMU,True,993.890812196715,210.81751487163285,21.211335519409847,0.2062760532421386,1.0,1013.472323110832,195.23682802898963,19.26414995031283,0.1912310565230145,1.0,734.95976536782,105.153312264095,14.307356296091896,0.1435591985361968,1.0,1065.0847021265004,189.08473519174368,17.753023286713777,0.1790773746972458,1.0,17.753023286713777,19.26414995031283,0.1790773746972458,1.0,1.0,1.1948013122522203,1.151882272067456,1098.2292261588002,1098.2904734059596,1098.173907533108,0.0325171901432204,1176.4712324222012,1189.1500946783274,1178.6797381441168,1173.8919929822691,1163.494515572824,1.1867773561182018,1.0,1.0,1.0,0.0,0.0,941.3825138744116,938.796314922086,0.0010611402326309,0.0010640603544853,False,,5,1.0,True,True,True,True,False,False,True,False,retained,RG-010,25,0,16,0,1,False,member,24,main
French_vs_LMU,French,LMU,FT-014,26,24,7.771497190017268,7.9999335033939,-0.2284363133766325,-0.24054032065992814,2388.390288792333,2982.6749160571217,-0.3204478301155737,0.0,1.4590262142284933e-09,0.0,1.0,-1.0,-1.0,1.0,1.0,0.0,8.212233262943234e-09,8.085538723284602,French < LMU,True,2940.045780604,455.5933229890286,15.496130230170497,0.163213333510641,1.0,3366.352051141575,473.7297535936224,14.072495876745108,0.1414029176121337,1.0,2380.824763724956,251.76628823729231,10.57475090453056,0.1059798482592874,1.0,2927.5962813309816,436.4718112876728,14.908879823048494,0.1490081726998923,1.0,14.072495876745108,14.908879823048494,0.1414029176121337,1.0,1.0,1.101164311284536,1.1542430401495176,843.583190546885,843.630050243499,843.5406553510771,0.0244139600441625,963.0868614775412,982.5703484671496,965.7982037305084,960.5184649981504,948.7611850277426,1.2901121418075123,1.0,1.0,1.0,0.0,0.0,2718.919676522759,2897.6006652186943,0.0003676579160155,0.0003449940559247,False,,5,1.0,True,True,True,True,False,False,True,False,retained,RG-026,7,0,6,0,1,False,member,25,main
French_vs_LMU,French,LMU,FT-025,26,24,8.632184675064817,8.85605108448225,-0.22386640941743252,-0.24038043082741112,5575.138734464495,6996.18212693355,-0.3275075875499383,0.0,1.4590262142284933e-09,0.0,1.0,-1.0,-1.0,1.0,1.0,0.0,8.212233262943234e-09,8.085538723284602,French < LMU,True,6916.847979690364,1033.0723014232196,14.935593560196557,0.1549915398994002,1.0,7873.257348434647,1046.0193241224986,13.2857250541984,0.1332729656314115,1.0,5629.686242933677,530.7260280567623,9.427275431609072,0.0943071053017986,1.0,6925.330358568963,1040.09237275369,15.018667975409228,0.1521282760596768,1.0,13.2857250541984,15.018667975409228,0.1332729656314115,1.0,1.0,1.1241835503344837,1.1629630898141414,843.080105891697,843.1277631649815,843.0381621542712,0.0247628776573223,963.2439588234024,988.1751993200248,965.7639074749648,960.7361998439518,947.918078663588,1.3047236827776925,1.0,1.0,1.0,0.0,0.0,6458.960169777018,6822.890886668406,0.0001547997160537,0.0001465439610052,False,,5,1.0,True,True,True,True,False,False,True,False,retained,RG-026,7,0,6,0,2,False,member,26,main
French_vs_LMU,French,LMU,FT-065,26,24,5.861362590867612,6.390772187694429,-0.5294095968268167,-0.5493462304761714,340.9340963479415,572.8657268707398,-0.7469949246100622,0.0,1.4590262142284933e-09,0.0,1.0,-1.0,-1.0,1.0,1.0,0.0,8.212233262943234e-09,8.085538723284602,French < LMU,True,480.1136525835864,96.65674598780384,20.13205528892478,0.1968859763932892,1.0,435.00772944567206,67.22379266824612,15.453470850715462,0.1555232945840934,1.0,348.4606462533602,60.19778422917391,17.275346549579965,0.16741827631204,1.0,587.6739058988328,116.6840701373275,19.85524097056208,0.196257606273007,1.0,17.275346549579965,19.85524097056208,0.16741827631204,1.0,1.0,1.1653633246167368,1.176012444581178,1149.7477835102598,1149.8144632764945,1149.685681984192,0.0325078453702678,1279.935188473766,1290.790366661261,1282.5930344589017,1277.339259704826,1271.8166430403594,1.2261011409371214,1.0,1.0,1.0,0.0,0.0,472.67474828403033,456.7684436834198,0.0021111532831814,0.0021845105616139,False,,5,1.0,True,True,True,True,False,False,True,False,retained,RG-015,16,2,3,0,0,False,member,27,main
French_vs_LMU,French,LMU,FT-071,26,24,5.405263703431066,5.963152053226258,-0.5578883497951921,-0.5605204854499028,218.71372708488042,364.17805223278924,-0.7329750516841879,0.0,1.4590262142284933e-09,0.0,1.0,-1.0,-1.0,1.0,1.0,0.0,8.212233262943234e-09,8.085538723284602,French < LMU,True,326.32127127178114,72.53815804921508,22.229062103892296,0.2143482722504143,1.0,282.45114734847255,66.81995543728179,23.657172599424083,0.2423386941950907,1.0,221.7498548305289,32.575163558897856,14.690049553264982,0.1467914803361484,1.0,379.0370810139955,66.92717953695194,17.657158861056324,0.180356915029766,1.0,17.657158861056324,23.657172599424083,0.180356915029766,1.0,1.0,1.2589263243771067,1.1884671691963595,1150.7515985354444,1150.8216637168111,1150.6946579570076,0.0329001027792091,1279.6007579597722,1289.9491491550348,1281.8612304005794,1276.882566964393,1271.0001140687532,1.1438663349396818,1.0,1.0,1.0,0.0,0.0,312.004407713369,294.26128240970115,0.0031948431886484,0.0033868307820068,False,,5,1.0,True,True,True,True,False,False,True,False,retained,RG-015,16,2,2,0,0,False,member,28,main
French_vs_LMU,French,LMU,FT-240,26,24,6.4885328103905024,7.1766788654432645,-0.688146055052762,-0.6962711790413785,630.8255580515083,1180.024154866935,-0.902440269712885,0.0,1.4590262142284933e-09,0.0,1.0,-1.0,-1.0,1.0,1.0,0.0,8.212233262943234e-09,8.085538723284602,French < LMU,True,856.1970828655991,200.0525474948994,23.36524516357205,0.260479666840786,1.0,749.2124685931215,156.67297368702637,20.91168797300296,0.2170507035406267,1.0,641.6223005743767,133.8967047100821,20.868461802250096,0.2094988543832425,1.0,1249.7407612960635,257.2084574486674,20.58094489787828,0.2042095917937779,1.0,20.868461802250096,20.91168797300296,0.2094988543832425,1.0,1.0,1.1196438618706792,1.2433464975626207,1083.3466638903149,1083.418782663368,1083.293469620257,0.0379018511140412,1455.299982043751,1466.075484139584,1456.6897452440542,1453.095145833872,1445.1545170375284,1.139622011246467,1.0,1.0,1.0,0.0,0.0,797.7353830048313,878.5338767170346,0.0012519790925475,0.0011369658707548,False,,5,1.0,True,True,True,True,False,False,True,False,retained,RG-007,14,2,7,1,1,False,member,29,main
French_vs_LMU,French,LMU,FT-176,26,24,6.706462941281918,7.257130425461053,-0.5506674841791348,-0.5487752467929132,819.1020786501874,1447.9316977366204,-0.8211141889991245,0.0,1.4590262142284933e-09,0.0,1.0,-1.0,-1.0,1.0,1.0,0.0,8.212233262943234e-09,8.085538723284602,French < LMU,True,1249.2180177477076,264.24465185915943,21.152805043236764,0.2166568572351911,1.0,1358.636934645906,240.13395226612212,17.674622715060146,0.1735187629869162,1.0,834.4079225856998,101.21502376284296,12.130160922872522,0.1191887028623052,1.0,1405.763404801112,261.6324508462792,18.611414264500297,0.1845729688971811,1.0,17.674622715060146,18.611414264500297,0.1735187629869162,1.0,1.0,1.1967896222878318,1.2486076635500658,871.0972026876352,871.1464497877009,871.0521433276865,0.0261144448367921,967.075674195556,981.0014984824444,969.5888018377036,964.5575877934904,954.5241061123936,1.1831890005084889,1.0,1.0,1.0,0.5279068093393702,0.1666666666666666,1196.8338491415998,1201.61584490502,0.001275558217389,0.0012704861787847,False,0.3535533905932737,5,1.0,True,True,True,True,False,False,True,False,retained,RG-026,7,0,6,0,0,False,member,30,main
French_vs_LMU,French,LMU,FT-152,26,24,7.14963845870209,7.7627245306645305,-0.6130860719624405,-0.6291660152042962,1331.032881353882,2326.8933971410897,-0.8053952975024183,0.0,1.4590262142284933e-09,0.0,1.0,-1.0,-1.0,1.0,1.0,0.0,8.212233262943234e-09,8.085538723284602,French < LMU,True,1873.99028946825,374.1319527094883,19.964455248892957,0.2002606874221113,1.0,1546.6056052690012,325.3481191160207,21.036269234226197,0.2032695888837361,1.0,1278.0668562864444,176.15363740923442,13.782818679851152,0.1445684245367744,1.0,2328.5512059533166,351.0407999828976,15.075502702513267,0.1576561288347655,1.0,15.075502702513267,21.036269234226197,0.1576561288347655,1.0,1.0,1.3242978123419151,1.2702372492730576,1088.69277311038,1088.7531592942134,1088.6355161607228,0.0305833539223234,1455.33623852908,1466.4624174348594,1456.9608822617963,1452.985883470457,1444.6656153752283,1.0657414549985278,1.0,1.0,1.0,0.0,0.0,1974.5319659039872,1715.5749488670483,0.0005061927709898,0.0005825553965237,False,,5,1.0,True,True,True,True,False,False,True,False,retained,RG-007,14,2,6,0,0,False,member,31,main
French_vs_LMU,French,LMU,FT-016,26,24,6.8899158374369645,7.46478431293326,-0.5748684754962952,-0.5647717961746359,997.7208780837334,1699.9629841721846,-0.7681983099493214,0.0,1.4590262142284933e-09,0.0,1.0,-1.0,-1.0,1.0,1.0,0.0,8.212233262943234e-09,8.085538723284602,French < LMU,True,1561.674546994932,323.4883062845236,20.71419470253897,0.2117468955634309,1.0,1657.2798037242412,283.6899927722588,17.117809082977434,0.1657447668710117,1.0,1007.52155414346,131.48134765325304,13.049978644380596,0.1304064507052669,1.0,1729.7524478633172,328.5581034303082,18.99451588209404,0.1874535861345104,1.0,17.117809082977434,18.99451588209404,0.1657447668710117,1.0,1.0,1.2100961403488202,1.277548000825991,870.5947196667247,870.6445532838661,870.5511700239324,0.0252234482417843,967.2980513141862,982.65905206854,969.9481957866528,964.4931277655786,954.9833971803866,1.317019050732212,1.0,1.0,1.0,0.0,0.0,1490.9994550537526,1467.2870728193764,0.0006702415316659,0.0006810657251649,False,,5,1.0,True,True,True,True,False,False,True,False,retained,RG-026,7,0,6,0,0,False,member,32,main
French_vs_LMU,French,LMU,FT-127,26,24,6.483964323563932,7.140323198682477,-0.6563588751185447,-0.6462989613887862,679.1363586391285,1242.2700156614296,-0.8702437351999668,0.0,1.4590262142284933e-09,0.0,1.0,-1.0,-1.0,1.0,1.0,0.0,8.212233262943234e-09,8.085538723284602,French < LMU,True,989.7310125429308,215.3305061204137,21.756467503949565,0.2183301626382511,1.0,821.8988475249354,165.3057017990457,20.11265769465999,0.1962584698492268,1.0,659.4826737906666,96.10015867414523,14.572052078603877,0.1553114776869699,1.0,1221.2068678407177,194.37799755889077,15.916877203825516,0.1679594025102196,1.0,15.916877203825516,20.11265769465999,0.1679594025102196,1.0,1.0,1.3668804015602094,1.299898424114522,1089.3621822179891,1089.4251348726043,1089.307522369366,0.0309853004019954,1455.0379438086263,1466.2902433975903,1456.7362453819535,1452.8117716271825,1443.8567584493844,1.0701762813663769,1.0,1.0,1.0,0.0,0.0,1045.6410951475164,899.8632527289776,0.0009554373553993,0.0011100463882511,False,,5,1.0,True,True,True,True,False,False,True,False,retained,RG-007,14,0,9,0,1,False,member,33,main
French_vs_LMU,French,LMU,FT-175,26,24,6.892799235793996,7.114912838919212,-0.22211360312521577,-0.24359995319094718,982.2634236844378,1238.840314178542,-0.3345044376442153,0.0,1.4590262142284933e-09,0.0,1.0,-1.0,-1.0,1.0,1.0,0.0,8.212233262943234e-09,8.085538723284602,French < LMU,True,1238.3606696398897,229.2685012469832,18.513871351684124,0.190438865205912,1.0,1416.7259403002945,201.214701063736,14.20279641530992,0.1410479667953418,1.0,996.045056276274,120.94579400387003,12.142602710767656,0.1225801649187221,1.0,1231.6481771727367,191.53310688768488,15.5509593110714,0.1541005810328809,1.0,14.20279641530992,15.5509593110714,0.1410479667953418,1.0,1.0,1.303537050754813,1.3501709349857949,844.0870342319306,844.1323782106103,844.0413754189648,0.024631739029111,962.9974510538884,978.5761512080348,965.591399884148,960.298923399465,948.8306583935764,1.3765320185913352,1.0,1.0,1.0,0.0,0.0,1152.152451527903,1217.3623349086358,0.0008671880276324,0.0008207738957023,False,,5,1.0,True,True,True,True,False,False,True,False,retained,RG-026,7,0,6,0,0,False,member,34,main
French_vs_LMU,French,LMU,FT-123,26,24,6.935719891213441,7.587514160433573,-0.6517942692201322,-0.6456876679789136,1065.8442231156234,1914.8210946355548,-0.8446133097635369,0.0,1.4590262142284933e-09,0.0,1.0,-1.0,-1.0,1.0,1.0,0.0,8.212233262943234e-09,8.085538723284602,French < LMU,True,1570.523824463237,345.3045581225543,21.986585159927145,0.2207644279280549,1.0,1286.2016715521836,256.60000085784606,19.950215159352272,0.1917281512019792,1.0,1046.1914279598236,146.85775512281575,14.037369376004436,0.1450536559039149,1.0,1929.5898358592387,307.75342793660053,15.949162988804776,0.1615608860143976,1.0,15.949162988804776,19.950215159352272,0.1615608860143976,1.0,1.0,1.3785416310160117,1.3664472470668505,1089.0265712685955,1089.0914068180275,1088.971235140457,0.0306282484678529,1455.280496632148,1466.5178693574048,1457.040376031163,1452.9903136270375,1444.6004065151849,1.048298112389065,1.0,1.0,1.0,0.0,0.0,1643.2145223507462,1418.9589619139815,0.0006081931441465,0.0007042457048562,False,,5,1.0,True,True,True,True,False,False,True,False,retained,RG-007,14,1,6,0,1,False,member,35,main
French_vs_LMU,French,LMU,FT-044,26,24,9.195391568004364,9.026381470076682,0.16901009792768207,0.17907433502911374,9937.088321739006,7901.38512899334,0.3306802045450682,623.0,1.645589340270994e-09,0.9983974358974359,0.9983974358974359,0.9967948717948718,0.9967948717948718,1.0,1.0,0.0,8.76165135225367e-09,8.057414032464044,French > LMU,True,9871.53828443148,1343.387870066774,13.608698374653995,0.1408462160933337,1.0,10887.842401474967,1398.3701406270277,12.843409089367343,0.132088905276603,1.0,9946.427838055935,1088.6759177985998,10.945396030856696,0.1085707156472846,1.0,8080.942700648376,1237.438276710791,15.313043571160389,0.1538277811414202,1.0,12.843409089367343,15.313043571160389,0.132088905276603,1.0,1.0,1.059586148814664,1.0662986100035603,923.1212556300736,923.1751342108996,923.074014873022,0.026964574266534,1057.6205174785268,1064.765986981599,1060.2868398891017,1054.9388995609593,1041.2142873846992,1.2744490931735233,1.0,1.0,1.0,0.0,0.0,8629.153049278148,9654.21998539413,0.0001158728002029,0.0001035709182714,False,,5,1.0,True,True,True,True,False,False,True,False,retained,RG-024,9,1,7,0,1,False,member,36,main
French_vs_LMU,French,LMU,FT-035,26,24,8.48476074510738,8.288478239902952,0.1962825052044277,0.18926832125084303,4846.596103874972,3717.109938945582,0.382700070907766,623.0,1.645589340270994e-09,0.9983974358974359,0.9983974358974359,0.9967948717948718,0.9967948717948718,1.0,1.0,0.0,8.76165135225367e-09,8.057414032464044,French > LMU,True,4825.546196539682,729.4753448804025,15.11694873843498,0.1527928582407414,1.0,5367.388832727418,701.5943401768532,13.071427504914723,0.1348240299406671,1.0,4869.594483956336,527.6910259073154,10.836447011057668,0.1070267639863306,1.0,3906.657411279688,609.9403436119093,15.612844419140238,0.1551586877931396,1.0,13.071427504914723,15.612844419140238,0.1348240299406671,1.0,1.0,1.156487975988174,1.1332761549108272,924.1258165788284,924.180160162224,924.0777586734384,0.0272409259607433,1057.66078474932,1064.7259970025725,1060.338482301454,1055.0311780453726,1043.0294036865268,1.2380418932721453,1.0,1.0,1.0,1.1058868377504043,0.1666666666666666,4211.875180568749,4722.8107311364165,0.000499869269202,0.0004458025432453,False,0.0,5,1.0,True,True,True,True,False,False,True,False,retained,RG-024,9,1,7,0,0,False,member,37,main
French_vs_LMU,French,LMU,FT-140,26,24,8.500304550528462,8.357075363744986,0.14322918678347563,0.15370234343588685,4919.0533129350915,3999.3732345327116,0.2985393388467231,622.0,1.8553248855806184e-09,0.9967948717948718,0.9967948717948718,0.9935897435897436,0.9935897435897436,1.0,1.0,0.0,9.137475061484545e-09,8.03917379533361,French > LMU,True,4713.124470346388,810.2771430825376,17.191931767993108,0.1661272837028019,1.0,4373.076038022114,681.3888596526523,15.58145464950195,0.1525419252131929,1.0,4981.22967388966,538.1426134919026,10.803408971738632,0.1068618873578092,1.0,4149.313877134342,641.3451806306745,15.456656199593398,0.1539508764304035,1.0,15.456656199593398,15.58145464950195,0.1525419252131929,1.0,1.0,1.11226720359125,1.089059833685867,1223.2883799925703,1223.3621200936468,1223.2287480892585,0.0350061702112344,1257.8617538028573,1269.8666980654696,1259.7405650826165,1255.3353370369402,1245.8577879085085,1.1917479948660925,1.0,1.0,1.0,0.0,0.0,4226.345298832553,4499.584624724318,0.0002365550787337,0.0002221933556157,False,,5,1.0,True,True,True,True,False,False,True,False,retained,RG-009,24,1,11,0,0,False,member,38,main
French_vs_LMU,French,LMU,FT-084,26,24,7.003815679607975,6.858654748023938,0.1451609315840363,0.16684869729688945,1090.7752444634543,892.0145518941404,0.2899203003499983,622.0,1.8553248855806184e-09,0.9967948717948718,0.9967948717948718,0.9935897435897436,0.9935897435897436,1.0,1.0,0.0,9.137475061484545e-09,8.03917379533361,French > LMU,True,1021.1857077081432,282.71956063381504,27.685420829902256,0.3522928276894796,1.0,976.7642016839396,166.92728924696652,17.089824643366764,0.1743581595559544,1.0,1121.976197511705,138.91574071399768,12.381344722114608,0.1208105296218209,1.0,920.0735806264432,140.05799036873228,15.22247712768495,0.1534971460216695,1.0,15.22247712768495,17.089824643366764,0.1534971460216695,1.0,1.0,1.8187198179165656,2.295109953638784,1224.2978759761004,1224.3667494540175,1224.2365630785655,0.0355838123362433,1257.7376008872648,1268.2375238108073,1259.5745263285503,1255.5683653972703,1246.972209575565,1.100626009489861,1.0,1.0,1.0,0.0,0.0,937.335373035028,1005.8978186969392,0.0010657170439664,0.0009931494352566,False,,5,1.0,True,True,True,True,False,False,True,False,retained,RG-009,24,1,13,0,0,False,member,39,main
French_vs_LMU,French,LMU,FT-115,26,24,4.5548748109283625,5.217817137731371,-0.6629423268030088,-0.6700736458814296,92.33833341727953,176.51858544667766,-0.9274284636957624,2.0,1.8553248855806184e-09,0.0032051282051282068,0.9967948717948718,-0.9935897435897436,-0.9935897435897436,1.0,1.0,0.0,9.137475061484545e-09,8.03917379533361,French < LMU,True,139.8000252545429,30.149390976812636,21.56608407038389,0.223851601841387,1.0,129.58792378319723,31.86225846519408,24.58736704393857,0.2440007728351992,1.0,94.63121562935764,25.29950592898983,26.73484194484036,0.2586073691200118,1.0,177.61194427190546,34.084432892518635,19.190394560592672,0.1942818738617155,1.0,24.58736704393857,26.73484194484036,0.2440007728351992,1.0,1.0,0.8771205160700805,0.9174216919082416,1151.2577144686827,1151.3262326936172,1151.1904885859722,0.0345722197950819,1279.5426959634483,1288.5432278668477,1281.9849407416823,1276.8114177037737,1271.368124220108,1.3332454669452618,1.0,1.0,1.0,0.0,0.0,133.8988169299706,133.8885582225211,0.0074129634548175,0.0074135272344621,False,,5,1.0,True,True,True,True,False,False,True,True,retained,RG-015,16,1,3,0,0,False,member,40,main
French_vs_LMU,French,LMU,FT-153,26,24,4.612977803884028,5.0214564812295155,-0.4084786773454878,-0.4877957265636157,95.0824781156928,151.08259025910036,-0.6625097432083449,3.0,2.0910221342436382e-09,0.004807692307692304,0.9951923076923077,-0.9903846153846154,-0.9903846153846154,1.0,1.0,0.0,1.0047106352341385e-08,7.99795900054822,French < LMU,True,151.4211640047555,44.15577613461498,29.16090126821917,0.2884456156633603,1.0,133.3825948156918,44.38350144493094,33.275332142293465,0.3508235879348188,1.0,97.44115056236753,23.642763242119692,24.263633080755827,0.2567438152468976,1.0,150.38452181647463,24.9824051140288,16.612351332616985,0.1747239140963737,1.0,24.263633080755827,33.275332142293465,0.2567438152468976,1.0,1.0,1.201835733798147,1.1234763937194618,1088.6918828508271,1088.7513371347547,1088.6296921898063,0.0323400428121432,1473.446015556528,1483.6614707498018,1476.5098227948197,1470.4869684703458,1467.3194005629591,1.339608092953679,1.0,1.0,1.0,0.0,0.0,141.39530207407512,127.14933597308324,0.0070227035964978,0.0078033958772134,False,,5,1.0,True,True,True,True,False,False,True,False,retained,RG-007,14,2,5,0,0,False,member,41,main
French_vs_LMU,French,LMU,FT-052,26,24,7.346352302924814,7.1888187202438925,0.1575335826809212,0.15773195681313368,1544.9123987764513,1270.2420900425532,0.28221977197305786,620.0,2.3557948502477837e-09,0.9935897435897436,0.9935897435897436,0.9871794871794872,0.9871794871794872,1.0,1.0,0.0,1.054753603406394e-08,7.976848982242038,French > LMU,True,1665.0215529972318,299.24782484615184,17.97260968228736,0.1881575634885689,1.0,1869.413218002942,309.1881290067762,16.539314370371034,0.1683437988478343,1.0,1574.3380719415975,183.53313358969825,11.657796813828604,0.1129342699215043,1.0,1306.9271333079812,206.5767764919614,15.80629640530089,0.1615838593329529,1.0,15.80629640530089,16.539314370371034,0.1615838593329529,1.0,1.0,1.1370538183922685,1.1644576646783722,1069.2070748658969,1069.267262316396,1069.1527914655323,0.0310318689959965,1173.5811959662594,1189.0482915242503,1175.8907247598563,1171.315212620077,1163.561102549235,1.1500091708878202,1.0,1.0,1.0,0.0,0.0,1452.0044694646954,1587.177876235044,0.0006882291286883,0.000629652392823,False,,5,1.0,True,True,True,True,False,False,True,False,retained,RG-010,25,1,12,0,0,False,member,42,main
French_vs_LMU,French,LMU,FT-026,26,24,7.8774440611760514,7.691162635740946,0.18628142543510506,0.19665989424464225,2682.067405385381,2138.4421718819644,0.32664861505465304,620.0,2.3557948502477837e-09,0.9935897435897436,0.9935897435897436,0.9871794871794872,0.9871794871794872,1.0,1.0,0.0,1.054753603406394e-08,7.976848982242038,French > LMU,True,2430.6218039658693,488.6512923723996,20.10396235132519,0.2062646706397811,1.0,2332.567971465339,388.398084428052,16.651093952218552,0.1668728691657664,1.0,2671.7120464734235,315.23190109661533,11.798872618503614,0.1172327222421565,1.0,2137.107486673053,365.2158486284119,17.089259707613607,0.1752256748129219,1.0,16.651093952218552,17.089259707613607,0.1668728691657664,1.0,1.0,1.207365858904819,1.236058753414757,727.9951742528884,728.0375875622003,727.9575827820195,0.0214790515447573,1014.168080213055,1032.1152803172229,1016.9923818887036,1011.3062294193828,999.9946789119542,1.3691867366597237,1.0,1.0,1.0,0.0,0.0,2186.174014664266,2379.8562416629434,0.0004572109915787,0.0004200169596554,False,,5,1.0,True,True,True,True,False,False,True,False,retained,RG-030,2,0,1,0,0,False,member,43,main
French_vs_LMU,French,LMU,FT-187,26,24,7.25943770457811,7.092470316630067,0.1669673879480431,0.20681048089164644,1422.0916480564847,1130.6237096387513,0.330634266054472,620.0,2.3557948502477837e-09,0.9935897435897436,0.9935897435897436,0.9871794871794872,0.9871794871794872,1.0,1.0,0.0,1.054753603406394e-08,7.976848982242038,French > LMU,True,1429.4116975652755,305.65718336500737,21.38342535503486,0.2266644539578358,1.0,1610.9381862511557,268.18180019060657,16.647553734802045,0.1731770803974548,1.0,1449.24966835976,179.7982853809104,12.406301640517436,0.1221681803093741,1.0,1144.228091895125,215.98896178600796,18.87639040816387,0.1862602642300022,1.0,16.647553734802045,18.87639040816387,0.1731770803974548,1.0,1.0,1.284478530340009,1.3088594254945478,931.6249044842097,931.6794619563228,931.5717895491504,0.0272151232804482,1117.1180883829777,1133.3014284331186,1119.8573127218217,1114.319571095626,1106.9318692437553,1.3574661876097962,1.0,1.0,1.0,0.0,0.0,1249.9772435550733,1404.123453106433,0.0007993750527053,0.000711681238961,False,,5,1.0,True,True,True,True,False,False,True,False,retained,RG-004,4,1,2,0,0,False,member,44,main
French_vs_LMU,French,LMU,FT-218,26,24,6.787572299381935,7.0213164943651485,-0.2337441949832133,-0.21810542666333976,899.8559940658814,1089.1299106686436,-0.2751316628573788,5.0,2.6531176350436838e-09,0.008012820512820514,0.9919871794871795,-0.983974358974359,-0.9839743589743589,1.0,1.0,0.0,1.1614759424524571e-08,7.934989781273432,French < LMU,True,1189.7772693898862,199.1225029223852,16.73611591390501,0.167916394385568,1.0,1457.376152964042,238.36747581852492,16.35593359571091,0.1632967495440778,1.0,900.6878120200137,122.53662314854476,13.604783090572337,0.1390024678115418,1.0,1085.186787597364,178.21331329189445,16.42236298199539,0.166993503197978,1.0,16.35593359571091,16.42236298199539,0.1632967495440778,1.0,1.0,1.0232443055585527,1.0282898762797672,945.1499525476456,945.200369387312,945.0988671251616,0.0260107210777758,1013.699714864276,1026.8376972364338,1016.5529087025468,1010.9159672784848,999.9756356944216,1.416637105738516,1.0,1.0,1.0,0.6308394306316073,0.1666666666666666,1088.0531608444526,1151.669566076974,0.0014974837677961,0.001414836895696,False,0.7071067811865475,5,1.0,True,True,True,True,False,True,True,False,retained,RG-021,4,0,3,1,3,False,member,45,main
French_vs_LMU,French,LMU,FT-238,26,24,3.987825456199088,4.616570849365876,-0.6287453931667879,-0.6117160582749483,54.40824453551886,91.51164879352729,-0.7395343771965456,6.0,2.9868661925729306e-09,0.00961538461538462,0.9903846153846154,-0.9807692307692307,-0.9807692307692307,1.0,1.0,0.0,1.2791579129062334e-08,7.89307583826532,French < LMU,True,77.6716780384699,14.379820606504389,18.513595907355345,0.2083849271706473,1.0,60.38118484345158,16.487280292249793,27.305327537039645,0.2921114397875644,1.0,53.77688656031649,12.374878358330772,23.011518795256084,0.2619713772785836,1.0,93.97777325423417,22.833771100379494,24.296990990208123,0.2506508361585895,1.0,24.296990990208123,27.305327537039645,0.2619713772785836,1.0,1.0,0.7619707277669268,0.7954492179084443,1083.34221048445,1083.4156648006433,1083.2876061219467,0.0332555834962821,1423.037280138564,1429.8039524371825,1425.2939780948373,1420.203550145215,1414.9106421837485,1.413257598599415,1.0,1.0,1.0,0.0,0.0,74.77722454767705,69.2647233664748,0.0131965772825425,0.0142318926495215,False,,5,1.0,True,True,True,True,False,False,True,True,retained,RG-007,14,2,1,0,0,False,member,46,main
French_vs_LMU,French,LMU,FT-104,26,24,8.839293339997187,8.64165144635092,0.19764189364626716,0.1847092950416087,6856.835408337648,5326.123841635474,0.3643964590893021,616.0,3.781421140588753e-09,0.9871794871794871,0.9871794871794871,0.9743589743589745,0.9743589743589743,1.0,1.0,0.0,1.5849786482893282e-08,7.799976583914736,French > LMU,True,6443.590725590807,1142.3481011806075,17.728439775725615,0.1761004057893776,1.0,5853.501383078921,963.0088164287032,16.451842297544037,0.1621843037998086,1.0,6874.212608891712,858.8650098495339,12.494012895943923,0.1231745901040327,1.0,5569.991228538283,918.4706883615175,16.48962539933028,0.1645975246536646,1.0,16.451842297544037,16.48962539933028,0.1621843037998086,1.0,1.0,1.0775960196489454,1.085804246548706,1222.2864765177096,1222.3567526513016,1222.2240203008816,0.0349509373536697,1258.1864030459938,1275.171996525355,1260.155835858117,1255.5775495992905,1245.5816309792672,1.2015301710468655,1.0,1.0,1.0,0.0,0.0,5841.077577943538,6096.12452045963,0.0001711719823398,0.000164011739738,False,,5,1.0,True,True,True,True,False,False,True,False,retained,RG-009,24,1,8,0,0,False,member,47,main
French_vs_LMU,French,LMU,FT-059,26,24,7.847153873814578,7.696764364131388,0.15038950968318954,0.15571075944475066,2563.8634435245594,2074.5656085267183,0.3053774808420954,615.0,4.2524098301091184e-09,0.9855769230769231,0.9855769230769231,0.9711538461538463,0.9711538461538461,1.0,1.0,0.0,1.6754494730629925e-08,7.775868664755481,French > LMU,True,2453.315643903228,419.69534524926,17.107270574508068,0.1677730753022377,1.0,2272.2351504147978,355.04574660649183,15.625396277391362,0.1546341708427364,1.0,2574.462211524568,305.136128782069,11.852422125915409,0.1196159256552847,1.0,2139.431574062037,333.5811795047838,15.592047137615582,0.1576511822560893,1.0,15.592047137615582,15.625396277391362,0.1546341708427364,1.0,1.0,1.097179249364699,1.08496766521847,1223.7919594716086,1223.8635611861732,1223.7311229497138,0.0347144077413259,1257.9046668683316,1269.0074929226648,1259.707712335104,1255.611618909438,1246.198078112655,1.0683033401089197,1.0,1.0,1.0,0.0,0.0,2204.6761641712146,2327.994778309509,0.0004533757113777,0.0004293697904835,False,,5,1.0,True,True,True,True,False,False,True,False,retained,RG-009,24,1,13,0,0,False,member,48,main
French_vs_LMU,French,LMU,FT-030,26,24,8.285609303466066,8.495959729149611,-0.21035042568354534,-0.20731930586351766,3981.443492253054,4809.950094539043,-0.2726679427938914,9.0,4.2524098301091184e-09,0.014423076923076924,0.9855769230769231,-0.9711538461538461,-0.9711538461538461,1.0,1.0,0.0,1.6754494730629925e-08,7.775868664755481,French < LMU,True,5256.516302450767,840.6957940917762,15.993402202516048,0.1676161713524356,1.0,6436.716473341391,947.17657421553,14.715213543091435,0.1461650833096618,1.0,4039.890057945192,458.01570695863455,11.337330976566104,0.1126013428389216,1.0,4813.59268467135,747.4913305086839,15.528761560757587,0.1584044058245737,1.0,14.715213543091435,15.528761560757587,0.1461650833096618,1.0,1.0,1.086861713265772,1.1467593186898677,943.6407760815548,943.6939445363817,943.5907638447396,0.0278931269507372,1013.782160621757,1034.6732477987937,1016.3046768281488,1011.0867446353868,997.308114574802,1.3509453587603917,1.0,1.0,1.0,0.0,0.0,4808.515277561291,5113.694887193008,0.0002079211609256,0.0001955150839014,False,,5,1.0,True,True,True,True,False,False,True,False,retained,RG-021,4,0,3,3,3,True,representative,49,main
French_vs_LMU,French,LMU,FT-027,26,24,8.18264075078843,8.402245581558834,-0.21960483077040394,-0.213733458928683,3600.204084318658,4336.537036028665,-0.2683967151759498,9.0,4.2524098301091184e-09,0.014423076923076919,0.9855769230769231,-0.9711538461538461,-0.9711538461538461,1.0,1.0,0.0,1.6754494730629925e-08,7.775868664755481,French < LMU,True,4768.958402143237,802.7939934802296,16.833738644468834,0.175092248946566,1.0,5824.448721157228,861.7404194386281,14.79522716559197,0.1451578931448602,1.0,3647.390265174328,439.72138083963887,12.055780952154906,0.1200180783006753,1.0,4373.4330090644735,714.0307540499331,16.32655061984526,0.1666510644472039,1.0,14.79522716559197,16.32655061984526,0.1451578931448602,1.0,1.0,1.137781695141367,1.206219277182763,944.1420067072388,944.1949828507568,944.0933831173212,0.0274536438076089,1013.8565207197244,1035.1988995593508,1016.3542223052108,1011.098491583856,998.5545121068548,1.2940592342849382,1.0,1.0,1.0,0.8618677005823497,0.1666666666666666,4362.503124337215,4630.398994955113,0.0004266910433036,0.0004020097820573,False,0.7071067811865475,5,1.0,True,True,True,True,False,True,True,False,retained,RG-021,4,0,3,2,3,False,member,50,main
French_vs_LMU,French,LMU,FT-189,26,24,7.420993127405198,7.228772286301032,0.1922208411041657,0.19721541682228683,1630.6490976004507,1290.8545509313537,0.3368871776476625,613.0,5.371755178143705e-09,0.9823717948717949,0.9823717948717949,0.9647435897435896,0.9647435897435898,1.0,1.0,0.0,1.9596958705450186e-08,7.707811322517289,French > LMU,True,1682.4040063672107,311.9008942255107,18.539000920414683,0.1896519841684524,1.0,1851.4315293017264,304.87140027149155,16.466793151485046,0.1676128010425516,1.0,1691.1328081716215,203.6897625086579,12.044575182056713,0.1186528193713451,1.0,1351.1460373244204,268.7063462339109,19.88729114478337,0.1901506105100234,1.0,16.466793151485046,19.88729114478337,0.1676128010425516,1.0,1.0,1.125841610437838,1.1314886630902716,931.123020951668,931.1758625779664,931.0750071035604,0.0263774599815897,1117.150900959169,1132.9164165454893,1119.9402594800786,1114.513782416522,1107.106961260784,1.384524676638368,1.0,1.0,1.0,0.9049930048809116,0.1666666666666666,1480.560002436654,1634.024066760047,0.0012858021286669,0.0011651161861218,False,0.7071067811865475,5,1.0,True,True,True,True,False,True,True,False,retained,RG-004,4,1,2,0,0,False,member,51,main
French_vs_LMU,French,LMU,FT-034,26,24,7.112595921698466,6.902352253247839,0.2102436684506266,0.2177965168224194,1216.4577502731709,974.6834408146306,0.3193866586410488,613.0,5.371755178143705e-09,0.9823717948717949,0.9823717948717949,0.9647435897435896,0.9647435897435898,1.0,1.0,0.0,1.9596958705450186e-08,7.707811322517289,French > LMU,True,1174.3463061664256,209.84064651394024,17.868719423910896,0.184566552847915,1.0,1322.4495019727296,189.72741302341623,14.346665996727689,0.142188839546438,1.0,1237.3042656549942,136.23454282775054,11.010593482083552,0.1092928004084175,1.0,965.2442927376534,160.50590859898264,16.628527079269354,0.1678274083180718,1.0,14.346665996727689,16.628527079269354,0.142188839546438,1.0,1.0,1.245496300533277,1.2980382527676275,924.6284568794596,924.682414112093,924.5817555901798,0.0263176047659261,1071.194488617538,1086.3274333241209,1073.7937312742429,1068.6907211707253,1064.7380309052537,1.2846760771846035,1.0,1.0,1.0,0.0,0.0,1030.270024610683,1176.8658110312977,0.0009696781406766,0.0008489931455981,False,,5,1.0,True,True,True,True,False,False,True,False,retained,RG-024,9,1,7,0,0,False,member,52,main
French_vs_LMU,French,LMU,FT-024,26,24,7.590816729327407,7.837939296443624,-0.24712256711621716,-0.21555354217708,2011.4786682052318,2453.2815358531234,-0.28632726202484243,11.0,5.371755178143705e-09,0.01762820512820512,0.9823717948717949,-0.9647435897435898,-0.9647435897435898,1.0,1.0,0.0,1.9596958705450186e-08,7.707811322517289,French < LMU,True,2644.757789195588,447.58159395224607,16.923349116532123,0.1737671287852828,1.0,3259.03734561026,513.1179395689405,15.744463323198229,0.155884863152267,1.0,2029.1148356938504,245.62658099229196,12.105109906620962,0.120766639796172,1.0,2443.620755594765,406.55916484525926,16.637572091104,0.1715471800077509,1.0,15.744463323198229,16.637572091104,0.155884863152267,1.0,1.0,1.074876213252496,1.1147145737655653,944.6434806058312,944.698424554808,944.5961664284048,0.0273795383944055,1013.805438811442,1033.3746827166992,1016.416349113882,1011.063984934316,999.63219974352,1.2871316138365452,1.0,1.0,1.0,0.0,0.0,2409.190144825427,2585.8877684174813,0.0004149050240483,0.0003865648955508,False,,5,1.0,True,True,True,True,False,False,True,False,retained,RG-021,4,0,3,2,3,False,member,53,main
French_vs_LMU,French,LMU,FT-208,26,24,6.915894105725577,7.227878127987017,-0.3119840222614396,-0.28772956895093493,1005.5115429735338,1288.5052585225349,-0.3574539387504389,11.0,5.371755178143705e-09,0.017628205128205118,0.9823717948717949,-0.9647435897435898,-0.9647435897435898,1.0,1.0,0.0,1.9596958705450186e-08,7.707811322517289,French < LMU,True,1209.3457361805747,208.0256657444504,17.201504873325064,0.1818208150278348,1.0,1252.0742352079556,202.9867249204052,16.212035933052434,0.1675089248350074,1.0,1016.5694461633428,164.97485385097477,16.228586691603805,0.156238074640324,1.0,1309.1332916575625,206.8353400983014,15.799410298122988,0.1571177741744939,1.0,16.212035933052434,16.228586691603805,0.1571177741744939,1.0,1.0,1.0610329846515665,1.1572262653486032,1034.3174542653558,1034.380541985564,1034.2613138443917,0.0295451611052212,1455.555851617301,1469.701675415041,1457.6545435811267,1453.1631563393423,1442.65215174357,1.0732159464279536,1.0,1.0,1.0,0.0,0.0,1101.7275424408358,1193.3452599235234,0.0009068423173566,0.0008372788284553,False,,5,1.0,True,True,True,True,False,False,True,False,retained,RG-014,17,2,2,0,0,False,member,54,main
French_vs_LMU,French,LMU,FT-179,26,24,7.487713933670578,7.274384363401161,0.21332957026941646,0.19811619869387354,1809.1163002082235,1453.8653316077284,0.31519677617652936,611.0,6.775771545178461e-09,0.9791666666666667,0.9791666666666667,0.9583333333333333,0.9583333333333334,1.0,1.0,0.0,2.3836196328574227e-08,7.622763046134259,French > LMU,True,1681.5265292251015,332.3235161452424,19.76320387275645,0.2062718305813398,1.0,1615.3406295622092,272.7589623506292,16.885538403411083,0.1696203292751156,1.0,1819.544763036924,213.85676363822907,11.75331148662097,0.1158993893696144,1.0,1452.522443325298,254.1393477885932,17.496414527460608,0.1787198362282374,1.0,16.885538403411083,17.496414527460608,0.1696203292751156,1.0,1.0,1.1704218959795822,1.21607964954942,728.4969707230775,728.5374900581327,728.4606010611253,0.0212811240501545,1014.0492700576092,1031.0792793022397,1016.8041164703352,1011.1718983749886,1001.4421236646056,1.3515994807877785,1.0,1.0,1.0,0.0,0.0,1503.3908726355255,1628.9613210581952,0.0006647208635666,0.0006135114907823,False,,5,1.0,True,True,True,True,False,False,True,False,retained,RG-030,2,0,1,0,0,True,representative,55,main
French_vs_LMU,French,LMU,FT-237,26,24,6.205694346597393,6.507985016717614,-0.3022906701202208,-0.2820342674767904,500.7688234695132,615.9606338451762,-0.29815560466672564,13.0,6.775771545178461e-09,0.02083333333333333,0.9791666666666666,-0.9583333333333334,-0.9583333333333334,1.0,1.0,0.0,2.3836196328574227e-08,7.622763046134259,French < LMU,True,609.1017674296276,114.90064339075607,18.863948445861485,0.1796276006072225,1.0,603.5486996706461,102.72488537514356,17.020148569817163,0.1774534405041711,1.0,501.0586529378664,77.21240287965394,15.409853203199471,0.1478221890409231,1.0,646.2470818658154,100.03377165030804,15.47918349766394,0.157374583571195,1.0,15.47918349766394,17.020148569817163,0.157374583571195,1.0,1.0,1.2186656000756346,1.1414015944065097,1034.9881000850553,1035.0498298584166,1034.933521063501,0.0298679283561603,1455.4754033806444,1468.5007572174063,1457.4421390509146,1453.3524117623429,1442.3543914159118,0.996514613389124,1.0,1.0,1.0,0.0,0.0,554.1358398453309,583.8704303291541,0.0018013609070504,0.0017097804028786,False,,5,1.0,True,True,True,True,False,False,True,False,retained,RG-014,17,2,3,0,0,False,member,56,main
French_vs_LMU,French,LMU,FT-054,26,24,7.810658923746794,7.687338652199438,0.12332027154735581,0.13991824823389987,2475.930566148513,2053.0957660425192,0.27004998266771385,609.0,8.534202336789312e-09,0.9759615384615384,0.9759615384615384,0.9519230769230769,0.9519230769230769,1.0,1.0,0.0,2.9495401058727973e-08,7.530245694208911,French > LMU,True,2506.0327709799835,449.2753653337592,17.92775300213134,0.1790437877804055,1.0,2565.7053659742064,370.65888177097634,14.446665883252578,0.1474398795455558,1.0,2490.7964301416414,253.9603708573037,10.195950491339914,0.1007813787833394,1.0,2109.5967585999774,351.5692028680602,16.665232416330465,0.1727651957595829,1.0,14.446665883252578,16.665232416330465,0.1474398795455558,1.0,1.0,1.2409612811018382,1.2143511533803495,1106.2349666883931,1106.2984588554452,1106.1774103781204,0.0320626708743715,1180.403233758563,1196.6204858595336,1183.2722565479864,1177.6164536741317,1165.9355028214,1.351917574115685,1.0,1.0,1.0,0.0,0.0,2203.0198745656503,2390.9400985896914,0.00045371641678,0.00041807067016,False,,5,1.0,True,True,True,True,False,False,True,False,retained,RG-010,25,0,10,0,0,False,member,57,main
French_vs_LMU,French,LMU,FT-207,26,24,6.6776454155079,6.993170522528834,-0.3155251070209335,-0.2773271286499295,788.489022313251,1005.1139383529018,-0.3498025828482632,17.0,1.0733193211531746e-08,0.027243589743589744,0.9727564102564102,-0.9455128205128205,-0.9455128205128205,1.0,1.0,0.0,3.645584590813369e-08,7.43823282010118,French < LMU,True,992.11350626866,173.69623932146172,17.507698284920387,0.1769609260361332,1.0,1012.604362845107,162.12225493419857,16.01042429628536,0.1638385337646102,1.0,818.3109865921647,118.99974711036812,14.54211773520719,0.1383840957575858,1.0,1051.39412655592,148.17942650847803,14.09361368546668,0.1436825619974122,1.0,14.54211773520719,16.01042429628536,0.1436825619974122,1.0,1.0,1.2039304456003257,1.231610319137547,1034.6551417461487,1034.7125304192216,1034.5975891814644,0.0303605748289172,1455.50905041845,1469.479553565551,1457.2048275403458,1453.303311263696,1442.954649764501,1.045363518081707,1.0,1.0,1.0,0.0,0.0,901.5359142400708,961.4259587173171,0.0011079891494866,0.0010390409682348,False,,5,1.0,True,True,True,True,False,False,True,False,retained,RG-014,17,2,2,0,0,False,member,58,main
French_vs_LMU,French,LMU,FT-178,26,24,7.407155631172021,7.224649420505564,0.18250621066645678,0.21554477234620606,1644.8980492059889,1352.4163418541393,0.2822692609881436,604.0,1.5096693310691736e-08,0.967948717948718,0.967948717948718,0.9358974358974359,0.9358974358974359,1.0,1.0,0.0,5.04076030882419e-08,7.297503953033958,French > LMU,True,1510.7574407189436,367.83106939405207,24.347460385103748,0.2582807507030983,1.0,1450.6667791604805,309.56596846474355,21.33956418605611,0.2594716549765548,1.0,1679.1258688084863,229.1803249530222,13.648787694257212,0.1363614110155887,1.0,1261.1295235666462,373.7460369107488,29.63581693446872,0.4241204834792494,1.0,21.33956418605611,29.63581693446872,0.2594716549765548,1.0,1.0,1.140953965733428,0.9954102721795792,1455.998949997305,1456.082154844198,1455.926444513204,0.041233206473815,1013.726434598975,1028.9705747968685,1016.3456457697848,1011.168015919862,1000.145713291808,1.295076577039198,1.0,1.0,1.0,0.0,0.0,1360.8780803096256,1463.4764966972964,0.0007342801198273,0.0006828378620313,False,,5,1.0,True,True,True,True,False,False,True,True,retained,RG-020,2,0,1,0,0,True,representative,59,main
French_vs_LMU,French,LMU,FT-112,26,24,6.5669510391421575,6.429960772480023,0.1369902666621341,0.14106825081638696,711.2896838240681,576.6263693015593,0.3023274913156117,602.0,1.891704491431001e-08,0.9647435897435898,0.9647435897435898,0.9294871794871795,0.9294871794871795,1.0,1.0,0.0,6.211096413531786e-08,7.2068317292410295,French > LMU,True,706.7006657248851,171.90408718321763,24.324879757526507,0.2549712035794169,1.0,743.6891791221483,132.65433355194074,17.837335445505083,0.1840981492445497,1.0,713.3423548265934,93.39326986140809,13.092348888229283,0.1294759055844609,1.0,580.1499596314684,134.84158154061424,23.242539157680945,0.329669483385741,1.0,17.837335445505083,23.242539157680945,0.1840981492445497,1.0,1.0,1.363705909542462,1.384974290212564,1295.833757739158,1295.9055910747572,1295.7695076366322,0.0377600808592019,1284.7258569724574,1295.3360296396097,1286.8981919328824,1282.3580923089296,1272.7005949753996,1.0657237935960988,1.0,1.0,1.0,0.0,0.0,618.9770275743064,679.8785824330075,0.0016129629897942,0.0014686906385374,False,,5,1.0,True,True,True,True,False,False,True,False,retained,RG-016,8,2,0,0,0,False,member,60,main
French_vs_LMU,French,LMU,FT-193,26,24,7.358978400863492,7.21784091811441,0.1411374827490821,0.14420431652115617,1579.823224146155,1251.6131954829482,0.3357350650625442,601.0,2.11641077996181e-08,0.9631410256410257,0.9631410256410257,0.9262820512820513,0.9262820512820513,1.0,1.0,0.0,6.83496596151601e-08,7.165263643899755,French > LMU,True,1677.0055658266408,279.717496652214,16.6795806974161,0.1767495540143026,1.0,1875.6918015895387,299.1210446702725,15.947238475787172,0.1614000558789477,1.0,1579.1620944470108,197.29499658343133,12.493650732702006,0.1256376844008179,1.0,1328.449181942947,222.44032102618448,16.74436057093659,0.1683914217309579,1.0,15.947238475787172,16.74436057093659,0.1614000558789477,1.0,1.0,1.0459228237378433,1.0951021860046144,1068.7043278235449,1068.7687486413256,1068.6522719222885,0.0303495491247058,1173.5611587867572,1188.1107673645054,1175.798036250536,1171.238443259308,1163.5870780944826,1.073615958423335,1.0,1.0,1.0,0.0,0.0,1463.187158065923,1597.994580114639,0.0006829727979044,0.0006253929890921,False,,5,1.0,True,True,True,True,False,False,True,False,retained,RG-010,25,1,12,0,0,False,member,61,main
French_vs_LMU,French,LMU,FT-204,26,24,6.584391945208617,6.9016292974904765,-0.31723735228185923,-0.2710322804941212,724.8038375575505,920.0694641794155,-0.34373027914070287,25.0,2.6461552018018308e-08,0.04006410256410256,0.9599358974358975,-0.9198717948717948,-0.9198717948717948,1.0,1.0,0.0,8.407944754112269e-08,7.075310150579126,French < LMU,True,893.1037674126444,166.08542129775472,18.59643048857699,0.1955083336141021,1.0,907.303934883018,149.96438064919698,16.528571615699253,0.1612404226404102,1.0,749.1496770881816,132.98027338281872,17.750828365793417,0.1700127831194288,1.0,958.6451829542444,164.37144081247556,17.14622299628463,0.1696418839343308,1.0,17.14622299628463,17.750828365793417,0.1696418839343308,1.0,1.0,1.0845788307201298,1.1524767886318945,1033.9838278235356,1034.042914112964,1033.928607670589,0.0297239387994302,1455.7532616121457,1468.3237969120837,1457.4093418500188,1453.3497847415665,1443.3293499524104,0.98773463920309,1.0,1.0,1.0,0.0,0.0,813.5810174519474,872.1502861132224,0.0012276249735453,0.0011452782137327,False,,5,1.0,True,True,True,True,False,False,True,False,retained,RG-014,17,2,3,0,0,False,member,62,main
French_vs_LMU,French,LMU,FT-242,26,24,4.362983531943007,4.855772749308494,-0.49278921736548753,-0.4980137570984171,71.36752922611296,116.38788488217145,-0.6978691005125863,28.0,3.6892981346154065e-08,0.04487179487179486,0.9551282051282052,-0.9102564102564102,-0.9102564102564102,1.0,1.0,0.0,1.1536376706654525e-07,6.937930571023553,French < LMU,True,94.1782475702834,21.713597261892215,23.05585187884048,0.254664784893064,1.0,66.41583704481312,23.052806813847926,34.7098039256712,0.3865645976661263,1.0,74.1644410706666,20.72114526249264,27.93946123419008,0.246997825237473,1.0,118.07059894448072,27.47207855016358,23.267501643725485,0.2288033313613907,1.0,27.93946123419008,34.7098039256712,0.246997825237473,1.0,1.0,0.8252074614318822,1.0310405957956097,1083.0169631809986,1083.0848216619854,1082.950362254375,0.0368602131796223,1422.690822712629,1429.628389935163,1425.145367036958,1420.289303760063,1413.690671698993,1.3914501278972984,1.0,1.0,1.0,0.0,0.0,89.71860351470247,85.96631190637703,0.0110230973720614,0.0114987053961371,False,,5,1.0,True,True,True,True,False,False,True,False,retained,RG-007,14,3,1,0,0,False,member,63,main
French_vs_LMU,French,LMU,FT-248,26,24,6.7713388752778245,6.595912349253207,0.1754265260246175,0.192523536499011,863.6881070564339,696.3509974839359,0.31029485637442883,593.0,5.1267169752422467e-08,0.9503205128205129,0.9503205128205129,0.9006410256410255,0.9006410256410257,1.0,1.0,0.0,1.55378960634265e-07,6.8086077879742195,French > LMU,True,896.0815846025539,143.50178612325217,16.014366168109643,0.1679164542750106,1.0,984.2078416156464,141.69105553721553,14.396456677750066,0.1470664258116758,1.0,888.1955762194525,115.93824676920455,13.053233980593358,0.1233250214594689,1.0,705.144738578054,123.5364834922428,17.519308694177866,0.1795884419064268,1.0,14.396456677750066,17.519308694177866,0.1470664258116758,1.0,1.0,1.1123824790068015,1.1417728645288088,925.1361960129163,925.1837228035912,925.0919226799238,0.0243451612151024,1057.851741314575,1064.927979546626,1060.4905075149256,1055.485902411153,1046.1234902046797,1.3621188340795582,1.0,1.0,1.0,1.6673323080806213,0.3333333333333333,782.34377599326,860.7653152956663,0.0034050596811068,0.0030951957113352,False,0.3354101966249684,5,1.0,True,True,True,True,False,False,True,False,retained,RG-024,9,0,8,0,0,False,member,64,main
French_vs_LMU,French,LMU,FT-055,26,24,7.777042286349397,7.673545726978986,0.10349655937041113,0.11357737132829371,2419.027131624,2041.3568754717558,0.24478824150336936,593.0,5.1267169752422467e-08,0.9503205128205128,0.9503205128205128,0.9006410256410255,0.9006410256410257,1.0,1.0,0.0,1.55378960634265e-07,6.8086077879742195,French > LMU,True,2387.60825200239,387.1295839086941,16.21411651530456,0.1644998628509233,1.0,2456.03514673785,392.3427347793351,15.974638445237714,0.1632507199913953,1.0,2409.999131777913,261.48962812644004,10.850195947312768,0.1063079360206844,1.0,2086.2547096795543,340.3801422531515,16.315368429075154,0.1683459442656976,1.0,15.974638445237714,16.315368429075154,0.1632507199913953,1.0,1.0,1.014991141795653,1.0076516836164269,1105.7327676680493,1105.7968689408365,1105.676441948791,0.0323388959277148,1180.3586166880116,1197.1622159404142,1183.040199087054,1177.5454495086724,1165.815387848887,1.3546287736842515,1.0,1.0,1.0,0.0,0.0,2115.397088771124,2319.184162529318,0.0004725011224527,0.0004310002697845,False,,5,1.0,True,True,True,True,False,False,True,False,retained,RG-010,25,0,10,0,0,False,member,65,main
French_vs_LMU,French,LMU,FT-194,26,24,7.3426994622465305,7.205925056887104,0.13677440535942686,0.12982699218563365,1513.0115094815735,1326.8778375877894,0.18925374530281192,592.0,5.716799010610016e-08,0.9487179487179487,0.9487179487179487,0.8974358974358974,0.8974358974358975,1.0,1.0,0.0,1.706377886500262e-07,6.767924785684003,French > LMU,True,1527.349871842017,283.7838879785878,18.58014939539284,0.1864907149505886,1.0,1582.1479570135243,264.1599388799202,16.69628543328847,0.1701576712575769,1.0,1558.234431389374,163.01152399190025,10.461296497379648,0.1040300614727886,1.0,1326.7369244309623,217.489778915418,16.39283379474038,0.1685641951939143,1.0,16.39283379474038,16.69628543328847,0.1685641951939143,1.0,1.0,1.1334312070774644,1.1063483246608317,1106.736189796707,1106.8013071714472,1106.6793317132142,0.0322864849836996,1180.3607794138811,1194.835010057088,1183.154158165373,1177.6877652976746,1167.7071170592574,1.3268503508308518,1.0,1.0,1.0,0.0,0.0,1353.6654370993724,1490.218355578404,0.000738189646398,0.0006705926038659,False,,5,1.0,True,True,True,True,False,False,True,False,retained,RG-010,25,0,9,0,0,False,member,66,main
French_vs_LMU,French,LMU,FT-022,26,24,7.795167309718224,7.582437664559425,0.21272964515879877,0.16762352439505612,2442.4426795303716,1876.4680705808714,0.3801268883910771,591.0,6.372464291400319e-08,0.9471153846153847,0.9471153846153847,0.8942307692307692,0.8942307692307693,1.0,1.0,0.0,1.8461403903027396e-07,6.733735275999454,French > LMU,True,2145.1829461861403,642.836014158607,29.96648911933068,0.3963213273784072,1.0,2151.957752055407,406.97914964731353,18.91204180279999,0.2174993683250549,1.0,2408.1907841939847,444.142112575329,18.4429786664092,0.2534464585786758,1.0,1868.178556246246,515.3938316659433,27.58803915946506,0.3823824269958165,1.0,18.91204180279999,27.58803915946506,0.2534464585786758,1.0,1.0,1.5845189764171332,1.563728014196654,1454.994982263801,1455.078441648726,1454.920198358498,0.0427925433009234,1013.8599853437128,1031.0396689111074,1016.4947372485714,1011.0331473889784,999.7792065798594,1.343328762546636,1.0,1.0,1.0,0.0,0.0,1931.4354881676727,2142.89192603724,0.0005174816991941,0.0004664414226552,False,,5,1.0,True,True,True,True,False,False,True,False,retained,RG-020,2,0,1,0,0,False,member,67,main
French_vs_LMU,French,LMU,FT-102,26,24,6.406922528061001,6.240582067249827,0.16634046081117404,0.15937148317654426,591.8381690442554,497.6909412303082,0.2494923399623951,591.0,6.372464291400319e-08,0.9471153846153846,0.9471153846153846,0.8942307692307692,0.8942307692307693,1.0,1.0,0.0,1.8461403903027396e-07,6.733735275999454,French > LMU,True,595.2975324589725,105.1812729031908,17.66868954902645,0.1721669875367504,1.0,616.1015013748932,125.68594800544533,20.40020154551877,0.2120311120795627,1.0,607.4260162741509,73.3245843992448,12.071360533584892,0.1171539362602065,1.0,503.6426854460259,91.6148124211813,18.19043839384806,0.1728215092319016,1.0,18.19043839384806,20.40020154551877,0.1728215092319016,1.0,1.0,0.9713174122841336,0.9962127301279792,1295.3371125063638,1295.4121806158155,1295.2703518474862,0.0390429682024521,1284.5115125888428,1294.5797058843823,1286.76247199753,1282.1484267015423,1273.3225453284513,1.1385088817335398,1.0,1.0,1.0,0.0,0.0,526.3788486510487,576.2345162259078,0.0018961700920653,0.0017323981360959,False,,5,1.0,True,True,True,True,False,False,True,True,retained,RG-016,8,1,0,0,0,True,representative,68,main
French_vs_LMU,French,LMU,FT-080,26,24,9.990675663833189,9.911138374932282,0.07953728890090694,0.08443963316593361,21665.64065200599,19119.721829040063,0.18033849747996994,584.0,1.3487659595508877e-07,0.9358974358974359,0.9358974358974359,0.8717948717948718,0.8717948717948718,1.0,1.0,0.0,3.8508245511815195e-07,6.414446267975426,French > LMU,True,22748.44054958383,3143.6375782958357,13.819134421297052,0.1394882353084271,1.0,23565.27406575403,3078.4012590335115,13.063294958691625,0.1323163268286418,1.0,22038.1341772768,1826.1000996285063,8.286092120772057,0.0819045670121261,1.0,19634.724123017422,2751.192249955203,14.011871176382009,0.1396880122695727,1.0,13.063294958691625,14.011871176382009,0.1323163268286418,1.0,1.0,1.057859786906406,1.0542027477007685,1077.2019763854523,1077.2646319544158,1077.148303148349,0.0310974533514366,1212.614388815364,1250.3539242951745,1214.840334866664,1209.9427795653692,1195.7557470902184,1.2170096262148369,1.0,1.0,1.0,0.0,0.0,20513.1226447632,21769.072349152008,4.874690559848428e-05,4.593461996643076e-05,False,,5,1.0,True,True,True,True,False,False,True,False,retained,RG-010,25,2,7,0,0,False,member,69,main
French_vs_LMU,French,LMU,FT-198,26,24,7.075301783802727,7.193123738541845,-0.11782195473911816,-0.1391023525542252,1150.1221302265876,1253.8672199350376,-0.12449381100878422,42.0,1.6654949523182478e-07,0.06730769230769229,0.9326923076923077,-0.8653846153846154,-0.8653846153846154,1.0,1.0,0.0,4.6871786515242116e-07,6.329088493057022,French < LMU,True,1321.6799192517187,334.87427957969913,25.33701804059271,0.29375520005933,1.0,1411.7931053390105,230.31986201850404,16.313995382715646,0.1637700795118504,1.0,1168.5421554421146,170.9220043120999,14.626943796258,0.1625630716157749,1.0,1272.5411853686894,205.5106825554627,16.14962917651429,0.1664987519063165,1.0,16.14962917651429,16.313995382715646,0.1637700795118504,1.0,1.0,1.568891629873412,1.7937049364262772,1398.406658551712,1398.487095265835,1398.3355869959996,0.0399371078113669,1341.7948458373571,1355.4510447743162,1343.7796393323767,1339.4045540846112,1328.786968608478,1.124417950389659,1.0,1.0,1.0,0.0,0.0,1210.7867643846014,1285.9060848763825,0.0008252276963165,0.0007770574805356,False,,5,1.0,True,True,True,True,False,False,True,False,retained,RG-013,2,0,1,0,0,False,member,70,main
French_vs_LMU,French,LMU,FT-145,26,24,6.585208837845547,7.182893156214966,-0.5976843183694189,-0.629370154368357,698.6239076399625,1289.6959780910395,-0.8834977203745599,45.0,2.2790953562021972e-07,0.07211538461538464,0.9278846153846154,-0.8557692307692308,-0.8557692307692307,1.0,1.0,0.0,6.323687115096237e-07,6.199029626334512,French < LMU,True,1085.0013862206083,173.3565501749655,15.977541814837616,0.1556454618677374,0.9090909090909092,860.100180918337,165.60026338976036,19.25360173892156,0.19499243586553,0.9629629629629628,679.7249247934143,196.23195167673936,28.86931823728242,0.71295336553404,1.0,1138.012470849773,491.3327394622425,43.174635783679605,1.0975387745376597,1.0,28.86931823728242,43.174635783679605,0.71295336553404,1.0,0.9629629629629628,0.5534436831349864,0.2183108592960363,1632.0422244647154,1632.143549164095,1631.944909954586,0.0498037752269419,1455.2449080604651,1465.325859832764,1457.0759410058563,1452.9375087822204,1445.226665496828,1.1451980467965952,0.9629629629629628,1.0,1.0,0.0,0.0,1057.5379063408889,881.3136327924005,0.0009446992819149,0.0011333838250182,False,,5,1.0,True,True,True,True,False,False,True,True,retained,RG-001,2,0,1,0,0,True,representative,71,main
French_vs_LMU,French,LMU,FT-077,26,24,9.538054638939435,9.449063044979134,0.08899159396030143,0.08430751720028518,13919.617303193118,12186.953693498064,0.19176726441433595,578.0,2.5284329235635784e-07,0.9262820512820513,0.9262820512820513,0.8525641025641026,0.8525641025641025,1.0,1.0,0.0,6.823305286877054e-07,6.166005197173849,French > LMU,True,14320.498383773249,2152.5748794137708,15.031424338226124,0.1488571379861029,1.0,14994.437712840809,2019.4863345047688,13.468236509964882,0.1366669718645131,1.0,14034.840844937466,1398.3174407231106,9.963187015601251,0.0992126246335763,1.0,12487.949131367654,1749.6939888766426,14.011059546052298,0.1406704930404792,1.0,13.468236509964882,14.011059546052298,0.1366669718645131,1.0,1.0,1.1160647741153542,1.0891961382862472,1077.705946239623,1077.768563445372,1077.6520562041094,0.0312999075267044,1212.451251396288,1244.5920870381033,1214.768238466988,1209.9249993158323,1196.2741310365736,1.2097870013554028,1.0,1.0,1.0,0.0,0.0,12873.88021655882,13853.700729501708,7.767062552658674e-05,7.217766875834679e-05,False,,5,1.0,True,True,True,True,False,False,True,False,retained,RG-010,25,2,7,0,0,False,member,72,main
French_vs_LMU,French,LMU,FT-217,26,24,4.400536191765511,4.853151089910124,-0.4526148981446134,-0.5250483737104537,78.72033438648602,116.33833748543562,-0.5576547896858252,46.0,2.5284329235635784e-07,0.0737179487179487,0.9262820512820513,-0.8525641025641025,-0.8525641025641025,1.0,1.0,0.0,6.823305286877054e-07,6.166005197173849,French < LMU,True,113.99744515007,25.211088899547768,22.115485892125964,0.232141856461769,1.0,109.45642950639582,32.71733236158546,29.890735984288348,0.3073831835780404,1.0,112.3975742635556,178.924854739174,159.18924933346145,0.5770913220586236,1.0,163.51959818131456,204.238495617062,124.90153956383706,0.5285792074738542,1.0,124.90153956383706,159.18924933346145,0.5285792074738542,1.0,1.0,0.1770633570198929,0.4391808326536411,1089.0287993120237,1089.0950065180127,1088.970820326633,0.030458456101534,1473.4388815633502,1483.5051296283675,1476.2821695524506,1470.872925663907,1466.9955052957894,1.2981758393010991,1.0,1.0,1.0,0.0,0.0,115.9467520052329,128.2173427878394,0.0085509001562972,0.0077388992717633,False,,5,1.0,True,True,True,True,False,False,True,True,retained,RG-007,14,1,5,0,0,False,member,73,main
French_vs_LMU,French,LMU,FT-200,26,24,4.832185268050821,4.486798622576336,0.34538664547448494,0.3957812227872939,131.08053789122306,84.86900317184157,0.621208551518614,576.0,3.1085176090105304e-07,0.9230769230769231,0.9230769230769231,0.8461538461538463,0.8461538461538461,1.0,1.0,0.0,8.275377959122629e-07,6.0822121616836275,French > LMU,True,128.16086591180053,38.03150326503204,29.67481765549639,0.2863542322785414,1.0,112.08920837006772,35.737109706901926,31.882738959948934,0.3057154888534732,1.0,132.16427975693648,30.00481258543737,22.702664169637416,0.2281400024537738,1.0,84.36630293131853,23.53272136508822,27.893507890521047,0.3063415606593952,1.0,27.893507890521047,31.882738959948934,0.3057154888534732,1.0,1.0,1.0638610881057624,0.9366690361435646,1039.6606356714726,1039.7152117448236,1039.609987920612,0.0285971293977563,1386.5689310879638,1396.528175354006,1389.322205274966,1383.8648933908498,1377.2603266789347,1.358794537316638,1.0,1.0,1.0,0.0,0.0,118.20702815776716,109.5721996947653,0.0083887671344052,0.0090438645768149,False,,5,1.0,True,True,True,True,False,False,True,True,retained,RG-014,17,1,4,0,0,False,member,74,main
French_vs_LMU,French,LMU,FT-241,26,24,4.000520376969982,4.655530664133307,-0.655010287163325,-0.5734849880506063,53.369667271635564,109.59248538605416,-1.0243794553186683,49.0,3.4448185494140616e-07,0.07852564102564104,0.9214743589743589,-0.842948717948718,-0.842948717948718,1.0,1.0,0.0,9.048390056460936e-07,6.043428686186343,French < LMU,True,86.63348226445486,25.287632643751145,29.189214126887855,0.3084010797820391,1.0,86.44656523626352,23.88664065657076,27.63168275256185,0.2876345174351453,1.0,74.4061458059146,84.76771056014178,113.92568401709032,0.4926808426024553,1.0,110.25376969547044,33.29881741730168,30.201976321785292,0.2857848092339796,1.0,30.201976321785292,113.92568401709032,0.2876345174351453,1.0,1.0,0.9664670224190954,1.0721977408416437,1083.3479141235127,1083.4274300384948,1083.284999164605,0.0411502899069144,1473.3785589320328,1482.4898161206963,1474.8711895611846,1471.0252971599662,1467.2716426849436,1.1772538924513325,1.0,1.0,1.0,0.0,0.0,75.5960270019099,90.31917803057122,0.0130555074348055,0.0109506022893156,False,,5,1.0,True,True,True,True,False,False,True,False,retained,RG-007,14,2,6,0,0,False,member,75,main
French_vs_LMU,French,LMU,FT-076,26,24,10.007995990003085,9.950002198681577,0.057993791321507615,0.07739181562893904,22374.53583424506,19608.712735142915,0.19035382999347913,571.0,5.176461711165655e-07,0.9150641025641025,0.9150641025641025,0.8301282051282051,0.8301282051282052,1.0,1.0,0.0,1.3243674767527715e-06,5.877991493006225,French > LMU,True,23152.514526849813,3135.561951005438,13.543073031523846,0.1371897518699396,1.0,24068.69687168032,3404.7506715331688,14.145970135754473,0.1403371789832725,1.0,22539.69817974451,2140.6167695095387,9.497095979010144,0.093044737113377,1.0,20273.604282270328,2976.373678783881,14.681028776845464,0.1430870654367492,1.0,14.145970135754473,14.681028776845464,0.1403371789832725,1.0,1.0,0.9573802928717642,0.9775723928887862,1076.70024884105,1076.7625959678255,1076.6463274354337,0.0309426276442148,1212.7298144435597,1251.1490926434903,1215.2321951852618,1209.9909453942582,1194.3964262931574,1.275060245925924,1.0,1.0,1.0,0.0,0.0,20958.55093644241,22316.46429807284,4.771094586102501e-05,4.480795786850893e-05,False,,5,1.0,True,True,True,True,False,False,True,True,retained,RG-010,25,1,7,0,0,True,representative,76,main
French_vs_LMU,French,LMU,FT-058,26,24,8.819862868447137,8.74467736172349,0.07518550672364732,0.08205782802264316,6807.535375246613,5974.47238348274,0.18829171680597165,571.0,5.176461711165655e-07,0.9150641025641024,0.9150641025641024,0.8301282051282051,0.8301282051282052,1.0,1.0,0.0,1.3243674767527715e-06,5.877991493006225,French > LMU,True,7088.137237817102,1110.5283317779529,15.66742141860612,0.1595523812642522,1.0,7379.501683982271,1059.931039180427,14.363179040680784,0.1463733866992633,1.0,6821.428970727191,641.9514915191722,9.410806654646406,0.0941603808163477,1.0,6094.607934818468,905.7391878528504,14.861319998590334,0.1509973666252457,1.0,14.363179040680784,14.861319998590334,0.1463733866992633,1.0,1.0,1.090804575660537,1.090036822008268,1078.208562682587,1078.2724700812462,1078.1553836436535,0.0307902558921655,1212.3710107648494,1237.6268490501072,1214.7245810620668,1210.068312567409,1196.383045030678,1.193813684743503,1.0,1.0,1.0,0.0,0.0,6336.19264884365,6772.955759641879,0.0001577985798147,0.0001476242295466,False,,5,1.0,True,True,True,True,False,False,True,False,retained,RG-010,25,0,7,0,0,False,member,77,main
French_vs_LMU,French,LMU,FT-245,26,24,4.224640801318419,4.82628645786391,-0.6016456565454913,-0.5369677579161154,69.58064160533317,107.9443321317776,-0.6262466917298259,57.0,7.733295495941677e-07,0.09134615384615385,0.9086538461538461,-0.8173076923076923,-0.8173076923076923,1.0,1.0,0.0,1.9531528367955264e-06,5.709263771264194,French < LMU,True,102.27264637167885,23.94401701317341,23.41194626582377,0.2375632912336369,1.0,98.14780253491524,28.04250125982913,28.57170566794224,0.2995754866079673,1.0,72.38617095643076,25.493013967975468,35.21807222448569,0.3624332430992935,1.0,121.74430209413164,37.588003177106906,30.87454815589168,0.3152967411805737,1.0,30.87454815589168,35.21807222448569,0.3152967411805737,1.0,1.0,0.7582927577631983,0.753459393028049,1083.02130840629,1083.085385012217,1082.9524375265098,0.0367501395346961,1473.1330249701502,1482.318571374777,1476.1689162150667,1469.9701177376287,1466.9295087773758,1.491661240294952,1.0,1.0,1.0,0.0,0.0,88.51679395190241,97.43522743996624,0.011171088193097,0.010158964691882,False,,5,1.0,True,True,True,True,False,False,True,True,retained,RG-007,14,3,6,0,0,False,member,78,main
French_vs_LMU,French,LMU,FT-205,26,24,5.898649260924432,5.6899199458406065,0.20872931508382564,0.3085658009876795,363.5444992970322,268.0778560168389,0.43807126442274225,565.0,9.431493085827788e-07,0.905448717948718,0.905448717948718,0.8108974358974359,0.8108974358974359,1.0,1.0,0.0,2.322505172385093e-06,5.634043310128377,French > LMU,True,338.5718169113185,91.74739889349743,27.09835677714684,0.2903258099455163,1.0,316.3446276251264,74.65964112560529,23.60072990209848,0.2537392712173635,1.0,363.4794030599575,73.06051471151733,20.10031767865143,0.2273848032591384,1.0,256.30104367463497,85.07108822344587,33.19186180585382,0.4756263044059418,1.0,23.60072990209848,33.19186180585382,0.2537392712173635,1.0,1.0,1.148199945067689,1.144189500319055,1559.5079808864853,1559.593122537758,1559.4291321157314,0.0434378052259568,1385.8104858293589,1396.1924584706642,1388.2480646536085,1383.251170625242,1375.8304738998434,1.2375875733611723,1.0,1.0,1.0,0.0,0.0,305.2181539913414,312.0961589997192,0.0032656457070415,0.0031939069555972,False,,5,1.0,True,True,True,True,False,False,True,False,retained,RG-028,1,0,0,0,0,True,singleton,79,main
French_vs_LMU,French,LMU,FT-226,26,24,6.550699649039252,6.4302867127530146,0.12041293628623784,0.15971824495528786,681.1762953325801,559.9281711541587,0.2823285837632098,565.0,9.431493085827788e-07,0.905448717948718,0.905448717948718,0.8108974358974359,0.8108974358974359,1.0,1.0,0.0,2.322505172385093e-06,5.634043310128377,French > LMU,True,677.9752612248142,127.4324140190756,18.79602712772428,0.1926672157291359,1.0,604.3154235139024,113.40610196606303,18.766044610717127,0.1952238374571496,1.0,709.9457105082,104.45714619909812,14.71339915897578,0.1411889095409282,1.0,587.9465842483919,99.82948354685098,16.979345780955445,0.1683228953996089,1.0,16.979345780955445,18.766044610717127,0.1683228953996089,1.0,1.0,1.1069936009434755,1.1446286927974476,815.1931200400654,815.2369274905478,815.1512909790769,0.0235253767613145,1257.978548513949,1271.0305211315415,1260.1923474812538,1255.2972656249676,1246.223995783555,1.3002026551407582,1.0,1.0,1.0,0.0,0.0,593.9021730506636,633.6926088423638,0.0016809486421473,0.0015755658504105,False,,5,1.0,True,True,True,True,False,False,True,False,retained,RG-029,3,1,0,0,0,False,member,80,main
French_vs_LMU,French,LMU,FT-250,26,24,6.849237276439988,6.716481263222612,0.13275601321737618,0.135721313796072,936.2197581548903,780.1060108882389,0.2628690062255009,562.0,1.2668277783391834e-06,0.9006410256410255,0.9006410256410255,0.8012820512820513,0.8012820512820513,1.0,1.0,0.0,3.0810502757138164e-06,5.511301214929753,French > LMU,True,1008.4530305560404,200.02150234156176,19.83448869515261,0.2073299272840449,1.0,1146.694247411121,184.6445050150273,16.102331151647196,0.1630808886871533,1.0,947.3096902869554,129.42615238703775,13.662496405777553,0.1353439157265994,1.0,803.9137460068445,142.01323909802102,17.665233341688864,0.1873302168047032,1.0,16.102331151647196,17.665233341688864,0.1630808886871533,1.0,1.0,1.2317774680173332,1.2713318461354282,1069.708344315076,1069.774287255223,1069.649218122904,0.030644853390045,1173.681223284433,1187.769702729723,1175.700209664516,1171.3635911074043,1163.6172158377544,1.1401411506553842,1.0,1.0,1.0,0.0,0.0,876.8528885709525,968.2601775156844,0.0011391430307051,0.0010317147275802,False,,5,1.0,True,True,True,True,False,False,True,False,retained,RG-010,25,1,12,0,0,False,member,81,main
French_vs_LMU,French,LMU,FT-083,26,24,8.072763685547997,8.155858472786598,-0.08309478723860053,-0.09146000446536462,3212.11814468312,3398.6823758076916,-0.08142593618133814,63.0,1.396733860468696e-06,0.10096153846153845,0.8990384615384616,-0.7980769230769231,-0.7980769230769231,1.0,1.0,0.0,3.355567933077233e-06,5.4742339645181,French < LMU,True,3414.581546314976,410.5896700208592,12.02459699531758,0.1168793008386792,1.0,3385.404320157776,501.8025239471976,14.822528610816304,0.1811000156974457,1.0,3214.0403074863275,261.340158546479,8.131203517819939,0.0826374554377007,1.0,3361.512217781886,374.31564402317696,11.13533492584392,0.1137585643561965,1.0,11.13533492584392,14.822528610816304,0.1137585643561965,1.0,1.0,1.0798594811378128,1.0274329805421174,1224.8042649657891,1224.876041896912,1224.7402364071952,0.0346338316722824,1299.2791674223463,1319.7385787963844,1301.3711060851224,1296.826881389742,1284.575736753402,1.191957931979993,1.0,1.0,1.0,0.0,0.0,3183.904454987846,3321.1428139396644,0.0003139811614863,0.0003010105392832,False,,5,1.0,True,True,True,True,False,False,True,False,retained,RG-009,24,0,9,0,0,False,member,82,main
French_vs_LMU,French,LMU,FT-110,26,24,7.9410984334996995,8.052948325601943,-0.11184989210224305,-0.06584988001633363,2735.1335760220627,3004.659585132408,-0.13554295856162737,64.0,1.5394006354359023e-06,0.10256410256410256,0.8974358974358975,-0.7948717948717949,-0.7948717948717948,1.0,1.0,0.0,3.6537581347093105e-06,5.437260204722312,French < LMU,True,3057.572263320515,912.4749291047112,29.843119001667223,0.4677711304322494,1.0,3226.9030056594324,793.9168322069155,24.603058437595493,0.653333578222849,1.0,2825.3568334846327,355.54610274710154,12.58411321831485,0.120158017576864,1.0,2853.947249405985,850.404097986457,29.797470789393824,0.5732015101014872,1.0,24.603058437595493,29.797470789393824,0.5732015101014872,1.0,1.0,1.2129841124168728,0.8160675123647686,1397.397689304656,1397.4807202889865,1397.32751164411,0.0396415334606327,1341.878177208506,1358.4040985107413,1343.935126354734,1339.536640575101,1327.251101175941,1.0627275704614252,1.0,1.0,1.0,0.0,0.0,2824.110301241298,2972.0036368096294,0.0003539684802963,0.0003363601670777,False,,5,1.0,True,True,True,True,False,False,True,True,retained,RG-013,2,0,1,0,0,True,representative,83,main
French_vs_LMU,French,LMU,FT-015,26,24,7.311098293612716,7.5628737463439,-0.2517754527311844,-0.26802455916897827,1483.0809217433518,1856.4307131037021,-0.3237386363487134,71.0,3.010194139429464e-06,0.1137820512820513,0.8862179487179487,-0.7724358974358975,-0.7724358974358975,1.0,1.0,0.0,7.059621969852433e-06,5.1512185540193975,French < LMU,True,1948.2048682113164,335.9240659414338,17.242748512883658,0.1793591036019114,0.9090909090909092,2066.3966469167967,570.9602390147946,27.63071842314039,0.8069407118605975,1.0,1411.6876752169676,378.9761476769072,26.845608581137533,0.4839804421678657,1.0,1632.9332523941323,670.5500900217854,41.06414570458746,1.034697073242102,1.0,27.63071842314039,41.06414570458746,0.8069407118605975,1.0,1.0,0.6240427139398252,0.2222704852607517,1685.172273985871,1685.2705514689096,1685.0893153104369,0.0491659417086484,962.883033571473,978.8590223892908,965.5223748060172,960.160472210801,950.0644366637516,1.3022834918697654,1.0,1.0,1.0,0.0,0.0,1659.047450135412,1708.2639694258492,0.0006023924195169,0.0005850471418618,False,,5,1.0,True,True,True,True,False,False,True,True,retained,RG-002,1,0,0,0,0,True,singleton,84,main
French_vs_LMU,French,LMU,FT-060,26,24,5.876960104085251,6.036112204878306,-0.15915210079305453,-0.15879351194670388,351.9357359892549,395.469251632177,-0.16780346586461334,73.0,3.6340106223388336e-06,0.11698717948717949,0.8830128205128205,-0.766025641025641,-0.7660256410256411,1.0,1.0,0.0,8.422354030597061e-06,5.074566507121026,French < LMU,True,400.7886016215288,69.83598077931343,17.424642441618307,0.1793481241270795,1.0,429.4710455346248,94.39164729852024,21.97858232352248,0.2548115972073745,1.0,356.3431608640206,54.006261886152025,15.155689183202997,0.153157362295362,1.0,398.0676644056148,83.15382079225036,20.889368373191942,0.2114450227667062,1.0,20.889368373191942,21.97858232352248,0.2114450227667062,1.0,1.0,0.8341392678957186,0.8482021557204483,1251.815294797806,1251.8928041654049,1251.7555207167077,0.038755507110193,1252.0156980757831,1259.4881563062756,1254.194200130937,1249.5033644892535,1243.0116841700158,1.2070818965472034,1.0,1.0,1.0,0.0,0.0,369.7445069546533,395.068350461334,0.0026972752967107,0.0025248167363921,False,,5,1.0,True,True,True,True,False,False,True,True,retained,RG-009,24,1,8,0,0,False,member,85,main
French_vs_LMU,French,LMU,FT-048,26,24,7.473545729443855,7.378711487698525,0.09483424174533006,0.09532256461258992,1745.121094104778,1463.8514711674397,0.25339922405418003,550.0,3.990666885898635e-06,0.8814102564102564,0.8814102564102564,0.7628205128205128,0.7628205128205128,1.0,1.0,0.0,9.141411354907337e-06,5.038986747775006,French > LMU,True,1832.6181706770917,369.3815235760249,20.15594571124168,0.2003412419465197,1.0,1727.0199550777254,285.4537140604505,16.528686493816657,0.1650532978064904,1.0,1773.7608517519925,221.0640380072473,12.463012575167406,0.1219667463940386,1.0,1572.313153716591,285.88733846997985,18.182595356033698,0.1771805420028009,1.0,16.528686493816657,18.182595356033698,0.1650532978064904,1.0,1.0,1.219452357498702,1.2137972679673514,995.6559728029966,995.70918172837,995.6074428817482,0.0273435726814712,1136.486651444235,1153.569062908047,1138.6681222264142,1133.988936628819,1126.1802677626015,1.1929094187675182,1.0,1.0,1.0,0.0,0.0,1621.3277249601028,1691.4868725225535,0.0006163982681271,0.0005908465325403,False,,5,1.0,True,True,True,True,False,False,True,False,retained,RG-017,8,0,5,0,0,False,member,86,main
French_vs_LMU,French,LMU,FT-099,26,24,8.398870087130852,8.476325955413014,-0.07745586828216133,-0.07211661743505893,4493.95489015654,4587.611468179142,-0.029751017089150275,76.0,4.807188330672468e-06,0.12179487179487179,0.8782051282051282,-0.7564102564102564,-0.7564102564102564,1.0,1.0,0.0,1.0885242541867543e-05,4.963161889689384,French < LMU,True,5102.800492770336,936.1994035567236,18.346776537376563,0.1784681153477766,1.0,5190.727239524641,737.7696715020783,14.21322364782246,0.1415244081967665,1.0,4511.777704396095,463.7669430354685,10.279029097191394,0.1028267046758555,1.0,4707.913349982537,733.405059130438,15.578134188326947,0.1570806421928748,1.0,14.21322364782246,15.578134188326947,0.1415244081967665,1.0,1.0,1.2908244457398224,1.2610412410249825,1296.3371434985418,1296.4131279821509,1296.2692935047885,0.0373652226579875,1325.9803275270754,1346.0861753380832,1328.1422415901347,1323.4768212611054,1305.3386232127343,1.1912823835485984,1.0,1.0,1.0,0.0,0.0,4622.3856251563175,4808.374720012781,0.0002162917137084,0.0002079272375759,False,,5,1.0,True,True,True,True,False,False,True,False,retained,RG-016,8,0,4,0,0,False,member,87,main
French_vs_LMU,French,LMU,FT-191,26,24,7.389154038518989,7.292626041384818,0.0965279971341717,0.09917110900914672,1612.9017045443934,1404.0052658398995,0.1999771757052811,547.0,5.273240697031071e-06,0.8766025641025641,0.8766025641025641,0.7532051282051282,0.7532051282051282,1.0,1.0,0.0,1.1672229408035067e-05,4.932846185331136,French > LMU,True,1678.3722646852254,312.11435240606954,18.596252987093173,0.1875857081644159,1.0,1592.845790595056,253.47909156526865,15.913598985032555,0.1596084421257841,1.0,1632.2827122058422,187.35124927456545,11.47786764349062,0.1133438634158443,1.0,1444.4866983163456,258.4388219631698,17.89139507233947,0.1768946836397181,1.0,15.913598985032555,17.89139507233947,0.1596084421257841,1.0,1.0,1.1685761972878523,1.1752868812326571,996.1601236401428,996.2186492772656,996.110795668755,0.0284715935311538,1136.386402786609,1153.94223276774,1138.371931479331,1134.0748031589246,1126.063989003498,1.108437168086034,1.0,1.0,1.0,0.0,0.0,1478.790400013751,1556.997987590423,0.000675771379508,0.0006418493528008,False,,5,1.0,True,True,True,True,False,False,True,False,retained,RG-017,8,0,4,0,0,False,member,88,main
French_vs_LMU,French,LMU,FT-111,26,24,6.784799806867545,6.8685198063091555,-0.08371999944161068,-0.09258353130452335,871.8472885297939,888.0767234422985,-0.026578657580286002,77.0,5.273240697031071e-06,0.1233974358974359,0.8766025641025641,-0.7532051282051282,-0.7532051282051282,1.0,1.0,0.0,1.1672229408035067e-05,4.932846185331136,French < LMU,True,928.899079105843,216.9239115404958,23.352796489938008,0.2981201528241267,1.0,941.9337049253425,168.08480994779336,17.84465393571576,0.1871746774567769,1.0,879.3783074108985,112.40360012946724,12.782166580889458,0.1259930155459802,1.0,925.0503848651662,148.35749135826296,16.037774134852913,0.155730895150511,1.0,16.037774134852913,17.84465393571576,0.155730895150511,1.0,1.0,1.4561120697658574,1.914328897525433,1295.8363020697318,1295.9072791203832,1295.773465539277,0.0370243052418961,1243.8481834080928,1256.6009494236548,1245.3463489025294,1241.5589757546982,1232.480297633579,1.045388498174385,1.0,1.0,1.0,0.0,0.0,862.7082298883722,915.7893168628094,0.0011577983923219,0.0010907631465666,False,,5,1.0,True,True,True,True,False,False,True,False,retained,RG-016,8,2,0,0,0,False,member,89,main
French_vs_LMU,French,LMU,FT-227,26,24,6.620896086276835,6.499487985850703,0.12140810042613204,0.13524380654474033,743.9953402412951,608.8508661373278,0.2887749149522491,541.0,9.117795574497036e-06,0.8669871794871795,0.8669871794871795,0.733974358974359,0.7339743589743589,1.0,1.0,0.0,1.9957841424176844e-05,4.6998864324005085,French > LMU,True,756.2983339356383,147.1248388612985,19.45328083637151,0.1878018127226649,1.0,668.0380300302627,115.4091091386501,17.275829211912075,0.1797552775488135,1.0,767.245729291512,100.45569592317936,13.09302770781688,0.1280057690928095,1.0,653.2542738254717,124.79541999936534,19.10365151819988,0.185658362901023,1.0,17.275829211912075,19.10365151819988,0.1797552775488135,1.0,1.0,1.1260403537074812,1.0447638327151,815.5263145478614,815.5720124399368,815.4833781251697,0.0234497161485411,1257.9480855586548,1270.610866815275,1259.5108106778086,1255.372326819194,1246.8639153493934,1.1653434695229583,1.0,1.0,1.0,0.0,0.0,656.1784100901457,695.8231252134009,0.0015216568052849,0.0014350844049467,False,,5,1.0,True,True,True,True,False,False,True,False,retained,RG-023,2,1,0,0,0,False,member,90,main
French_vs_LMU,French,LMU,FT-095,26,24,7.778834111458018,7.859227672362351,-0.08039356090433358,-0.07086380336864995,2410.952782165545,2470.1999452761593,-0.035010079679286016,84.0,9.97641610683809e-06,0.1346153846153846,0.8653846153846154,-0.7307692307692308,-0.7307692307692307,1.0,1.0,0.0,2.159729640711103e-05,4.66560061130099,French < LMU,True,2754.065463448269,524.5629975517419,19.046860160504497,0.1818524673668541,1.0,2754.034399961064,519.7633846100945,18.872799287381557,0.2234442754243461,1.0,2421.396406298692,255.86849521679517,10.566980877282775,0.105222289612389,1.0,2458.75815225543,430.6424203795125,17.514631115080686,0.2062818098117186,1.0,17.514631115080686,18.872799287381557,0.2062818098117186,1.0,1.0,1.0874828042541251,0.8815729682265141,1296.8385481999308,1296.9145054717983,1296.7740241235522,0.036768193553219,1325.9004245551305,1343.095463462498,1328.046641465988,1323.3579718833523,1306.2086665112035,1.192316158113339,1.0,1.0,1.0,0.0,0.0,2506.461190989754,2547.379080017163,0.0003988097616798,0.0003924062977291,False,,5,1.0,True,True,True,True,False,False,True,True,retained,RG-016,8,0,4,0,0,False,member,91,main
French_vs_LMU,French,LMU,FT-222,26,24,7.299168474924201,7.211222633927917,0.08794584099628455,0.07614397409628815,1456.5901689011343,1271.4658464197744,0.19595819944167636,538.0,1.1930876873825186e-05,0.8621794871794871,0.8621794871794871,0.7243589743589745,0.7243589743589743,1.0,1.0,0.0,2.5547638523299584e-05,4.592649237356973,French > LMU,True,1477.558994352473,223.235441678635,15.10839448928169,0.1527952241894376,1.0,1580.3396273371811,203.2159555786188,12.859005245665502,0.1317993093777189,1.0,1481.5420330226773,140.54256362472287,9.486235320504852,0.0939740392382832,1.0,1335.4254791006808,183.9627359375897,13.775589788917031,0.136474183338907,1.0,12.859005245665502,13.775589788917031,0.1317993093777189,1.0,1.0,1.1749271580999168,1.1593021610723866,1087.6997012829654,1087.7619304064426,1087.6443678719036,0.03103060333828,1212.1840644998792,1229.1766516010414,1214.6552307545503,1209.398301752987,1197.634043318504,1.289501447076295,1.0,1.0,1.0,0.0,0.0,1325.6717036063071,1467.219307003939,0.0007537659824067,0.0006810971598245,False,,5,1.0,True,True,True,True,False,False,True,False,retained,RG-010,25,0,7,0,0,False,member,92,main
French_vs_LMU,French,LMU,FT-235,26,24,4.848754009914033,4.580977590588936,0.2677764193250969,0.261279755507311,124.81158278873282,93.42230133487814,0.4140651984383966,531.0,2.206316572243326e-05,0.8509615384615384,0.8509615384615384,0.7019230769230769,0.7019230769230769,1.0,1.0,0.0,4.673595319698228e-05,4.330348895287988,French > LMU,True,122.7729003510679,32.90214871721617,26.79919479228136,0.2654527923146694,1.0,110.77933844337234,27.823400549547163,25.11605588236095,0.268179462644495,1.0,130.67367706474275,31.09342531256213,23.79471214937709,0.2324296519046069,1.0,97.34169297661316,22.790983141221545,23.413382738984406,0.2203826680779649,1.0,23.79471214937709,25.11605588236095,0.2324296519046069,1.0,1.0,1.126266820293639,1.1420780014058436,1034.9871234609543,1035.0479195722205,1034.9301733190198,0.0307738226139136,1385.9991044260155,1394.4329527557886,1388.520781427043,1383.2604731417296,1376.6256570034318,1.282938054828365,1.0,1.0,1.0,1.039118094125091,0.1666666666666666,102.7857305305702,112.9043260638773,0.0196473839293781,0.017902025011601,False,0.3535533905932737,5,1.0,True,True,True,True,False,False,True,False,retained,RG-014,17,2,3,0,0,False,member,93,main
French_vs_LMU,French,LMU,FT-113,26,24,8.76304814625675,8.825029538472117,-0.06198139221536714,-0.0647194915706315,6330.759517934513,6540.99978616986,-0.04712524972618516,95.0,2.6214431739141237e-05,0.15224358974358976,0.8477564102564102,-0.6955128205128205,-0.6955128205128205,1.0,1.0,0.0,5.379419846469608e-05,4.269264559103654,French < LMU,True,7167.101097164737,1258.6227479103982,17.561113354579327,0.1695011623701482,1.0,7368.556145887404,1043.168291155661,14.157024395313623,0.139581838917602,1.0,6413.690739831438,602.9944686928131,9.401676712411314,0.0924089907515672,1.0,6654.192293825612,993.751515519923,14.934216981406134,0.1507930461166688,1.0,14.157024395313623,14.934216981406134,0.139581838917602,1.0,1.0,1.2404522916830285,1.2143496867827357,1295.8340568472142,1295.9104778358453,1295.768224225936,0.0366780214193528,1325.935889442976,1348.2670237223315,1327.797072671238,1323.3191753625963,1304.2779909769702,1.190702173843557,1.0,1.0,1.0,0.0,0.0,6569.464548413092,6819.189554608141,0.0001521962401032,0.0001466234907392,False,,5,1.0,True,True,True,True,False,False,True,False,retained,RG-016,8,2,4,0,0,False,member,94,main
French_vs_LMU,French,LMU,FT-142,26,24,10.315899038086846,10.366808437681012,-0.050909399594166516,-0.07152038823888418,30439.392572772686,31821.964533522834,-0.06408127454946767,95.0,2.6214431739141237e-05,0.15224358974358973,0.8477564102564102,-0.6955128205128205,-0.6955128205128205,1.0,1.0,0.0,5.379419846469608e-05,4.269264559103654,French < LMU,True,32025.890221837115,4087.5241040691512,12.763186521141696,0.1243694065460248,1.0,32271.204773627844,3220.5800368362943,9.979732890134196,0.1015477328850431,1.0,30474.97131943083,2160.877158933325,7.090661829616066,0.0707336677637555,1.0,31597.492667450668,3067.4587282504244,9.70791815836162,0.0990908015529504,1.0,9.70791815836162,9.979732890134196,0.0990908015529504,1.0,1.0,1.314719213011547,1.2551054648555495,1223.287004668688,1223.356662280608,1223.2239895857,0.0347578187101029,1299.8451740769872,1340.5209657420266,1302.243180167931,1297.343779084556,1283.3566960044554,1.2104519752257064,1.0,1.0,1.0,0.0,0.0,30210.204891719182,31458.31129806165,3.310030181133549e-05,3.1787091285167914e-05,False,,5,1.0,True,True,True,True,False,False,True,False,retained,RG-009,24,1,9,0,0,False,member,95,main
French_vs_LMU,French,LMU,FT-085,26,24,8.899300656103842,8.98375421940672,-0.08445356330287801,-0.07976502971318844,7357.047206045967,7748.639892615767,-0.07480634128031205,95.0,2.6214431739141237e-05,0.15224358974358973,0.8477564102564102,-0.6955128205128205,-0.6955128205128205,1.0,1.0,0.0,5.379419846469608e-05,4.269264559103654,French < LMU,True,7867.342325774453,989.037297112093,12.571428268373124,0.126024753027493,1.0,7887.307028035314,781.2551840879449,9.905220898729883,0.1002923445385694,1.0,7389.294166797708,609.7532206319643,8.25184661576699,0.0818457771275114,1.0,7728.710039496721,784.4854906443359,10.150277169609277,0.1051159974013964,1.0,9.905220898729883,10.150277169609277,0.1002923445385694,1.0,1.0,1.2691719242712818,1.2565740047988176,1224.2975971419808,1224.3676798771355,1224.2360970656302,0.0338887890806766,1299.5622354883926,1326.7008043924968,1301.6533649016435,1297.2715763988908,1284.4157231648746,1.108347628423208,1.0,1.0,1.0,1.1594200307478186,0.1666666666666666,7369.696948499053,7671.207583805171,0.0002929736557935,0.0002814600631122,False,,5,1.0,True,True,True,True,False,False,True,False,retained,RG-009,24,1,9,0,1,False,member,96,main
French_vs_LMU,French,LMU,FT-131,26,24,5.566485197931588,5.862132257515903,-0.29564705958431503,-0.24150983519389602,276.970720657304,350.725351961123,-0.3395163982008078,96.0,2.8558915226117264e-05,0.15384615384615385,0.8461538461538461,-0.6923076923076923,-0.6923076923076923,1.0,1.0,0.0,5.800109587159898e-05,4.236563800807888,French < LMU,True,395.6991108433343,108.32344515365402,27.37520560073777,0.2833765067746309,1.0,378.1161960243794,110.61036929606672,29.253010174929138,0.2827399633960522,1.0,289.6397195651932,65.94409456238809,22.767628231854143,0.2160630990678243,1.0,351.8905565449919,71.7714349029512,20.395953675947727,0.205275252625574,1.0,22.767628231854143,29.253010174929138,0.2160630990678243,1.0,1.0,1.2023740603088895,1.311545136569925,1040.328774739611,1040.3905778938313,1040.2758764608654,0.0302810872302927,1455.4224047810255,1466.6943168640173,1457.3205103985615,1452.965088839576,1443.890949958978,1.0864556546498374,1.0,1.0,1.0,0.0,0.0,396.4168665524327,340.3661325509248,0.0025162495207486,0.0029294060091061,False,,5,1.0,True,True,True,True,False,False,True,False,retained,RG-014,17,1,4,0,0,False,member,97,main
French_vs_LMU,French,LMU,FT-091,26,24,5.681760687563626,5.849025284649291,-0.16726459708566477,-0.18064055775233978,282.5798452006874,320.87829664317024,-0.18276030326984014,97.0,3.110185801826194e-05,0.15544871794871795,0.844551282051282,-0.6891025641025641,-0.6891025641025641,1.0,1.0,0.0,6.252108193466941e-05,4.20397351507078,French < LMU,True,324.1675238935052,75.79190365285565,23.38047400385322,0.2357579212784324,1.0,355.7487567285468,70.96567132753324,19.948255611665683,0.1988918170283125,1.0,285.4788067253155,44.12230056190776,15.455543291646771,0.1615339709963928,1.0,328.4359116955954,63.91181330858244,19.459447348077425,0.1856157208688497,1.0,19.459447348077425,19.948255611665683,0.1856157208688497,1.0,1.0,1.2014973285540502,1.2701398360810807,1251.314808260303,1251.384541992356,1251.24725487946,0.0341748074286253,1251.9082930023933,1258.873232105109,1254.3394561869425,1249.2792991497554,1243.48779943925,1.2740584064472709,1.0,1.0,1.0,0.0,0.0,298.25374900867274,323.63290013436006,0.0033416456880245,0.0030804025087602,False,,5,1.0,True,True,True,True,False,False,True,False,retained,RG-009,24,1,8,0,0,False,member,98,main
French_vs_LMU,French,LMU,FT-174,26,24,4.562984343322091,1.948485985200091,2.614498358122,2.7229518368551533,98.2333616650115,5.307769650760624,3.9756233462561474,520.0,5.22396389951557e-05,0.8333333333333334,0.8333333333333334,0.6666666666666667,0.6666666666666666,1.0,0.3333333333333333,0.6666666666666667,0.0001039516048691482,3.9831688013740227,French > LMU,True,28.534948565135387,6.840222093642689,23.971383996115623,0.2488077418313656,0.9090909090909092,42.78142624756968,85.14422754511979,199.02147967765956,0.9665892576199262,0.3703703703703703,97.2041630102426,23.251326409421583,23.920093223755806,0.2389378500589421,1.0,85.63914429270048,73.76357206909495,86.13300924280983,1.1430564060057398,0.3846153846153846,86.13300924280983,199.02147967765956,0.9665892576199262,0.3846153846153846,0.3703703703703703,0.2783065889238822,0.257407931931724,1210.8304701216448,1210.9006110405176,1210.7634042850927,0.0393243797493412,928.6948296247882,936.6544350710782,933.2542365417872,923.4052741038936,921.7589794505756,2.2293708605911333,0.3703703703703703,1.0,0.3846153846153846,0.0,0.0,37.48465694808375,49.21328013165891,0.025984381291199,0.0199150503089622,False,,5,1.0,True,True,True,False,False,False,True,True,retained,RG-003,3,1,0,0,0,True,representative,99,main
French_vs_LMU,French,LMU,FT-195,26,24,6.235570612483618,6.122869944110121,0.11270066837349635,0.10835585009760518,495.7151162415628,458.2770161262803,0.11305406442368172,520.0,5.593935259481498e-05,0.8333333333333334,0.8333333333333334,0.6666666666666667,0.6666666666666666,1.0,1.0,0.0,0.00011020052461178551,3.9578163380118085,French > LMU,True,500.8182606119441,90.36325239075722,18.043122525193752,0.192847053945907,1.0,465.8947871890237,88.6000781091792,19.017185971053205,0.1954619734655804,1.0,518.8456134619379,69.39037172457046,13.373992171114478,0.1293217247418661,1.0,449.01755169964633,87.6416366387773,19.5185324731809,0.1905756682027097,1.0,19.017185971053205,19.5185324731809,0.1905756682027097,1.0,1.0,0.9487798327606348,1.0119185505926251,1077.708774786632,1077.7732844734803,1077.6548450786415,0.0305915600535078,1164.8240522057135,1175.084413340395,1166.9203041317107,1162.488701920126,1152.544404150735,1.1655651972698904,1.0,1.0,1.0,0.0,0.0,445.7668332535952,477.7671082063903,0.0022383040225199,0.0020886982059947,False,,5,1.0,True,True,True,True,False,False,True,False,retained,RG-010,25,2,14,0,0,False,member,100,main
French_vs_LMU,French,LMU,FT-156,26,24,7.565850302288499,7.45436827342334,0.11148202886515968,0.204461744082173,1975.1527276463107,1707.0200792688559,0.21036951521689265,519.0,6.07450527507298e-05,0.8317307692307693,0.8317307692307693,0.6634615384615385,0.6634615384615384,1.0,1.0,0.0,0.00011506514799897856,3.9390561996001514,French > LMU,True,2067.210688115104,388.6049358611448,18.79851618876242,0.1843025114301495,0.9090909090909092,1988.40151440123,464.9820200114352,23.38471463855507,0.4314863783948948,1.0,1868.912320000172,482.2281241500231,25.802608233112764,0.444972533041154,1.0,1538.7698878048118,564.4279108071868,36.68046244473837,1.0449765627870082,0.9615384615384616,25.802608233112764,36.68046244473837,0.444972533041154,1.0,0.9615384615384616,0.728551006120307,0.4141885121999296,1560.001369125993,1560.0914572782103,1559.9171022035998,0.0453103280372081,1419.237135066407,1434.9778151004848,1421.147539593874,1416.8768402638188,1406.173628949106,1.0870526004769543,1.0,1.0,0.9615384615384616,0.0,0.0,1732.6610796448415,1781.617827898203,0.0005768140103859,0.0005609727359111,False,,5,1.0,True,True,True,True,False,False,True,True,retained,RG-006,1,0,0,0,0,True,singleton,101,main
French_vs_LMU,French,LMU,FT-062,26,24,7.9868077335392655,7.917028087992544,0.06977964554672145,0.0757061332231066,2935.21268174782,2593.1040561379323,0.17872012126435288,519.0,6.07450527507298e-05,0.8317307692307693,0.8317307692307693,0.6634615384615385,0.6634615384615384,1.0,1.0,0.0,0.00011506514799897856,3.9390561996001514,French > LMU,True,3143.067054180969,449.4745082146511,14.300506494659452,0.1410228744962035,1.0,3256.250114720501,451.7922009089399,13.87461604581684,0.1391141132594883,1.0,2957.4174327081078,317.83785355916774,10.747142085658284,0.1091027051675869,1.0,2650.8468674825617,371.2254486247479,14.004032189806978,0.1418400092866081,1.0,13.87461604581684,14.004032189806978,0.1391141132594883,1.0,1.0,1.0306956565454666,1.0137208309925738,1078.713769906068,1078.77689772975,1078.6606048411224,0.0306502872948344,1212.1759527027516,1230.5396418417658,1214.4559206074891,1209.787676317876,1197.3987579345717,1.2388468855173635,1.0,1.0,1.0,0.0,0.0,2801.9509681243844,2958.6534797773534,0.0003567668544231,0.0003378773923477,False,,5,1.0,True,True,True,True,False,False,True,False,retained,RG-010,25,0,7,0,0,False,member,102,main
French_vs_LMU,French,LMU,FT-137,26,24,7.634928902469128,7.425932767578825,0.20899613489030333,0.1670915681001235,2171.589267005993,1677.0722368204756,0.3726106339500526,519.0,6.07450527507298e-05,0.8317307692307693,0.8317307692307693,0.6634615384615385,0.6634615384615384,1.0,1.0,0.0,0.00011506514799897856,3.9390561996001514,French > LMU,True,2161.5748772859592,585.867844274955,27.10374969802396,0.268740164051582,1.0,2155.395750262724,521.3173040588439,24.186616494687804,0.2349106559804206,1.0,2089.3228813814176,343.74676876419284,16.45254411500603,0.1735794940180103,1.0,1708.5592877701222,291.9745065619708,17.08893034335572,0.1711747048075066,1.0,17.08893034335572,24.186616494687804,0.1735794940180103,1.0,1.0,1.586041323444335,1.548225299145635,1039.9948749944976,1040.0556074818528,1039.9401829519206,0.0296340304782202,1419.220544280622,1435.4423992450425,1420.738403699792,1416.9777064725702,1405.3065377539317,1.0235389125370007,1.0,1.0,1.0,0.0,0.0,2048.669283254314,1986.5901475320704,0.0004878835859862,0.0005031218338658,False,,5,1.0,True,True,True,True,False,False,True,False,retained,RG-014,17,0,4,0,0,False,member,103,main
French_vs_LMU,French,LMU,FT-101,26,24,10.663281418224546,10.738558144826422,-0.07527672660187612,-0.06574172732171668,42776.164600275544,44486.805991498826,-0.05656909128188642,105.0,6.07450527507298e-05,0.16826923076923078,0.8317307692307692,-0.6634615384615384,-0.6634615384615384,1.0,1.0,0.0,0.00011506514799897856,3.9390561996001514,French < LMU,True,45626.17676693369,4279.033789591016,9.378462305638829,0.0910214052864614,1.0,45557.49099681806,4420.148442554461,9.702352666575042,0.0973703185670491,1.0,43120.127373938994,2960.1820920723767,6.8649660201640685,0.0686635287788551,1.0,44610.31605518913,4225.289315579831,9.471552074082068,0.0973692627224306,1.0,9.471552074082068,9.702352666575042,0.0973692627224306,1.0,1.0,0.9901716458173764,0.9348063520408388,1222.7800653728018,1222.853415898867,1222.7169146828526,0.0354924396049877,1300.021420828775,1340.6451712215658,1302.407113605227,1297.540546705481,1283.5628868551817,1.204843434452595,1.0,1.0,1.0,0.0,0.0,43239.0845382071,44443.59222875214,2.3126689290267146e-05,2.2499925184443003e-05,False,,5,1.0,True,True,True,True,False,False,True,True,retained,RG-009,24,1,9,0,0,True,representative,104,main
French_vs_LMU,French,LMU,FT-202,26,24,5.315128227502825,5.011364573104081,0.3037636543987441,0.26104005053967505,201.52615438795266,143.46045758327682,0.48743358552527405,516.0,7.761661419296451e-05,0.826923076923077,0.826923076923077,0.6538461538461537,0.6538461538461539,1.0,1.0,0.0,0.00014562355234299057,3.8367683789694826,French > LMU,True,180.79833832393183,36.35545102564704,20.10828825235655,0.2198876089897222,1.0,170.54677305128698,45.58314942362598,26.72765283569345,0.2761820550416628,1.0,206.5152695907976,54.47476663338082,26.378081747330626,0.2620040403370905,1.0,153.77264659607332,40.78064140551163,26.520088135462316,0.2306623585132428,1.0,26.520088135462316,26.72765283569345,0.2620040403370905,1.0,1.0,0.7582285605404159,0.8392527409379569,1033.9870057402484,1034.0472286109705,1033.928817254043,0.0317203756271548,1386.1519996372765,1394.7988818241977,1389.2728290402838,1383.1683020518017,1377.1626443129362,1.4789205614544831,1.0,1.0,1.0,0.8118030693812693,0.1666666666666666,157.84461632562994,176.86390750941004,0.0114061345690627,0.0101864571331618,False,0.0,5,1.0,True,True,True,True,False,False,True,True,retained,RG-014,17,2,3,0,0,False,member,105,main
French_vs_LMU,French,LMU,FT-233,26,24,6.753384379003833,6.819432418868731,-0.06604803986489749,-0.06904484356953677,849.7907594355072,863.5808361465613,-0.023196494494034305,116.0,0.00014687445675867517,0.1858974358974359,0.8141025641025641,-0.6282051282051282,-0.6282051282051282,1.0,1.0,0.0,0.00027041371945288795,3.5679712782202886,French < LMU,True,961.8194147125778,156.01010600685552,16.22031159076533,0.1638829499752081,1.0,1036.1497168646174,170.3027150323796,16.43611075315588,0.164374168470677,1.0,852.9316266516083,103.94259908633498,12.186510130288765,0.1214605077086721,1.0,890.4352367947397,153.16996116685368,17.201695849123492,0.1781088488032578,1.0,16.43611075315588,17.201695849123492,0.164374168470677,1.0,1.0,0.9868704241756758,0.99701158338905,1179.778005634704,1179.8471969424174,1179.7162683397833,0.0348061923921688,1244.6512806591527,1258.3621313912536,1247.0162825638563,1242.1525013996577,1231.8023332868306,1.2082635774533983,1.0,1.0,1.0,0.0,0.0,868.799531497013,927.893427910756,0.0011496902030734,0.0010765497633557,False,,5,1.0,True,True,True,True,False,False,True,True,retained,RG-015,16,0,7,0,0,False,member,106,main
French_vs_LMU,French,LMU,FT-088,26,24,9.708971266442614,9.767695659459143,-0.05872439301652932,-0.07143214259536634,16494.42968169847,16948.259411045423,-0.03915587846186707,116.0,0.00014687445675867517,0.1858974358974359,0.8141025641025641,-0.6282051282051282,-0.6282051282051282,1.0,1.0,0.0,0.00027041371945288795,3.5679712782202886,French < LMU,True,17559.334008635386,2229.2717300265126,12.69565080845432,0.1253608219026499,1.0,17521.122370164787,1899.7236305273696,10.842476813941133,0.109699810627977,1.0,16445.75592270199,1281.4478411459404,7.79196679781079,0.0774680594262692,1.0,17006.907217733016,1624.1758162128883,9.550095119701531,0.098194776718267,1.0,9.550095119701531,10.842476813941133,0.098194776718267,1.0,1.0,1.3293742784052076,1.276654686657373,1223.7937689750972,1223.8660708013226,1223.731097431243,0.0355204882343369,1299.7601011100369,1336.2607719587245,1301.8750860839802,1297.2461217844962,1283.6113158516257,1.136548855459982,1.0,1.0,1.0,0.0,0.0,16409.012051906455,16997.968932224805,6.093840740865414e-05,5.882709733672777e-05,False,,5,1.0,True,True,True,True,False,False,True,False,retained,RG-009,24,1,9,0,1,False,member,107,main
French_vs_LMU,French,LMU,FT-116,26,24,5.594602657268072,5.417677696401045,0.17692496086702736,0.21386422943916905,268.5735915812058,197.57679064439358,0.44098215903839566,505.0,0.00018546025718007284,0.8092948717948718,0.8092948717948718,0.6185897435897436,0.6185897435897436,1.0,1.0,0.0,0.0003351896391236179,3.4747094140900403,French > LMU,True,234.48422407801627,55.619138666458575,23.719778541669942,0.2862683818777843,1.0,232.45577151071544,54.69360663450678,23.52860773430424,0.2229777605759669,1.0,278.06689159050256,64.37858849634938,23.152194829133787,0.2194858395119945,1.0,215.69819438386168,48.55754510998705,22.51179953021437,0.2064452131907509,1.0,23.152194829133787,23.52860773430424,0.2194858395119945,1.0,1.0,1.0245153306943466,1.304268113670906,1034.3156777245072,1034.3733453488437,1034.2664963897112,0.0277415348472434,1386.2288582150331,1396.2981626211867,1388.9721706356552,1383.0239916368391,1375.9949180878775,1.5877595200199193,1.0,1.0,1.0,0.0,0.0,201.7508324287772,241.9518742547188,0.0049321622408198,0.0041160415126148,False,,5,1.0,True,True,True,True,False,False,True,False,retained,RG-014,17,2,2,0,0,False,member,108,main
French_vs_LMU,French,LMU,FT-061,26,24,8.826002269459494,8.879873080289073,-0.05387081082957934,-0.047156633924988256,6838.618345020328,6832.645923684222,0.0012603257016534511,119.0,0.00018546025718007284,0.19070512820512825,0.8092948717948718,-0.6185897435897436,-0.6185897435897436,1.0,1.0,0.0,0.0003351896391236179,3.4747094140900403,French < LMU,True,7352.303049501122,1177.9469693740307,16.021469210983604,0.1564923128769043,1.0,7128.4952568354165,1035.096753237507,14.520550494088734,0.146934180158881,1.0,6915.9913640098885,716.4822976029093,10.35979167544092,0.1024697796856098,1.0,7044.734768935612,1046.6316083602549,14.856934188288689,0.1492742233787674,1.0,14.520550494088734,14.856934188288689,0.146934180158881,1.0,1.0,1.1033651387738976,1.0650504376019796,1251.8151979857469,1251.8899516831436,1251.7537803186049,0.0365543323765068,1273.952845715492,1294.2930943032966,1276.2735285482115,1271.5526707894803,1260.9871710901643,1.1583630305238604,1.0,1.0,1.0,0.0,0.0,6713.818483944544,7030.990523938472,0.000148924353263,0.000142207245103,False,,5,1.0,True,True,True,True,False,False,True,False,retained,RG-009,24,1,9,0,0,False,member,109,main
French_vs_LMU,French,LMU,FT-184,26,24,7.468721167590255,7.387675777450461,0.08104539013979384,0.08580442261195298,1714.6546326950424,1562.7416527592604,0.13375697916782578,503.0,0.00021627716291612858,0.8060897435897436,0.8060897435897436,0.6121794871794872,0.6121794871794872,1.0,1.0,0.0,0.0003873327372225212,3.411915795050468,French > LMU,True,1847.2701892181417,367.6876988435209,19.904381123540183,0.1903496990614431,1.0,1826.1220988835796,309.38008384636134,16.941916645962742,0.1683802008264103,1.0,1771.196545679686,213.24235429548827,12.039451794078438,0.1189869673000625,1.0,1585.471911858784,286.7335493493516,18.08506017701628,0.196053501185813,1.0,16.941916645962742,18.08506017701628,0.1683802008264103,1.0,1.0,1.1748600550625066,1.130475543604334,809.0412002643465,809.0880344897744,808.9996841611195,0.0236203538121697,1121.032321128916,1139.3550392750944,1123.4003501883312,1118.4709922131613,1104.8390810677215,1.311603084577435,1.0,1.0,1.0,0.0,0.0,1611.1087325989288,1728.8440071627454,0.0006203055537003,0.0005780868077464,False,,5,1.0,True,True,True,True,False,False,True,False,retained,RG-027,2,0,1,0,0,True,representative,110,main
French_vs_LMU,French,LMU,FT-086,26,24,5.463616151879065,5.594298512006482,-0.13068236012741696,-0.12046264231320247,230.28139776723276,253.8160879362414,-0.13980713272045794,123.0,0.00025185456043103386,0.19711538461538458,0.8028846153846154,-0.6057692307692308,-0.6057692307692307,1.0,1.0,0.0,0.000446985120764988,3.349706933416637,French < LMU,True,273.67974762763424,65.97930109473187,24.108214680357936,0.2406166528608359,1.0,294.6502447734531,61.3521851001876,20.822037717076828,0.2100902318168414,1.0,236.83616924944528,36.0748597640879,15.23198921786833,0.1512361118627817,1.0,258.70919233858064,53.74691233270888,20.77503000448807,0.2019675154421769,1.0,20.77503000448807,20.822037717076828,0.2019675154421769,1.0,1.0,1.1604418706086004,1.1913631374532816,1252.3224421698592,1252.394260929982,1252.2598314863185,0.0357571265908724,1252.0492024447103,1259.1190925011254,1254.3147136599673,1249.55524604749,1244.1498037484978,1.2944815304881885,1.0,1.0,1.0,0.0,0.0,247.9977835065569,263.7941267110367,0.0040161000066639,0.0037765188088604,False,,5,1.0,True,True,True,True,False,False,True,False,retained,RG-009,24,1,6,0,0,False,member,111,main
French_vs_LMU,French,LMU,FT-075,26,24,6.749714146942528,6.666726359256872,0.0829877876856564,0.09576410569351523,856.564707794276,748.8531541472689,0.19363743812591405,500.0,0.0002716356838889516,0.8012820512820513,0.8012820512820513,0.6025641025641026,0.6025641025641025,1.0,1.0,0.0,0.00047778776541181664,3.3207649753106394,French > LMU,True,865.4637553338365,166.1154794654087,19.19381123029615,0.2008858736998233,1.0,810.0869100296438,150.02029141936077,18.51903660730316,0.1902586880928945,1.0,868.8621625716228,115.15851739923558,13.253945488706067,0.127119751289427,1.0,769.8637517831886,141.35892824546863,18.36155136776443,0.1825205073875006,1.0,18.36155136776443,18.51903660730316,0.1825205073875006,1.0,1.0,1.045326227934794,1.1006208374894118,1076.704086348371,1076.7659052150043,1076.6508631728868,0.0303673983692482,1165.0016465840235,1176.4046223958326,1167.1510336308895,1162.5396325060522,1152.5668176015192,1.1153635458279254,1.0,1.0,1.0,0.0,0.0,779.4965717097257,816.192662582601,0.001281235608517,0.0012237016382889,False,,5,1.0,True,True,True,True,False,False,True,False,retained,RG-010,25,1,13,0,0,False,member,112,main
French_vs_LMU,French,LMU,FT-206,26,24,5.390020679604348,5.152004983281206,0.23801569632314212,0.23485282870815638,202.4802271109726,162.93200867194844,0.3117910330681388,498.0,0.00031564289448958514,0.7980769230769231,0.7980769230769231,0.5961538461538463,0.5961538461538461,1.0,1.0,0.0,0.0005502800903933475,3.259416200052237,French > LMU,True,198.7698817395667,36.36401977646919,18.29453207811143,0.2018259206828987,1.0,188.6426636835975,40.62467727436547,21.53525426385176,0.2194138164074426,1.0,217.8586346343642,49.0157388128015,22.49887359069584,0.2249005520751773,1.0,168.16508787552533,44.587460351738784,26.514100468191188,0.2676324265510753,1.0,22.49887359069584,26.514100468191188,0.2249005520751773,1.0,1.0,0.8131310220648973,0.8974007347720273,1034.6560763743712,1034.7123139359592,1034.6014150768017,0.0298462974025474,1386.0386461317642,1395.2626547813416,1388.8838369044424,1383.0236739106767,1376.8958172798157,1.443510211018104,1.0,1.0,1.0,0.0,0.0,164.53404527072766,191.51859119891463,0.0060410533577217,0.005194303541141,False,,5,1.0,True,True,True,True,False,False,True,True,retained,RG-014,17,2,2,0,0,True,representative,113,main
French_vs_LMU,French,LMU,FT-057,26,24,7.425417872931817,7.501467309284022,-0.07604943635220529,-0.07297806658545714,1669.277971182505,1673.24058310983,-0.00341863449627263,128.0,0.0003662570019089513,0.20512820512820515,0.7948717948717948,-0.5897435897435898,-0.5897435897435898,1.0,1.0,0.0,0.0006329178015444158,3.1986526891195997,French < LMU,True,1944.9380968611465,341.2102615080296,17.543502390060354,0.169723050656562,1.0,2075.2540081895863,336.5594464812877,16.217747087976765,0.1627503094638855,1.0,1686.582621228665,223.76746703879448,13.26750698259782,0.1292956382009373,1.0,1764.322593696288,309.96360606602855,17.568420150231663,0.1698797766789709,1.0,16.217747087976765,17.568420150231663,0.1627503094638855,1.0,1.0,1.081747193052878,1.0428431823917592,1179.2722036799555,1179.3415370035414,1179.2139907053818,0.0342749572089302,1244.832670568563,1260.2540539156994,1247.2750431006125,1242.2433003120475,1231.9048456991884,1.2191820975445251,1.0,1.0,1.0,0.0,0.0,1750.840616587273,1845.004984926172,0.0005708281852421,0.0005417103464864,False,,5,1.0,True,True,True,True,False,False,True,False,retained,RG-015,16,0,8,0,0,False,member,114,main
French_vs_LMU,French,LMU,FT-028,26,24,6.404070558952593,6.218182953833056,0.18588760511953684,0.10425371853439014,585.4720275964982,482.9336069526175,0.2772531678320282,495.0,0.0003943200355604698,0.7932692307692308,0.7932692307692308,0.5865384615384615,0.5865384615384616,0.9615384615384616,1.0,-0.038461538461538436,0.000669664198322522,3.174142918753221,French > LMU,True,555.7034288030117,136.73290474117934,24.60537359571504,0.2716816191609109,0.9090909090909092,639.3515506917423,184.40183354408424,28.84200927401707,0.8176455099697597,1.0,573.1177919836174,155.02991656993234,27.050271120245363,0.3506755015950928,0.9615384615384616,413.5039091888864,171.46050287180628,41.46526769435789,0.7372262169052736,0.9615384615384616,28.84200927401707,41.46526769435789,0.7372262169052736,0.9615384615384616,0.9615384615384616,0.8531088580531491,0.3685186621568822,1845.2675702568588,1845.3714278358416,1845.1623419189225,0.0547059411325117,1057.465322843472,1063.011718921446,1060.0061878004767,1054.8746688276972,1047.5546058911905,1.2638959113625776,1.0,0.9615384615384616,0.9615384615384616,0.0,0.0,421.6582446569468,530.7346126327803,0.0023659777435825,0.0018806374011439,False,,5,1.0,True,True,True,True,False,False,True,True,retained,RG-005,1,0,0,0,0,True,singleton,115,main
French_vs_LMU,French,LMU,FT-078,26,24,6.737320000758515,6.652463664130766,0.08485633662774816,0.08658545828534958,832.0082988254694,750.2869674920902,0.14896679229726106,495.0,0.0003943200355604698,0.7932692307692308,0.7932692307692308,0.5865384615384615,0.5865384615384616,1.0,1.0,0.0,0.000669664198322522,3.174142918753221,French > LMU,True,849.9818739507681,153.95509179749394,18.11274999099701,0.1811393873244086,1.0,820.718794452905,144.52799610962492,17.609928892388528,0.1821749056385841,1.0,854.605458357555,111.33603502772895,13.027770176158588,0.1284196688399669,1.0,765.2266471390691,145.57378190997628,19.02361639577357,0.1890435834123533,1.0,17.609928892388528,19.02361639577357,0.1821749056385841,1.0,1.0,1.028553272513543,0.9943158015614412,1077.205728818574,1077.2697492713137,1077.1507175425947,0.0315129711684634,1164.9081193819106,1176.015186999219,1167.311426224721,1162.4987461160683,1152.201798220714,1.193687829900949,1.0,1.0,1.0,2.55112722212645,0.3333333333333333,750.8839119116299,813.608129027097,0.0047229727433559,0.0043593073719601,False,0.3535533905932737,5,1.0,True,True,True,True,False,False,True,True,retained,RG-010,25,2,14,0,0,False,member,116,main
French_vs_LMU,French,LMU,FT-103,26,24,8.604667628488201,8.667884875859823,-0.06321724737162171,-0.06042345573586161,5408.11508971395,5517.1463768388785,-0.028791132744983242,133.0,0.0005279042653236779,0.21314102564102563,0.7868589743589743,-0.5737179487179487,-0.5737179487179487,1.0,1.0,0.0,0.0008888644467415773,3.051164464587487,French < LMU,True,6135.042904251052,1065.0626453930076,17.360312910852045,0.1683194308663921,1.0,6202.990984655216,889.4379874250322,14.338856684223767,0.1421680372193521,1.0,5454.22489794098,537.364855957592,9.852268030980024,0.097139464086343,1.0,5655.052521078041,857.1288926092959,15.156868825082082,0.1554644353447116,1.0,14.338856684223767,15.156868825082082,0.1421680372193521,1.0,1.0,1.210718071403323,1.1839470682618405,1295.3340005034854,1295.4088685802842,1295.2660151633097,0.0369004205904129,1325.9263584717098,1348.1806891897468,1328.313249836628,1323.3256151193673,1304.770805939381,1.1895624336993404,1.0,1.0,1.0,0.0,0.0,5605.078776929837,5776.227461774498,0.0001783778002041,0.000173093409705,False,,5,1.0,True,True,True,True,False,False,True,False,retained,RG-016,8,1,4,0,0,False,member,117,main
French_vs_LMU,French,LMU,FT-130,26,24,7.417462245937605,7.225420974149008,0.19204127178859665,0.1546288652163783,1689.5882365132934,1340.0545177624092,0.3341574282931403,490.0,0.0005673431278987282,0.7852564102564104,0.7852564102564104,0.5705128205128205,0.5705128205128205,1.0,1.0,0.0,0.0009471745440343173,3.023569982426462,French > LMU,True,1787.0845933494677,502.3980775004148,28.112719418546853,0.2774167523697545,1.0,1746.552910711543,388.0026245844947,22.215337548887828,0.2194204165726086,1.0,1679.1886749866558,296.3389533027039,17.647746064334243,0.1827121745157731,1.0,1395.0587724915536,291.22306713090524,20.87532603452866,0.2067943136097496,1.0,20.87532603452866,22.215337548887828,0.2067943136097496,1.0,1.0,1.3466960646289905,1.341510545078524,1040.3294064561312,1040.3900491717618,1040.2756843475045,0.0298022321977683,1419.1001653827748,1433.8092028576395,1421.1078526689091,1416.7725438654402,1405.8145236969008,1.0330371323009613,1.0,1.0,1.0,0.0,0.0,1690.3564335303488,1608.7007876410769,0.0005912414321283,0.0006212334662924,False,,5,1.0,True,True,True,True,False,False,True,False,retained,RG-014,17,1,5,0,0,False,member,118,main
French_vs_LMU,French,LMU,FT-211,26,24,7.016100410874698,7.097694658551687,-0.08159424767698908,-0.08703374617043913,1138.3523377484505,1219.1876888677768,-0.09888911906278619,137.0,0.0007027366675024896,0.21955128205128205,0.780448717948718,-0.5608974358974359,-0.5608974358974359,1.0,1.0,0.0,0.0011633539789747097,2.9342881204178775,French < LMU,True,1229.5271113273154,232.0576212510592,18.87372951057137,0.1880104919220384,1.0,1230.49580464696,156.36580071843187,12.7075444002261,0.1272078013816536,1.0,1138.815117306495,132.40987404841184,11.62698598184974,0.1175671519782178,1.0,1198.2501228248218,144.66184369840784,12.072758512001975,0.126149617818517,1.0,12.072758512001975,12.7075444002261,0.126149617818517,1.0,1.0,1.563331983474058,1.4903770235159692,815.8635371185956,815.9097037102256,815.8168325066675,0.0237987236535292,1299.0589008403172,1315.8451273355154,1300.8173377571577,1296.6742952794136,1285.8302638042446,1.1679361461324014,1.0,1.0,1.0,0.0,0.0,1154.3467780636868,1189.7099109985086,0.0008655409951252,0.0008398351191697,False,,5,1.0,True,True,True,True,False,False,True,False,retained,RG-029,3,0,1,0,0,False,member,119,main
French_vs_LMU,French,LMU,FT-124,26,24,7.299183588717801,7.149511138609791,0.14967245010801022,0.15083022735418705,1655.2883734185552,1269.848085642106,0.38216229568204807,486.0,0.0007541657273467987,0.7788461538461539,0.7788461538461539,0.5576923076923077,0.5576923076923077,1.0,1.0,0.0,0.0012380887357276611,2.907248227645611,French > LMU,True,1584.6985835682715,386.8200547136786,24.40969271536007,0.2426741961531227,1.0,1567.191517746793,393.2132104866794,25.090310024904685,0.2480684151801989,1.0,1530.9240870352298,288.82811600363993,18.866259826310603,0.1993267530868998,1.0,1284.3888138783086,271.18124036222844,21.11364077855648,0.2116768407630579,1.0,21.11364077855648,25.090310024904685,0.2116768407630579,1.0,1.0,1.156110069853568,1.146437159957248,1039.6588042265028,1039.7181822788175,1039.60785831974,0.0282757160242886,1419.321667147817,1435.4509426502711,1421.01773506427,1416.900410268311,1406.3992888204173,1.1388471623303726,1.0,1.0,1.0,0.0,0.0,1507.2597927325078,1462.1810937077898,0.0006630157515425,0.0006834424011493,False,,5,1.0,True,True,True,True,False,False,True,False,retained,RG-014,17,1,5,0,0,False,member,120,main
French_vs_LMU,French,LMU,FT-041,26,24,8.436783193841432,8.376837896218781,0.059945297622650884,0.06156336437346788,4569.827255288053,4107.595078244416,0.15381014338197935,485.0,0.0008090717830409817,0.7772435897435898,0.7772435897435898,0.5544871794871795,0.5544871794871795,1.0,1.0,0.0,0.0013172491013146563,2.8803320890498934,French > LMU,True,5085.1341068364645,835.1578350465949,16.42351642061528,0.1692698327738139,1.0,5657.612548011058,803.8518442563457,14.2083226349415,0.1464168900014709,1.0,4693.89387812412,531.021757061976,11.313032864607388,0.1111005998557717,1.0,4284.492865219782,756.12239342919,17.647885460777935,0.1751986285046156,1.0,14.2083226349415,17.647885460777935,0.1464168900014709,1.0,1.0,1.1559081844204546,1.1560813289512804,1025.1883020825835,1025.2470030177271,1025.1352405717655,0.0297741950913376,1095.323555128769,1102.8408436153272,1098.0563633672148,1092.842493768012,1078.72885869897,1.2868239953887035,1.0,1.0,1.0,0.0,0.0,4503.070971084091,4888.526507889115,0.0002220213683176,0.000204518780783,False,,5,1.0,True,True,True,True,False,False,True,False,retained,RG-012,7,1,5,0,0,False,member,121,main
French_vs_LMU,French,LMU,FT-105,26,24,10.613772811217032,10.678831543235301,-0.06505873201826873,-0.05648521829254172,41212.49876767087,41609.7810814839,-0.013840425074686224,142.0,0.000996839344122049,0.2275641025641026,0.7724358974358974,-0.5448717948717949,-0.5448717948717948,1.0,1.0,0.0,0.0016096504163282267,2.7932684337475235,French < LMU,True,43569.556183615,4508.197218448666,10.347126786074636,0.1026774622681893,1.0,43079.30368149134,4733.557043407208,10.988007323435314,0.1086906312195774,1.0,41117.41663917922,3427.654260033813,8.336258792989762,0.0835609054949195,1.0,42261.01480804069,4771.840521568528,11.291353374364842,0.1124554287996281,1.0,10.988007323435314,11.291353374364842,0.1086906312195774,1.0,1.0,0.9416745440282148,0.9446762900912756,1222.2792600253013,1222.3523829534292,1222.2154645351295,0.0356384043734069,1300.11549170832,1340.2901754940272,1302.463122605168,1297.468351311746,1283.18202748018,1.2617595384120577,1.0,1.0,1.0,0.0,0.0,41415.38659143461,42164.30907630359,2.4145032493172924e-05,2.3716178581553155e-05,False,,5,1.0,True,True,True,True,False,False,True,True,retained,RG-009,24,1,9,0,0,False,member,122,main
French_vs_LMU,French,LMU,FT-196,26,24,7.21486616754777,7.149070860570183,0.06579530697758695,0.08374949469087944,1334.4868860056736,1222.4888966460117,0.12636480051073778,481.0,0.0010679000194861086,0.7708333333333334,0.7708333333333334,0.5416666666666667,0.5416666666666666,1.0,1.0,0.0,0.0017103764539736861,2.766908290841849,French > LMU,True,1397.7012946376306,210.80357361775577,15.082162006039274,0.1581287325972379,1.0,1502.0750012535811,205.1084538597918,13.655007485552666,0.1381055448896756,1.0,1384.1578943046045,170.6923984244188,12.3318588960672,0.1199990320054428,1.0,1217.1334868260196,155.32320877279227,12.76139474050923,0.1251460180575078,1.0,12.76139474050923,13.655007485552666,0.1251460180575078,1.0,1.0,1.1818584341853402,1.26355384735113,1079.2166019688184,1079.2799026126334,1079.1624727504054,0.0309298310255249,1212.162690219896,1228.1000091217345,1214.808575306565,1209.5278179587426,1198.610527541609,1.2535770652518865,1.0,1.0,1.0,0.0,0.0,1255.000236263474,1369.4886195347206,0.0007961781941816,0.0007296667668349,False,,5,1.0,True,True,True,True,False,False,True,False,retained,RG-010,25,0,7,0,0,False,member,123,main
French_vs_LMU,French,LMU,FT-074,26,24,7.8579678181356005,7.912795195089194,-0.05482737695359319,-0.051914191832762135,2611.3298184005953,2614.9209557197337,-0.0019818930040197916,150.0,0.0017122824941264649,0.24038461538461536,0.7596153846153846,-0.5192307692307692,-0.5192307692307693,1.0,1.0,0.0,0.0027203197688944643,2.5653800423982136,French < LMU,True,3025.076300554935,534.4117528543454,17.666058629870268,0.1757945592816651,1.0,3176.7149157166677,525.7081136411338,16.548797345339814,0.1658777529459467,1.0,2615.767244047789,331.7867625354463,12.6841087749849,0.1233911761681226,1.0,2694.457166686339,485.89443386060935,18.033110337328743,0.1797152167317355,1.0,16.548797345339814,18.033110337328743,0.1658777529459467,1.0,1.0,1.0675131407567255,1.0597838236870136,1178.7694962544108,1178.8389828026638,1178.7095364682805,0.0346786304486905,1244.8608776216845,1262.696978661322,1247.2705609836569,1242.3019230957232,1231.0310019216245,1.2087826948352671,1.0,1.0,1.0,0.0,0.0,2723.07419807351,2833.38148611946,0.0003670971960702,0.0003528106590087,False,,5,1.0,True,True,True,True,False,False,True,False,retained,RG-015,16,0,8,0,0,False,member,124,main
French_vs_LMU,French,LMU,FT-072,26,24,4.704586197686423,4.9047381645061305,-0.20015196681970782,-0.1772631235036366,106.03029110037045,130.1872357576811,-0.2936081978811696,151.0,0.0018291751464506265,0.2419871794871795,0.7580128205128205,-0.516025641025641,-0.5160256410256411,1.0,1.0,0.0,0.002882780030806187,2.540188494986648,French < LMU,True,135.20509259487687,28.80662512848012,21.30587285997809,0.225489375649795,1.0,145.40447430488308,33.238896509614065,22.859610523345367,0.2366934632125195,1.0,111.04914744010998,21.10003677121711,19.000629232742728,0.1875858058867834,1.0,130.78801710461696,39.40299930055532,30.12737724208861,0.2933388740004765,1.0,22.859610523345367,30.12737724208861,0.2366934632125195,1.0,1.0,0.932031315153838,0.9526641445409724,1252.819559504331,1252.8923288346316,1252.7474352137208,0.0360234419531445,1252.123154423304,1259.34100136828,1254.3494914890537,1249.7181801223417,1244.226415264071,1.2333870429369769,1.0,1.0,1.0,0.0,0.0,122.3648908550372,129.28717828347777,0.0081060340026164,0.0076753523499005,False,,5,1.0,True,True,True,True,False,False,True,True,retained,RG-009,24,1,5,0,0,False,member,125,main
French_vs_LMU,French,LMU,FT-073,26,24,7.813843107394877,7.86760616813169,-0.05376306073681292,-0.04486550885112539,2468.926224676423,2474.429450300168,-0.003210883145857633,152.0,0.0019533604051635133,0.24358974358974358,0.7564102564102564,-0.5128205128205128,-0.5128205128205128,1.0,1.0,0.0,0.003054063490612795,2.5151219386822907,French < LMU,True,2683.937811872758,482.4266665469781,17.97458437423174,0.1771762518430645,1.0,2605.1013010697498,380.02745007669296,14.587818520555796,0.148824903127596,1.0,2502.8238423307967,275.5844630521342,11.010941257275684,0.1082876901147638,1.0,2537.20069032346,389.3974391956125,15.347522199592708,0.1540616205733398,1.0,14.587818520555796,15.347522199592708,0.148824903127596,1.0,1.0,1.232163969472449,1.1905013752379954,1252.8205095026694,1252.8927190429526,1252.7570309093385,0.0359474530824347,1273.817172792693,1288.2634181766712,1275.9684910424037,1271.3181247571324,1262.248121408315,1.1541148926103488,1.0,1.0,1.0,0.0,0.0,2413.939758906413,2549.0933288341007,0.000414089004213,0.0003921425105085,False,,5,1.0,True,True,True,True,False,False,True,False,retained,RG-009,24,1,7,0,0,False,member,126,main
French_vs_LMU,French,LMU,FT-040,26,24,6.5957510100075005,6.711105939763549,-0.11535492975604811,-0.07389948794308498,724.824141770441,826.3424303788925,-0.18886452951753832,156.0,0.0025314232206326954,0.24999999999999997,0.75,-0.5,-0.5,1.0,1.0,0.0,0.0038960185505050077,2.409378983938499,French < LMU,True,886.5293864385967,118.68696932945446,13.387821221160957,0.1414291388719939,1.0,951.0122073465504,173.75886699485983,18.270939705355623,0.1883104607211186,1.0,753.6994522024642,116.15019627125176,15.410678080213152,0.150496224795471,1.0,789.8296231670555,152.89654677833602,19.358168178758863,0.1991974977750463,1.0,18.270939705355623,19.358168178758863,0.1883104607211186,1.0,1.0,0.7327385146608898,0.7510423920710684,1024.6859401518484,1024.745883352035,1024.635571164931,0.0299810881909713,1107.6170160866384,1125.2454211495194,1110.1572639572094,1104.5491052697555,1102.7951743386006,1.4042236421118546,1.0,1.0,1.0,0.0,0.0,780.9964350724675,833.0263994679034,0.0012787782081223,0.0011990028141051,False,,5,1.0,True,True,True,True,False,False,True,True,retained,RG-012,7,1,5,0,0,True,representative,127,main
French_vs_LMU,French,LMU,FT-098,26,24,7.197352713020688,7.276164097708536,-0.07881138468784776,-0.07747332485913283,1289.4940319853624,1374.9968700363715,-0.09255371879821708,156.0,0.0025314232206326954,0.25,0.75,-0.5,-0.5,1.0,1.0,0.0,0.0038960185505050077,2.409378983938499,French < LMU,True,1394.409432596258,268.320982326084,19.242625304570392,0.198941426484569,1.0,1380.7702743624186,248.78766377707743,18.01803445485941,0.2512702448482652,1.0,1317.6710638832335,121.39355388052373,9.212735803939692,0.09140956907957,1.0,1342.9153125990638,195.28260272259396,14.541691563904063,0.1680537665452305,1.0,14.541691563904063,18.01803445485941,0.1680537665452305,1.0,1.0,1.3232728269615597,1.183796296710942,1234.285360466548,1234.3584080913142,1234.2175489976564,0.0355276090628736,1298.978903962394,1315.1444068651524,1301.099355556177,1296.7371931063972,1285.3820376449771,1.0487614830989662,1.0,1.0,1.0,0.0,0.0,1330.028820305797,1347.544850586393,0.0007512985329425,0.0007415400381864,False,,5,1.0,True,True,True,True,False,False,True,False,retained,RG-009,24,0,9,0,0,False,member,128,main
French_vs_LMU,French,LMU,FT-037,26,24,7.925417960989181,7.8667534441474976,0.0586645168416835,0.055848926831817636,2762.18188437709,2491.399764039149,0.1487950441627605,467.0,0.0026985430077962978,0.7483974358974359,0.7483974358974359,0.4967948717948718,0.4967948717948718,1.0,1.0,0.0,0.004089330557968236,2.38834778215803,French > LMU,True,3003.5202021563223,494.1621055607325,16.45276449966802,0.1685762563046608,1.0,3377.9765544257552,470.8525129470486,13.938892273546047,0.1424443576782365,1.0,2780.6495108802046,308.1995834351413,11.08372638224304,0.1097688322138039,1.0,2552.360774406815,432.9993225435617,16.964659811628454,0.1701996995922324,1.0,13.938892273546047,16.964659811628454,0.1424443576782365,1.0,1.0,1.1803494981371605,1.1834533782338568,1025.6898265569414,1025.748006596175,1025.6372240551368,0.0299180645632153,1095.46453629439,1103.265474153602,1098.0912759786563,1092.8921077109414,1081.8746330427098,1.3060567861598344,1.0,1.0,1.0,0.0,0.0,2663.60798226518,2909.666258062758,0.0003752897261644,0.0003435639511159,False,,5,1.0,True,True,True,True,False,False,True,False,retained,RG-012,7,1,5,0,0,False,member,129,main
French_vs_LMU,French,LMU,FT-093,26,24,7.624319876971753,7.680326967498121,-0.056007090526367875,-0.07316758864039308,2029.5918220855945,2153.084113382329,-0.08517431931071333,157.0,0.0026985430077962978,0.2516025641025641,0.7483974358974359,-0.4967948717948718,-0.4967948717948718,1.0,1.0,0.0,0.004089330557968236,2.38834778215803,French < LMU,True,2197.963689641172,278.029938498794,12.64943273672477,0.120490716256695,1.0,2147.905054740625,332.0115052875654,15.45745723512244,0.1857706614272096,1.0,2036.8419712830491,165.8746481206181,8.143717110077528,0.0805692196587481,1.0,2110.205782561833,210.7341675308573,9.986427355678156,0.1055182438677031,1.0,9.986427355678156,15.45745723512244,0.1055182438677031,1.0,1.0,1.2666624695900344,1.1418946320577894,1233.7846794103978,1233.854648992817,1233.7185235688678,0.0352441991492743,1299.2759946740543,1319.445562362675,1301.19133468601,1296.8841705286684,1284.2519822328006,1.1438939901940073,1.0,1.0,1.0,0.0,0.0,2081.575100682005,2098.945292126125,0.0004801747604072,0.0004762028819272,False,,5,1.0,True,True,True,True,False,False,True,False,retained,RG-009,24,0,9,0,0,False,member,130,main
French_vs_LMU,French,LMU,FT-039,26,24,8.45955229764269,8.42627302762352,0.03327927001916997,0.05602193306801517,4654.818684173552,4274.78909185127,0.12284418289764099,464.0,0.003262197568891829,0.7435897435897436,0.7435897435897436,0.4871794871794872,0.48717948717948717,1.0,1.0,0.0,0.004868582735391594,2.312597445310811,French > LMU,True,5209.867203264728,826.4958267748293,15.864047863963044,0.1660806883994172,1.0,5860.259538718309,845.8541077096662,14.433731170457037,0.1477193477859524,1.0,4827.889309674254,564.9530345554092,11.7018638646777,0.1126675706138321,1.0,4432.228118590318,743.9422565813716,16.7848368061431,0.1701396857653486,1.0,14.433731170457037,16.7848368061431,0.1477193477859524,1.0,1.0,1.09909542284074,1.124298819949237,1024.6867091528734,1024.7462095090473,1024.6320318882358,0.0302468395928712,1095.258554693031,1102.7683739040208,1097.9305754275408,1092.8018718375124,1078.4275768114187,1.280644822824388,1.0,1.0,1.0,0.0,0.0,4616.98225209315,5050.507097218649,0.0002165447906489,0.0001979607235532,False,,5,1.0,True,True,True,True,False,False,True,False,retained,RG-012,7,1,5,0,0,False,member,131,main
French_vs_LMU,French,LMU,FT-089,26,24,7.605353644955372,7.653326275280975,-0.04797263032560295,-0.058025516639683694,2000.2424761282095,2048.8552417483843,-0.03462605318659088,160.0,0.003262197568891829,0.2564102564102564,0.7435897435897436,-0.4871794871794872,-0.48717948717948717,1.0,1.0,0.0,0.004868582735391594,2.312597445310811,French < LMU,True,2103.1511880187813,232.5006999647917,11.05487333907806,0.1094476694914168,1.0,2038.935859110151,319.7756490021742,15.683457994688135,0.1873448944478679,1.0,1983.580024250205,138.7781667026422,6.996348269594038,0.0712517773303911,1.0,1989.819037067214,284.7717931253494,14.311441785433582,0.1681592093072086,1.0,14.311441785433582,15.683457994688135,0.1681592093072086,1.0,1.0,0.7724500092177916,0.6508574222150857,1233.2816716646137,1233.3544547572506,1233.2180624334412,0.0354944446073147,1299.4896330327,1318.851755163174,1301.5338470303554,1296.9599185364402,1284.7912920438337,1.2163430138721094,1.0,1.0,1.0,0.0,0.0,2032.678384664808,2004.552453040848,0.0004917198351227,0.0004986157297874,False,,5,1.0,True,True,True,True,False,False,True,True,retained,RG-009,24,0,9,0,0,False,member,132,main
French_vs_LMU,French,LMU,FT-182,26,24,7.132113820315958,7.08532070188164,0.04679311843431755,0.053323782083220195,1262.43155936485,1113.6740025853596,0.18072567355639393,459.0,0.004444011537560693,0.735576923076923,0.735576923076923,0.47115384615384626,0.47115384615384615,1.0,1.0,0.0,0.006582483254883132,2.1816102370181123,French > LMU,True,1386.0709306910958,221.67196943433632,15.992830130548263,0.166864409498003,1.0,1528.7790478201348,247.4252037503428,16.184497302153837,0.1666024833400257,1.0,1276.0309182981389,134.97663136993327,10.577849598656558,0.1047096398512401,1.0,1169.9526520608183,203.64575367316772,17.406324376841663,0.1677314674408908,1.0,16.184497302153837,17.406324376841663,0.1666024833400257,1.0,1.0,0.988157360217789,1.001572162387536,1026.1932694786867,1026.2519200407537,1026.1381214922203,0.0299624324206606,1095.4661545958722,1104.191831524452,1098.1953511608233,1092.7190611696617,1082.1188748820443,1.2733034739127342,1.0,1.0,1.0,0.0,0.0,1234.0606693282589,1327.501355955399,0.0008096768238469,0.0007527278730407,False,,5,1.0,True,True,True,True,False,False,True,False,retained,RG-012,7,0,6,0,0,False,member,133,main
French_vs_LMU,French,LMU,FT-096,26,24,7.431029389278375,7.4922165502868285,-0.06118716100845312,-0.06555609890046554,1707.5316719185319,1807.2806764192437,-0.08186163435784614,167.0,0.005016731019928619,0.2676282051282051,0.7323717948717949,-0.46474358974358976,-0.46474358974358976,1.0,1.0,0.0,0.00737534336511894,2.1322177559457125,French < LMU,True,1880.9413801946891,292.8629525549413,15.57002018450081,0.1540743737665548,1.0,1832.956715359112,204.2628993895234,11.143901963309826,0.1125285629620875,1.0,1701.0860479705066,169.43313145814534,9.960291641935973,0.1016868613571247,1.0,1756.6472987466443,198.62249534190013,11.306908079021662,0.1192330243961303,1.0,11.143901963309826,11.306908079021662,0.1125285629620875,1.0,1.0,1.3971784959849372,1.3692023581467458,815.5252605920695,815.5724826653777,815.4837884085781,0.0230239980275139,1299.3577408679637,1319.7332979838072,1301.576686001449,1296.8377586315107,1285.7117818196627,1.124421705883728,1.0,1.0,1.0,0.0,0.0,1763.1303685987662,1764.4417510043286,0.0005668515308164,0.0005664304695587,False,,5,1.0,True,True,True,True,False,False,True,False,retained,RG-023,2,1,0,0,0,True,representative,134,main
French_vs_LMU,French,LMU,FT-234,26,24,7.004519564577242,7.058501397195304,-0.05398183261806189,-0.03719992444240017,1087.2395155885106,1134.0806255992825,-0.06079865597478588,169.0,0.005655381102333067,0.27083333333333337,0.7291666666666666,-0.45833333333333337,-0.4583333333333333,1.0,1.0,0.0,0.008252667238219364,2.0834056660403766,French < LMU,True,1221.2759177163136,243.71261892808803,19.955573952838662,0.1915131161324503,1.0,1277.4338999726838,198.41212180334296,15.532085206724652,0.1581898438575669,1.0,1116.9503595533008,120.77910182883129,10.81329181693752,0.1058712091039108,1.0,1100.586871194896,214.22614713330836,19.464719481954678,0.2161070797720798,1.0,15.532085206724652,19.464719481954678,0.1581898438575669,1.0,1.0,1.2847968374651235,1.210653677014104,1297.3438707330265,1297.41780999526,1297.2834308267838,0.035936390989363,1326.1469761141468,1339.8936870180316,1328.3423882735617,1323.7863328692615,1309.1371917724628,1.0893447788281685,1.0,1.0,1.0,0.0,0.0,1102.7792701514434,1166.4137126419696,0.0009059782395286,0.0008565943582561,False,,5,1.0,True,True,True,True,False,False,True,False,retained,RG-016,8,0,4,0,0,False,member,135,main
French_vs_LMU,French,LMU,FT-081,26,24,7.183318063771523,7.2750714565648735,-0.09175339279335049,-0.10885466116511644,1323.35269592393,1379.1375635988202,-0.059524687448429606,171.0,0.006366478396393305,0.27403846153846156,0.7259615384615384,-0.45192307692307687,-0.4519230769230769,1.0,1.0,0.0,0.009222031206540303,2.035173412499899,French < LMU,True,1296.4015670190602,311.0995022036483,23.9971556744558,0.2924507706059494,1.0,1351.9687589957975,310.09536848832835,22.93657796639162,0.3147561074284376,1.0,1293.8914970204712,191.31573603701648,14.786072593998163,0.1589614199878895,1.0,1343.46393465371,224.76185036206823,16.730024868140777,0.1833514459389811,1.0,16.730024868140777,22.93657796639162,0.1833514459389811,1.0,1.0,1.434376569287349,1.5950284390082,1225.305158770853,1225.3832054372317,1225.241092492524,0.0353997625726626,1299.0897146683544,1313.3628153538991,1301.2456247303928,1296.385905406942,1286.5537450601764,1.2777931470134285,1.0,1.0,1.0,0.0,0.0,1235.9663304777628,1330.0556672963955,0.0008084294417405,0.0007512833794781,False,,5,1.0,True,True,True,True,False,False,True,False,retained,RG-009,24,0,9,0,0,False,member,136,main
French_vs_LMU,French,LMU,FT-223,26,24,7.2861082512430935,7.211467139414257,0.07464111182883659,0.06008633110112349,1427.9252240105534,1313.7297927546092,0.12016409890936397,448.0,0.008508595878255176,0.7179487179487181,0.7179487179487181,0.4358974358974359,0.4358974358974359,1.0,1.0,0.0,0.012234988233695399,1.9123964439700276,French > LMU,True,1506.7549492736978,229.16604938072632,15.209244840456067,0.1543718909825704,1.0,1566.8063654769285,203.18424430813133,12.968050729503068,0.1292464635153709,1.0,1457.0960924867836,150.09133649120218,10.30071642255561,0.1007038651934707,1.0,1324.7064546953684,177.1261779807841,13.370975686950684,0.1331881873024064,1.0,12.968050729503068,13.370975686950684,0.1292464635153709,1.0,1.0,1.1728242862170606,1.1943993420308274,1088.2006657983875,1088.2647114412373,1088.1441726877654,0.0308360094818792,1212.1002271969037,1227.8823891553018,1214.4726100783676,1209.566328387379,1197.8670644760136,1.162187290885767,1.0,1.0,1.0,0.0,0.0,1336.057705273084,1451.0207353748483,0.0007479108762891,0.0006886953992029,False,,5,1.0,True,True,True,True,False,False,True,False,retained,RG-010,25,0,7,0,0,False,member,137,main
French_vs_LMU,French,LMU,FT-219,26,24,7.162077425649091,7.1108448791239365,0.05123254652515463,0.0666270176590027,1296.7574449362887,1183.261464268416,0.13203312613637372,447.0,0.00900738869535627,0.7163461538461539,0.7163461538461539,0.4326923076923077,0.4326923076923077,1.0,1.0,0.0,0.012858373717283952,1.8908139560052644,French > LMU,True,1360.2833259701683,290.91639127764296,21.386455727534432,0.217399306345817,1.0,1381.1779666476816,215.85318145742949,15.628194676558325,0.1561700498006485,1.0,1310.72264542162,170.00666032498788,12.970452667375854,0.1287624639749728,1.0,1195.7723020363835,203.7104883541841,17.0358928708474,0.1853979728333961,1.0,15.628194676558325,17.0358928708474,0.1561700498006485,1.0,1.0,1.368453373543732,1.3920678556696866,809.5439415442514,809.5901010781033,809.5004145134822,0.0238060682328357,1120.883361213832,1137.4299807981995,1123.5258483320945,1118.0010013993176,1106.2009100480516,1.407083948317459,1.0,1.0,1.0,0.0,0.0,1204.5423319275496,1296.970553587285,0.0008295021862907,0.0007704335026986,False,,5,1.0,True,True,True,True,False,False,True,False,retained,RG-027,2,0,1,0,0,False,member,138,main
French_vs_LMU,French,LMU,FT-038,26,24,6.027400629376501,6.107036017879496,-0.07963538850299479,-0.07955342818097666,418.84988476289016,413.0305926664725,0.020136219440912855,180.0,0.010664064154710258,0.28846153846153844,0.7115384615384616,-0.42307692307692313,-0.4230769230769231,1.0,1.0,0.0,0.015113817543006626,1.8206258249754423,French < LMU,True,483.19473611175033,85.39446478785928,17.6728880523462,0.1817703839288994,1.0,639.112857653513,507.7790029695238,79.450600451667,0.3907956941146937,1.0,413.86352127777786,61.06467138958861,14.754784669365211,0.1478343687389213,1.0,438.18500502963366,85.02436825023963,19.403760346497844,0.1985234383838393,1.0,19.403760346497844,79.450600451667,0.1985234383838393,1.0,1.0,0.910797069060686,0.9156117051400836,1025.690862799387,1025.7477618544551,1025.6366460844254,0.030538553488754,1107.23462155222,1121.1202767189984,1109.9813621005935,1104.387069581245,1102.96307424481,1.4209852699776997,1.0,1.0,1.0,0.0,0.0,423.7966793550052,498.8520106409816,0.002354067365871,0.0020005921326947,False,,5,1.0,True,True,True,True,False,False,True,True,retained,RG-012,7,1,5,0,0,False,member,139,main
French_vs_LMU,French,LMU,FT-082,26,24,7.372789572234815,7.406924155904035,-0.03413458366921951,-0.053782173204101724,1589.9091351915881,1594.8521799903513,-0.0044755858578649724,182.0,0.011913991792587798,0.2916666666666667,0.7083333333333333,-0.41666666666666663,-0.4166666666666667,1.0,1.0,0.0,0.016764688450998544,1.7756045129342002,French < LMU,True,1707.2479471613112,286.8376414921845,16.801170677587717,0.1618756705922737,1.0,1654.4984072155069,187.1044954108484,11.308835027876643,0.1124735840306198,1.0,1577.4993446520975,160.48355175814314,10.173288014489556,0.1045182409371944,1.0,1622.361488071959,224.87574502928476,13.86101350917364,0.1389578511068965,1.0,11.308835027876643,13.86101350917364,0.1124735840306198,1.0,1.0,1.485667678074027,1.4392327939705791,815.19145248803,815.2391948284286,815.1516278485828,0.0232383703674765,1299.3902606601064,1316.9471285420052,1301.4809187367064,1296.7242527442668,1285.1505845592858,1.2686655490251988,1.0,1.0,1.0,0.6971612532193747,0.1666666666666666,1595.1659601377976,1618.580236020812,0.0010632736793064,0.0010479019288289,False,0.0,5,1.0,True,True,True,True,False,False,True,False,retained,RG-029,3,1,1,0,0,True,representative,140,main
French_vs_LMU,French,LMU,FT-188,26,24,4.1787663962481725,4.4534033143102665,-0.274636918062094,0.05491956024850708,69.39338154357125,81.74055690487448,-0.23315487640348473,185.0,0.014032652260761811,0.296474358974359,0.703525641025641,-0.40705128205128205,-0.40705128205128205,1.0,1.0,0.0,0.019605904222482814,1.7076131232806864,French < LMU,True,84.0586923610034,24.55222090585828,29.20842594173946,0.2858227215115502,1.0,153.37385402380642,282.51253530013986,184.1986283113736,0.5913674936175541,1.0,360.94833375547785,635.3992200826013,176.03605853270082,1.3522059763956265,1.0,204.0093915709096,337.47004082368125,165.41887519250966,0.8827058541398851,1.0,176.03605853270082,184.1986283113736,0.8827058541398851,1.0,1.0,0.1659229716070565,0.3238029069038609,931.123316275561,931.1738081023892,931.07426737904,0.0254915780131796,1102.1879690833632,1107.124431889231,1104.963450062722,1099.1332192776542,1093.916465014947,1.3268034181666346,1.0,1.0,1.0,0.0,0.0,78.81477712077168,238.3543660396056,0.0125290082372447,0.0041779058245151,False,,5,1.0,True,True,True,True,False,False,True,True,retained,RG-004,4,1,2,0,0,False,member,141,main
French_vs_LMU,French,LMU,FT-225,26,24,4.226344616159102,3.966971925841265,0.2593726903178366,0.17087345382679908,68.2116826556894,48.07827296341962,0.4959310973055555,435.0,0.017371316785625493,0.6971153846153846,0.6971153846153846,0.39423076923076916,0.3942307692307692,1.0,1.0,0.0,0.02409964370963537,1.6179893780094932,French > LMU,True,67.83135853454345,19.44863422762497,28.672039964702545,0.308022619944372,1.0,80.73975326922363,26.92942968746948,33.35337129118332,0.3466794905088786,1.0,65.78898030292068,17.277471594322904,26.26195377215153,0.2715956800775632,1.0,69.38107808751514,81.67884672190607,117.7249604263556,0.7119806126003634,1.0,33.35337129118332,117.7249604263556,0.3466794905088786,1.0,1.0,0.8596444333734189,0.88849392126496,1077.7143327045933,1077.774000301872,1077.655267159494,0.0311261598865204,1186.9637374633428,1193.886183441663,1190.5084643354585,1183.6865880769894,1179.1995339315472,1.6444793093376109,1.0,1.0,1.0,0.0,0.0,56.88954332566981,72.08094754962491,0.0172742768823428,0.0136834569546455,False,,5,1.0,True,True,True,True,False,False,True,True,retained,RG-010,25,2,10,0,0,False,member,142,main
French_vs_LMU,French,LMU,FT-092,26,24,8.697360446719383,8.74561015524302,-0.048249708523636414,-0.029802399811858393,6123.060076571534,5972.288603586103,0.03596300736151961,193.0,0.021387147689139175,0.3092948717948718,0.6907051282051282,-0.3814102564102564,-0.3814102564102564,1.0,1.0,0.0,0.02946341325007285,1.5307169428360423,French < LMU,True,6404.246451987509,1039.7859065500568,16.235882150153156,0.1579821161650289,1.0,6249.047975504685,958.7852779282656,15.342901537747148,0.1543332540079897,1.0,6070.297175154671,602.4090978247751,9.923881491179644,0.0982954070331285,1.0,6095.667906844218,963.8012055304598,15.811248582756674,0.1611782741413397,1.0,15.342901537747148,15.811248582756674,0.1543332540079897,1.0,1.0,1.0582015474849438,1.023642747510853,1251.3142498680247,1251.3872814292572,1251.2506210064705,0.0361206867456643,1273.8054275719012,1292.538921522056,1275.9376310450957,1271.4144752449388,1260.8067512512189,1.150720330226371,1.0,1.0,1.0,0.0,0.0,5846.052689965294,6139.739081906299,0.0001710263363482,0.0001628468473683,False,,5,1.0,True,True,True,True,False,False,True,False,retained,RG-009,24,1,9,0,0,False,member,143,main
French_vs_LMU,French,LMU,FT-087,26,24,8.469595601210921,8.518004306213646,-0.04840870500272487,-0.03242988347873421,4838.627943279197,4673.198181286651,0.05017723727283768,197.0,0.02618845152064578,0.31570512820512825,0.6842948717948718,-0.3685897435897436,-0.3685897435897436,1.0,1.0,0.0,0.035827256594216796,1.4457864458558958,French < LMU,True,5119.399307830376,899.2896859810654,17.566312606355147,0.1784506351617874,1.0,5024.422428162566,781.6733945939079,15.557477615984736,0.1577377712621868,1.0,4823.307949680164,528.6143461577075,10.95958109398261,0.1082018974720037,1.0,4837.901622392741,748.8788138766353,15.479413851872684,0.1563428138144973,1.0,15.479413851872684,15.557477615984736,0.1563428138144973,1.0,1.0,1.1348176858925438,1.1414060602332594,1252.3175410114536,1252.3916994957185,1252.2559552498667,0.0353267523705875,1273.902456757388,1292.6649155155296,1276.3561393171406,1271.5576652920972,1261.4287173363452,1.2088674378886384,1.0,1.0,1.0,0.0,0.0,4648.464899478415,4896.8462586618325,0.0002150785136827,0.0002041713739445,False,,5,1.0,True,True,True,True,False,False,True,False,retained,RG-009,24,1,8,0,0,False,member,144,main
French_vs_LMU,French,LMU,FT-249,26,24,4.251952291278735,4.069272604035962,0.18267968724277228,0.11431783107876825,67.94348564637659,58.107842928878995,0.22206466826615961,419.0,0.03863450981791771,0.671474358974359,0.671474358974359,0.34294871794871784,0.34294871794871795,1.0,1.0,0.0,0.052489644373308886,1.2799263696443717,French > LMU,False,66.0249278365218,17.358898873219726,26.29143180012326,0.2812964614632589,1.0,85.44935386550566,20.69051146818552,24.21377170475937,0.2412980933451407,1.0,66.3599438332354,14.021452557348102,21.129391840029957,0.2212085709407676,1.0,56.09416772816921,14.578851233039604,25.98995906969921,0.2709572084572129,1.0,24.21377170475937,25.98995906969921,0.2412980933451407,1.0,1.0,1.0858048932110609,1.165763299508987,1069.709184439815,1069.7804240606993,1069.6449862815853,0.032195006247936,1158.0681524278946,1163.6372934068968,1160.4743729659026,1155.2261009596696,1149.9450179508715,1.242632907231868,1.0,1.0,1.0,0.0,0.0,57.44579966488082,69.50556272107815,0.0171098694129235,0.0141832780479467,False,,5,1.0,True,True,True,True,False,False,True,False,retained,RG-010,25,1,10,0,0,False,member,145,main
French_vs_LMU,French,LMU,FT-051,26,24,4.68851734163564,4.6001000478011,0.08841729383453956,0.09528532612819074,105.34446356141643,87.61677914688968,0.26309312967531356,412.0,0.053343474938791074,0.6602564102564104,0.6602564102564104,0.3205128205128205,0.32051282051282054,1.0,1.0,0.0,0.07197715454069754,1.142805326225757,French > LMU,False,130.10013630036502,20.62777859395784,15.855308980102864,0.1547061737356558,1.0,142.9059654289295,29.160715138683127,20.405526844983555,0.208847161297784,1.0,110.27678130247511,19.12185369597076,17.339872881782753,0.1635417294301753,1.0,99.34108019766782,27.14648683125351,27.32654685980636,0.2569963402982306,1.0,20.405526844983555,27.32654685980636,0.208847161297784,1.0,1.0,0.7770105178147211,0.7407626360555056,1069.2050570468462,1069.267470109953,1069.1500824304103,0.0309242309640597,1157.7638325982018,1163.3854165077216,1160.088364981479,1155.2213391757566,1149.20816373825,1.1956236333629695,1.0,1.0,1.0,0.0,0.0,112.01591078476524,117.82943627322548,0.008848311649715,0.0084154232432836,False,,5,1.0,True,True,True,True,False,False,True,True,retained,RG-010,25,1,10,0,0,False,member,146,main
French_vs_LMU,French,LMU,FT-079,26,24,4.114283742602611,3.9578680833222406,0.15641565928037027,0.23693180444315454,65.068062457266,46.434782760965874,0.478007696179242,410.0,0.05831890011283298,0.657051282051282,0.657051282051282,0.3141025641025641,0.3141025641025641,1.0,0.9583333333333334,0.04166666666666663,0.0776271846096493,1.1099861645858566,French > LMU,False,71.47372902399326,20.764956361815123,29.052571686646527,0.2866971967972456,1.0,89.28751929112467,24.88581714288769,27.871551747055182,0.3138745705312104,1.0,62.65457214130426,23.91614570581125,38.17142929629045,0.4162819333454849,1.0,80.95084998642987,161.69266039604543,199.74176975677292,0.8223924024236376,0.9615384615384616,38.17142929629045,199.74176975677292,0.4162819333454849,1.0,0.9615384615384616,0.7611077767389207,0.6887091988191257,1077.2093617269695,1077.2780627278853,1077.1457095383691,0.033821129808481,1186.4594094558372,1193.3994246262791,1189.5073639083237,1183.6673357354396,1179.0351316011868,1.4609631651882211,1.0,1.0,0.9615384615384616,2.55112722212645,0.3333333333333333,85.72907572772174,76.87344777391537,0.0409450601465522,0.04560125849874,False,0.3535533905932737,5,1.0,True,True,True,True,False,False,True,True,retained,RG-010,25,2,10,0,0,False,member,147,main
French_vs_LMU,French,LMU,FT-212,26,24,7.646847440345592,7.56408424071258,0.08276319963301226,0.07702926892639272,2103.362072088433,1785.5726970189537,0.23618833355565114,410.0,0.05831890011283298,0.657051282051282,0.657051282051282,0.3141025641025641,0.3141025641025641,1.0,1.0,0.0,0.0776271846096493,1.1099861645858566,French > LMU,False,2054.2504545161896,421.6282519017599,20.5246760917018,0.2245164705813742,1.0,2083.2919239496496,352.30232329865345,16.910847646869104,0.1685370330883989,1.0,2094.773512750909,376.1929790610024,17.958646926319794,0.1734203936098636,1.0,1883.0614438448315,352.0268902620176,18.694392124733312,0.181817829179053,1.0,17.958646926319794,18.694392124733312,0.1734203936098636,1.0,1.0,1.1428854398613566,1.294637071845537,1034.6524894655838,1034.712526312989,1034.5946546772016,0.0289896148038387,1419.5355960078075,1437.3696770828783,1421.3266819845712,1417.0516013166043,1406.067496310462,1.0710088590038451,1.0,1.0,1.0,0.0,0.0,1780.0740063048067,2021.1720356725284,0.0005614589828721,0.0004945177672123,False,,5,1.0,True,True,True,True,False,False,True,False,retained,RG-014,17,2,4,0,0,False,member,148,main
French_vs_LMU,French,LMU,FT-056,26,24,7.792662927208674,7.81843848412753,-0.025775556918855358,-0.04228201086248262,2407.1025042455885,2346.2279301744475,0.03693886056613931,215.0,0.06094769385373247,0.34455128205128205,0.655448717948718,-0.3108974358974359,-0.3108974358974359,1.0,1.0,0.0,0.08058185026298856,1.0937627648729258,French < LMU,False,2788.1660946357697,462.4385414829106,16.585760165888576,0.168154494327205,1.0,2975.833522177238,518.5589672499494,17.425671274465348,0.1718737894296348,1.0,2432.6862108110627,308.0027308638646,12.661013553456852,0.1276400845836562,1.0,2496.4985602396814,487.78693280579375,19.53884294485485,0.1881914209821631,1.0,17.425671274465348,19.53884294485485,0.1718737894296348,1.0,1.0,0.9518003584856136,0.9783603124433792,1178.2689676482953,1178.3381296315554,1178.209676243099,0.0346187918603327,1244.9133772041282,1263.400026280825,1247.491725418386,1242.276386378739,1231.3467261131775,1.2773380949643511,1.0,1.0,1.0,0.0,0.0,2542.598814284542,2639.320368938036,0.0003931437593004,0.0003787419177477,False,,5,1.0,True,True,True,True,False,False,True,True,retained,RG-015,16,0,8,0,0,False,member,149,main
French_vs_LMU,French,LMU,FT-203,26,24,7.562782837763583,7.489972477973668,0.07281035978991568,0.08910241881609515,1884.4483124425922,1577.1506150514476,0.2566727016674246,408.0,0.06367390169915897,0.6538461538461539,0.6538461538461539,0.3076923076923077,0.3076923076923077,1.0,1.0,0.0,0.08362505756489545,1.0776635702691688,French > LMU,False,1928.6212154045788,362.16833018737447,18.778613824975483,0.2076194367505124,1.0,1936.3164448047264,402.9926658578325,20.81233503640844,0.1976835645132479,1.0,1982.8918837503916,439.9229907367873,22.18592926532778,0.2113894980586151,1.0,1778.4510582875105,430.1917640905181,24.18912581742645,0.2260294279727742,1.0,22.18592926532778,24.18912581742645,0.2113894980586151,1.0,1.0,0.8464199808985574,0.9821653329861388,1033.9851251097311,1034.0431134347784,1033.93021982602,0.0303773301958856,1419.5994173936797,1436.3402098797728,1421.5891002033584,1417.1693973731028,1406.504333983076,1.2292331845144575,1.0,1.0,1.0,0.0,0.0,1680.5062875592694,1899.6893734520645,0.000594704882996,0.0005261248965599,False,,5,1.0,True,True,True,True,False,False,True,True,retained,RG-014,17,2,5,0,0,False,member,150,main
French_vs_LMU,French,LMU,FT-192,26,24,4.7694189060157655,4.721491798034231,0.047927107981534434,0.09035881698219228,116.46015511923045,101.0760916860429,0.20252645117082818,406.0,0.06942875220293032,0.6506410256410255,0.6506410256410255,0.3012820512820513,0.30128205128205127,1.0,1.0,0.0,0.09057923300647201,1.042971361092531,French > LMU,False,129.88653579407037,28.21977782349782,21.72648431261504,0.2431003002037658,1.0,140.82468161103216,30.098785199213687,21.3732314924373,0.2127804640585551,1.0,116.24438344070025,18.18095460054112,15.640286491618555,0.156091157639073,1.0,102.932757607801,25.17865608242844,24.46126643023136,0.2408074716686366,1.0,21.3732314924373,24.46126643023136,0.2127804640585551,1.0,1.0,1.0165278151926973,1.1424935145214596,1068.7037715820934,1068.7709537862363,1068.644656968828,0.0326297049075302,1157.8147203461158,1163.3792711145747,1159.779912946269,1155.301746795193,1149.5256244435009,1.1713404979799975,1.0,1.0,1.0,0.0,0.0,110.81134070934324,120.2642034273279,0.0089436366083788,0.0082464566767165,False,,5,1.0,True,True,True,True,False,False,True,False,retained,RG-010,25,1,10,0,0,False,member,151,main
French_vs_LMU,French,LMU,FT-042,26,24,6.557591077221369,6.603789326992915,-0.046198249771546074,-0.04185638857438434,723.9267660204862,741.4832496589598,-0.03452322153880904,224.0,0.08929860899129224,0.3589743589743589,0.6410256410256411,-0.28205128205128205,-0.28205128205128205,1.0,1.0,0.0,0.11573569717950376,0.9365326678678823,French < LMU,False,813.4564185061249,173.2013328510153,21.29202363036136,0.2390801789450344,1.0,905.9908230138992,168.75954844023966,18.62707040219663,0.1851976717916229,1.0,720.041082656171,106.40405823965408,14.777498229286929,0.1439385198522842,1.0,731.9833867398276,142.22855910509824,19.430572015926263,0.1939296475004812,1.0,18.62707040219663,19.430572015926263,0.1851976717916229,1.0,1.0,1.1430688331886296,1.2909459208214993,1025.1886386302892,1025.247027968808,1025.1370733359656,0.0298006748993319,1107.3546178711229,1123.5890952400546,1110.207654223817,1104.6921888972022,1102.8541050786582,1.4123877129358002,1.0,1.0,1.0,0.6769438017851375,0.1666666666666666,733.8785213958358,787.5239041224207,0.0022819333440307,0.0021266873369571,False,,5,1.0,True,True,True,True,False,False,True,False,retained,RG-012,7,1,5,0,0,False,member,152,main
French_vs_LMU,French,LMU,FT-186,26,24,4.08284587927217,4.278990004404468,-0.19614412513229862,0.3344259765014259,61.067108429881664,68.31205337121126,-0.1592773234591722,229.0,0.10915179454601465,0.36698717948717946,0.6330128205128205,-0.2660256410256411,-0.266025641025641,1.0,1.0,0.0,0.14054185310826722,0.8521943243907382,French < LMU,False,72.66245175596532,20.486493447601248,28.194057525617943,0.2811623787610746,1.0,79.08902165136585,17.924290219155072,22.66343652367777,0.2437459840534943,1.0,303.63529508360534,525.693109301528,173.13307043464084,1.3586506177174884,1.0,69.20358692577742,18.98562056384173,27.434445824613523,0.2884858520977447,1.0,27.434445824613523,173.13307043464084,0.2884858520977447,1.0,1.0,1.0276882465882695,0.974614098807907,931.6243046494036,931.6784901191336,931.5809314937704,0.0274414767123745,1102.186769188893,1106.829634834741,1104.5947650644134,1099.0703438301748,1094.5528271619044,1.4732397071044796,1.0,1.0,1.0,0.0,0.0,69.87107009203004,149.73689261811177,0.014110129827325,0.0066340759891705,False,,5,1.0,True,True,True,True,False,False,True,True,retained,RG-004,4,1,2,0,0,True,representative,153,main
French_vs_LMU,French,LMU,FT-117,26,24,7.83321082009857,7.826575946023125,0.006634874075444941,0.056570451804012656,2505.4781375938437,2187.9948496751886,0.195393090356839,386.0,0.1535073475100103,0.6185897435897436,0.6185897435897436,0.23717948717948723,0.23717948717948717,1.0,1.0,0.0,0.1963697886978703,0.7069253271959645,French > LMU,False,2534.753483659195,456.4969604059401,18.009520979015942,0.1952469112093733,1.0,2572.326956354759,429.9381004264666,16.71397562290181,0.1651144532428552,1.0,2570.13465528317,481.3199815093725,18.727422725496925,0.1805334748183766,1.0,2370.748701971744,475.6642991611584,20.06388525133642,0.1885186089258635,1.0,18.727422725496925,20.06388525133642,0.1805334748183766,1.0,1.0,0.9616657477644494,1.081499768426875,1034.319112072233,1034.3791365004477,1034.2691452052984,0.0295539645166638,1419.481401442064,1437.173489695009,1421.2976504376825,1417.141106790319,1405.209990791653,1.1360127306637906,1.0,1.0,1.0,0.0,0.0,2195.771428348932,2505.263229243117,0.0004552134951753,0.0003990003876416,False,,5,1.0,True,True,True,True,False,False,True,False,retained,RG-014,17,2,4,0,0,False,member,154,main
French_vs_LMU,French,LMU,FT-066,26,24,7.205280098516869,7.236852871226656,-0.03157277270978742,-0.021881775608740384,1301.029846172028,1317.6163330620266,-0.018262337052982556,241.0,0.17100034993617108,0.38621794871794873,0.6137820512820513,-0.22756410256410253,-0.22756410256410256,1.0,1.0,0.0,0.2173359286285529,0.6628684728727283,French < LMU,False,1444.0545926452266,195.26008462013647,13.521655317923823,0.1386496435118967,1.0,1467.200533485155,234.8016712953004,16.003379629201593,0.1634155737458739,1.0,1370.4015117600438,165.70220828686985,12.091507989804684,0.1191002032664035,1.0,1356.8324626653,217.7398718523021,16.047660845656935,0.155784231919713,1.0,16.003379629201593,16.047660845656935,0.155784231919713,1.0,1.0,0.8449249865478833,0.8900107655526587,1150.2523051364865,1150.3219915217664,1150.1924882958133,0.0327477740464124,1199.6136168612857,1211.804089112715,1201.579446951864,1197.0687593819969,1184.1168776425466,1.0672118534282304,1.0,1.0,1.0,0.0,0.0,1313.9452043548083,1399.0189587235209,0.0007604879630635,0.0007142760415985,False,,5,1.0,True,True,True,True,False,False,True,True,retained,RG-015,16,2,1,0,0,True,representative,155,main
French_vs_LMU,French,LMU,FT-236,26,24,7.135963191959994,7.1142449203390505,0.02171827162094342,0.052889480466572714,1231.2216046334358,1107.5319997570589,0.15261131909020137,380.0,0.18994515058356198,0.6089743589743589,0.6089743589743589,0.21794871794871784,0.21794871794871795,1.0,1.0,0.0,0.23986663246770326,0.6200301619656406,French > LMU,False,1216.8493538706234,226.61419722083505,18.62302810943752,0.2042198687053935,1.0,1250.771202744346,216.0668932318752,17.274693625644545,0.1781775799977198,1.0,1262.991263292811,245.48553626259857,19.43683566128401,0.1951587542530924,1.0,1159.4381701553714,217.76123081193077,18.7816165119654,0.1826233857268171,1.0,18.7816165119654,19.43683566128401,0.1826233857268171,1.0,1.0,0.9915561899356828,1.1182569411503638,1034.9898999251243,1035.0498484503012,1034.9323592474368,0.030924112226632,1419.3602150227453,1435.8320741768357,1420.919376846407,1417.2551242460954,1405.4176036421077,1.002582734876893,1.0,1.0,1.0,0.0,0.0,1048.3515380098256,1224.7340220727858,0.0009529694899924,0.0008158376792943,False,,5,1.0,True,True,True,True,False,False,True,False,retained,RG-014,17,2,5,0,0,False,member,156,main
French_vs_LMU,French,LMU,FT-011,26,24,6.8618297639344235,6.838243696844521,0.023586067089902407,0.027347512149192177,978.7309991470509,930.1106510349653,0.0734330640329106,379.0,0.19659169943505939,0.6073717948717948,0.6073717948717948,0.21474358974358965,0.21474358974358973,1.0,1.0,0.0,0.24667875661596622,0.6078682493011313,French > LMU,False,915.2158818474384,151.11581319289073,16.511493756844672,0.172683642519959,1.0,966.1213739346884,142.41034481376695,14.740419646630668,0.1482203297203298,1.0,973.083801952782,115.79495268750158,11.899792438752408,0.1177259174278969,1.0,914.5955915956824,142.09156456147008,15.53599928396384,0.1596284691479765,1.0,14.740419646630668,15.53599928396384,0.1482203297203298,1.0,1.0,1.1201508608758526,1.1650469462980408,1211.8279152595003,1211.899520416236,1211.762666802262,0.0363039936634745,874.6133425350365,886.9604836740813,876.7821117479145,872.0452383104141,863.3168395873045,1.2291365451074237,1.0,1.0,1.0,0.0,0.0,941.284421070307,951.4549535252738,0.0010612506984506,0.0010499184200772,False,,5,1.0,True,True,True,True,False,False,True,False,retained,RG-003,3,0,1,0,0,False,member,157,main
French_vs_LMU,French,LMU,FT-171,26,24,8.24002378026714,8.137356454406547,0.1026673258605939,0.04861305704612562,3748.3679796265033,3482.6215844071025,0.10605950835576847,375.0,0.22488162159255476,0.6009615384615384,0.6009615384615384,0.20192307692307687,0.20192307692307693,1.0,1.0,0.0,0.278626914803354,0.5549769339063291,French > LMU,False,3663.690515051816,934.7158231478336,25.51295802163612,0.2437866522266282,1.0,3602.7528369859992,763.2426028588037,21.184983744189328,0.2142012867381972,1.0,3748.1534837250074,643.9282085836734,17.179878342220977,0.1782807296185751,1.0,3415.499074105536,624.9167111734417,18.296497747905185,0.1813705100462703,1.0,18.296497747905185,21.184983744189328,0.1813705100462703,1.0,1.0,1.3944175750551584,1.3441361121189692,1262.7926388390904,1262.8650537775038,1262.7251615197877,0.0354453082579663,1499.0089198979422,1518.4259655164649,1501.8736659668195,1496.264148959211,1479.0215741033132,1.3682078056744542,1.0,1.0,1.0,0.0,0.0,4101.889504258449,3588.978393698937,0.0002437306680967,0.000278553208497,False,,5,1.0,True,True,True,True,False,False,True,False,retained,RG-018,12,0,11,0,3,False,member,158,main
French_vs_LMU,French,LMU,FT-229,26,24,6.868815023314738,6.887240642925628,-0.0184256196108894,-0.015100788955482614,965.946930188964,925.2553684823827,0.06202671199870769,249.0,0.22488162159255476,0.39903846153846156,0.6009615384615384,-0.20192307692307687,-0.20192307692307693,1.0,1.0,0.0,0.278626914803354,0.5549769339063291,French < LMU,False,1036.3199281214893,174.26307603838032,16.81556740438858,0.1720613531791983,1.0,1088.976075931535,180.96079605428028,16.617518056995173,0.1652323409307916,1.0,967.2604112422092,109.52501511713166,11.323219046717066,0.1128474561408967,1.0,954.0760835351624,172.59667006380357,18.09045138457687,0.1827454988819304,1.0,16.617518056995173,18.09045138457687,0.1652323409307916,1.0,1.0,1.011918106345011,1.0413297554821124,975.1420796493152,975.19513630601,975.0878433330068,0.0290253234446013,1174.724661855747,1190.7307771536025,1177.058293531887,1172.2284839034685,1160.82065582275,1.228760315355733,1.0,1.0,1.0,0.0,0.0,945.172832112783,1004.5202900552292,0.0010568893610768,0.0009945100162474,False,,5,1.0,True,True,True,True,False,False,True,False,retained,RG-017,8,0,3,0,0,False,member,159,main
French_vs_LMU,French,LMU,FT-023,26,24,7.504172506397082,7.476333446796607,0.027839059600474947,0.015042555944524416,1800.6673619397861,1789.5214416229355,0.008952878843975809,364.0,0.31728769872641804,0.5833333333333334,0.5833333333333334,0.16666666666666674,0.16666666666666666,1.0,1.0,0.0,0.3906604790569022,0.408200521704975,French > LMU,False,1724.8333027315362,323.5220148815151,18.756711988872706,0.1939580026098016,1.0,1770.0987940056827,323.50770533601474,18.276251383908697,0.1970287152090957,1.0,1824.9613909279733,227.3149329952592,12.455876279096074,0.1239343162333272,1.0,1699.825069969328,399.2304388201249,23.486560227478503,0.3410545958200204,1.0,18.276251383908697,23.486560227478503,0.1970287152090957,1.0,1.0,1.0262887938489962,0.9844148981226656,1373.9225103480585,1374.0029575632857,1373.8540674237456,0.0405870910542427,980.4212867734888,997.417253063569,983.3517791601566,977.5795583957146,968.2150490053244,1.401590404635891,1.0,1.0,1.0,0.0,0.0,1768.6488499031534,1765.02677748713,0.0005650838583342,0.0005662428298074,False,,5,1.0,True,True,True,True,False,False,True,True,retained,RG-019,2,0,1,0,0,True,representative,160,main
French_vs_LMU,French,LMU,FT-224,26,24,7.014288837340875,7.042312297520587,-0.028023460179711357,-0.010203307296172248,1080.808377839683,1051.2370130799231,0.03998527154104814,261.0,0.3267758551920349,0.4182692307692307,0.5817307692307693,-0.16346153846153844,-0.16346153846153846,1.0,1.0,0.0,0.39984374827845265,0.3981096899665784,French < LMU,False,1188.7122198836414,219.64544219828383,18.477596050941926,0.1860716412314892,1.0,1131.8724397203837,195.9361139221968,17.310794666102183,0.1774581927719738,1.0,1123.237617494687,129.79823076354248,11.55572327189767,0.1106795542612884,1.0,1106.2478456732324,171.17416985035055,15.473401419026366,0.1597742809786322,1.0,15.473401419026366,17.310794666102183,0.1597742809786322,1.0,1.0,1.194152180930403,1.1645906968992958,1253.32364366104,1253.39641832023,1253.2628428970104,0.0341562439500352,1273.874816816318,1285.89905912226,1276.2559770273813,1271.3717770670623,1263.522872491316,1.183151434417745,1.0,1.0,1.0,0.0,0.0,1065.7368459227166,1120.5971887951428,0.0009374383230711,0.0008915856869026,False,,5,1.0,True,True,True,True,False,False,True,False,retained,RG-009,24,0,6,0,0,False,member,161,main
French_vs_LMU,French,LMU,FT-149,26,24,7.330541201973281,7.2038324089540975,0.12670879301918347,0.04143841490891198,1506.8784652249763,1376.665477310442,0.13029453479675157,362.0,0.33644641275591736,0.5801282051282051,0.5801282051282051,0.16025641025641035,0.16025641025641027,1.0,1.0,0.0,0.40913545254886247,0.3881328862331475,French > LMU,False,1498.2910353979833,378.7100122053168,25.276131489682317,0.2480367781962727,1.0,1444.6155491564878,308.9157870225074,21.38394448286837,0.2152170373614088,1.0,1487.1104695276,246.0794329356413,16.547488433311326,0.1736711173152209,1.0,1364.6292449941482,275.96621860978564,20.222798215860387,0.2086235364050025,1.0,20.222798215860387,21.38394448286837,0.2086235364050025,1.0,1.0,1.2498829894796006,1.188920399253308,1264.301168475248,1264.3726695538803,1264.2328619236057,0.0369738887775996,1498.8110275470938,1512.298849795731,1501.6547552339002,1496.0694294737173,1483.2695644459832,1.3381313997308846,1.0,1.0,1.0,0.0,0.0,1677.2303813752246,1432.2766127188684,0.0005958657470975,0.0006977020284333,False,,5,1.0,True,True,True,True,False,False,True,False,retained,RG-018,12,0,11,0,3,False,member,162,main
French_vs_LMU,French,LMU,FT-159,26,24,6.909156231092396,6.842569471032862,0.06658676005953446,0.051304319707898394,1029.5167432277428,948.2909547234831,0.11844570344805892,358.0,0.37694631543424817,0.5737179487179488,0.5737179487179488,0.14743589743589736,0.14743589743589744,1.0,1.0,0.0,0.455573154236484,0.34144187570458634,French > LMU,False,1069.713385107761,298.8936910512389,27.94147434372141,0.270728387483183,1.0,1004.2222939698864,301.79672512746885,30.05278083743865,0.5499986215498742,1.0,1047.5708897310249,202.59123229530567,19.339142990821667,0.2022127846512563,1.0,933.4698175111224,254.90342394134504,27.307087937881597,0.3032184463030614,1.0,27.307087937881597,30.05278083743865,0.3032184463030614,1.0,1.0,1.0232315656390356,0.8928493328291606,1343.8406591266526,1343.9145274628254,1343.7677461186618,0.0377960318667136,1551.4018781172863,1565.4921889631703,1553.8324037844404,1548.6513125167294,1538.0750452329032,1.2893645633100164,1.0,1.0,1.0,0.0,0.0,1213.416491655562,995.2032952592753,0.0008234407280131,0.0010038111746455,False,,5,1.0,True,True,True,True,False,False,True,True,retained,RG-011,6,0,5,0,0,False,member,163,main
French_vs_LMU,French,LMU,FT-157,26,24,8.357554757306632,8.258209367319472,0.09934538998716036,0.03353763818851618,4242.415444930279,3958.9486417878766,0.09974421081993999,356.0,0.3982783563247805,0.5705128205128205,0.5705128205128205,0.14102564102564097,0.14102564102564102,1.0,1.0,0.0,0.47841973290232775,0.32019091573817904,French > LMU,False,4151.624070372584,987.9451153096418,23.796593780249943,0.2329135476036382,1.0,4113.560349663417,853.3785255509065,20.74549667469282,0.2094669889318891,1.0,4212.456875457168,723.239622575468,17.169068882087405,0.1786563785882222,1.0,3884.969042771122,719.3424672483061,18.51604116606304,0.1894832277361511,1.0,18.51604116606304,20.74549667469282,0.1894832277361511,1.0,1.0,1.2851879927694976,1.2292040323904676,1263.2947685123595,1263.368664598244,1263.2276740087248,0.0374424281621028,1498.9586431862058,1519.8445044172583,1501.829279831422,1496.1558304650562,1479.1106853079289,1.3746438578061395,1.0,1.0,1.0,0.0,0.0,4652.940872544712,4070.875991327187,0.0002148716598226,0.0002455870468869,False,,5,1.0,True,True,True,True,False,False,True,False,retained,RG-018,12,0,11,1,3,False,member,164,main
French_vs_LMU,French,LMU,FT-154,26,24,7.970101147329329,7.901619875536581,0.06848127179274766,0.03326442736618063,2937.750026325601,2712.735224972572,0.11492268074447726,352.0,0.44306579441666627,0.5641025641025641,0.5641025641025641,0.1282051282051282,0.1282051282051282,1.0,1.0,0.0,0.5289937060611106,0.27654949514664806,French > LMU,False,2753.805753607847,656.588330931545,23.842942810012225,0.2335285528262309,1.0,2789.5480939162576,662.2254721710295,23.739525180271357,0.2376412987380562,1.0,2897.8859424874627,513.2025329567398,17.709549069285362,0.1840811373832018,1.0,2663.137314015164,498.73907816322577,18.727501414911497,0.1894602080499928,1.0,18.727501414911497,23.739525180271357,0.1894602080499928,1.0,1.0,1.2731513020219365,1.2325994742104889,1263.7971017854209,1263.8715515041586,1263.7320792002329,0.037321139261873,1498.895810560801,1516.8788947229823,1501.5387958090012,1496.1383324478263,1479.1927665212909,1.3203674931810594,1.0,1.0,1.0,0.0,0.0,3116.205127045629,2783.60004056718,0.0003208001909543,0.000359118000945,False,,5,1.0,True,True,True,True,False,False,True,False,retained,RG-018,12,0,11,1,3,False,member,165,main
French_vs_LMU,French,LMU,FT-160,26,24,8.774064342197082,8.811789249799428,-0.037724907602346036,-0.02826746580176298,6372.419200219326,6354.3778464053485,0.004089654193176427,273.0,0.4546966071237052,0.43750000000000006,0.5625,-0.125,-0.125,1.0,1.0,0.0,0.5363786323555085,0.2705285314075594,French < LMU,False,6249.052178574144,1063.4299703763677,17.01746024817178,0.1714387441868103,1.0,6330.268243369318,1145.0491190354082,18.088477059953934,0.1720377748311183,1.0,6638.670151488845,966.0078220657962,14.551224869172795,0.1430457376657119,1.0,6585.487282796269,987.4374043812518,14.994143363708316,0.1514105360078994,1.0,14.994143363708316,18.088477059953934,0.1514105360078994,1.0,1.0,1.134940478784582,1.1322775066186013,1254.7781749513174,1254.8523767229926,1254.7118032564333,0.0370579768691196,1499.4061441213764,1520.9206245256487,1501.9742033461912,1496.7452153750164,1480.487733923874,1.258887658077959,1.0,1.0,1.0,0.0,0.0,6247.629484689547,6515.763745093475,0.0001600350928872,0.0001534503994797,False,,5,1.0,True,True,True,True,False,False,True,False,retained,RG-018,12,0,11,0,3,False,member,166,main
French_vs_LMU,French,LMU,FT-139,26,24,6.900982672865208,6.92980740310707,-0.02882473024186183,-0.049906122091595506,982.6621358283678,1007.3712317509328,-0.03579208976164005,273.0,0.4546966071237052,0.4375,0.5625,-0.125,-0.125,1.0,1.0,0.0,0.5363786323555085,0.2705285314075594,French < LMU,False,941.4798996995302,185.5784997041525,19.71136078033946,0.2108614034253811,1.0,937.8703448389372,210.2884714069699,22.42191285439175,0.2090668322705053,1.0,1015.388301931676,186.6591691790857,18.383033251809685,0.182912880396172,1.0,1022.9330490962744,184.2405223998881,18.011004978542655,0.1802488128117026,1.0,18.383033251809685,22.42191285439175,0.182912880396172,1.0,1.0,1.0722583433503288,1.1527969105766374,1174.234578749382,1174.3047758750722,1174.1691741712189,0.0367706332183141,1443.187753176186,1459.7429939552608,1445.8934686334949,1440.3935207486345,1432.0249712908712,1.2691559803045909,1.0,1.0,1.0,0.0,0.0,952.8259689204156,991.377904270608,0.0010484092828085,0.0010076806382896,False,,5,1.0,True,True,True,True,False,False,True,False,retained,RG-025,3,0,2,0,0,False,member,167,main
French_vs_LMU,French,LMU,FT-007,26,24,7.592562941212931,7.5770087197742075,0.015554221438723204,0.016408854028600928,2044.3600862076264,1938.4867896048463,0.0766799030896825,350.0,0.4664974945415621,0.5608974358974359,0.5608974358974359,0.1217948717948718,0.12179487179487179,1.0,1.0,0.0,0.5437870202644245,0.2645711628662311,French > LMU,False,1808.8712306525003,277.9716152727368,15.367131201067654,0.1617130147183023,1.0,1963.1802174907295,294.8428732773366,15.018635102904344,0.1519789050392474,1.0,2017.0313766717788,186.8149816362389,9.261877816917984,0.0925434515941472,1.0,1919.6534459821255,276.64712691001125,14.4113057223448,0.1529565865666639,1.0,14.4113057223448,15.018635102904344,0.1519789050392474,1.0,1.0,1.0663246965360564,1.0640490841577068,1051.7428230998376,1051.8068419482154,1051.6884774309774,0.0298114969532383,753.1931299912063,769.2830906743592,755.954961975586,750.5326793002214,740.815522359763,1.2930408108826212,1.0,1.0,1.0,0.0,0.0,1879.438143583619,1966.5781172310285,0.0005317909570235,0.0005082390331761,False,,5,1.0,True,True,True,True,False,False,True,False,retained,RG-022,4,0,3,0,0,False,member,168,main
French_vs_LMU,French,LMU,FT-169,26,24,8.523431671015945,8.542280931065779,-0.01884926004983356,-0.022839519002824105,4940.13313710952,5009.607813648407,-0.020143691471643542,274.0,0.4664974945415621,0.43910256410256415,0.5608974358974359,-0.1217948717948718,-0.12179487179487179,1.0,1.0,0.0,0.5437870202644245,0.2645711628662311,French < LMU,False,4938.355585155367,732.3561200585802,14.82995923298908,0.1572414050964654,1.0,4867.651450721024,857.628083304824,17.618929621137667,0.1759332346377743,1.0,5161.863797230696,713.809238900211,13.828517507245436,0.1352631926758029,1.0,5028.46361191364,737.3696871364397,14.66391613910526,0.1460832680704099,1.0,14.66391613910526,17.618929621137667,0.1460832680704099,1.0,1.0,1.0113232435529975,1.0763820331612337,1335.3236370967948,1335.4007747123198,1335.2512011728293,0.0394608635400237,1551.257112257207,1571.1934994113076,1553.9358403162698,1548.4957449461135,1537.5793297060084,1.3274352834805834,1.0,1.0,1.0,0.0,0.0,5079.026956656628,5017.406351990132,0.0001968493491337,0.0001992664463298,False,,5,1.0,True,True,True,True,False,False,True,False,retained,RG-011,6,0,4,0,0,False,member,169,main
French_vs_LMU,French,LMU,FT-146,26,24,5.328673352759158,5.357656184464416,-0.028982831705257617,0.13202663077306642,200.88665267479468,206.01619673317657,-0.036198114133249526,276.0,0.49060122936372075,0.4423076923076923,0.5576923076923077,-0.11538461538461542,-0.11538461538461539,1.0,0.9583333333333334,0.04166666666666663,0.5685202481450176,0.2452540630764176,French < LMU,False,261.6091094216664,47.00097804719745,17.9661091125999,0.1758773658218541,0.9090909090909092,261.9596697911767,65.71144256136327,25.0845645872686,0.2872472934526396,0.9629629629629628,194.7691029998359,63.56732097576573,32.63727151622159,0.4567167706769161,1.0,198.9681783603712,49.36386104631966,24.80992762416101,0.338700797787478,0.8846153846153846,25.0845645872686,32.63727151622159,0.338700797787478,0.9629629629629628,0.8846153846153846,0.7162216848570855,0.519270598034465,1633.038705134174,1633.107167277146,1632.9691329723976,0.0425022110452064,1439.0391430336188,1445.0717250636355,1440.7764451317369,1436.86510091518,1430.602291920149,0.996074966973379,0.9629629629629628,1.0,0.8846153846153846,0.0,0.0,214.16382200172248,208.2432429728464,0.0046476214760304,0.0047791268467855,False,,5,1.0,True,True,True,True,False,False,True,True,retained,RG-001,2,0,1,0,0,False,member,170,main
French_vs_LMU,French,LMU,FT-230,26,24,6.761155966980347,6.785234156041874,-0.0240781890615267,-0.005965784931009743,869.0674145000438,823.4542960265765,0.07768766861604182,279.0,0.5279766414001346,0.4471153846153846,0.5528846153846154,-0.10576923076923073,-0.10576923076923077,1.0,1.0,0.0,0.6082537915545411,0.2159151752108179,French < LMU,False,923.013584791086,184.13790992378887,19.949642449245907,0.1993340250717947,1.0,979.2014684364192,175.1981907538367,17.891945263684267,0.1759482469744447,1.0,875.7135831950275,117.60876363869497,13.430049036078806,0.1323038084037431,1.0,856.2163698280697,155.40450417313585,18.15014401141869,0.1809286257376987,1.0,17.891945263684267,18.15014401141869,0.1759482469744447,1.0,1.0,1.1150069014428632,1.1329128223752445,975.6477809466752,975.6990653589808,975.5940350043956,0.0287421584037574,1174.6013930519584,1189.00957448142,1176.7579145842003,1172.100459753538,1162.114930834089,1.1040347611923722,1.0,1.0,1.0,0.0,0.0,842.0695641777539,904.6660560301752,0.0011861417402433,0.0011041597433642,False,,5,1.0,True,True,True,True,False,False,True,False,retained,RG-017,8,0,4,0,0,False,member,171,main
French_vs_LMU,French,LMU,FT-243,26,24,5.114549519074421,5.196683806658308,-0.0821342875838873,-0.06183648421698429,169.73954874108506,165.70863901464529,0.034468403179158384,280.0,0.54074995048051,0.44871794871794873,0.5512820512820513,-0.10256410256410253,-0.10256410256410256,1.0,1.0,0.0,0.6193473270038399,0.20806573240559392,French < LMU,False,191.9783482780277,33.9596297754927,17.68930198644669,0.1857901915026876,1.0,203.45385559039389,41.27843794233053,20.28884526299412,0.2068319291778701,1.0,170.64969018079324,41.52366171149954,24.332690945707363,0.2448092526649984,1.0,176.92273689744272,46.469376127861416,26.26535002948685,0.2454882273931065,1.0,24.332690945707363,26.26535002948685,0.2448092526649984,1.0,1.0,0.7269768076994105,0.758918176009166,1083.0184165320716,1083.081155245212,1082.9536937910798,0.0367099381181748,1438.918439562102,1444.8087708493492,1440.6161703055536,1436.2722954248684,1431.0281680492635,1.1621010653959112,1.0,1.0,1.0,0.0,0.0,161.443969675892,183.925787404744,0.0061559687441472,0.0054075746494528,False,,5,1.0,True,True,True,True,False,False,True,True,retained,RG-007,14,3,5,0,0,True,representative,172,main
French_vs_LMU,French,LMU,FT-163,26,24,7.040614307852195,7.021583871623868,0.01903043622832712,0.04811156484011825,1141.0609347459836,1116.1405375014933,0.03182893800311145,342.0,0.5667513179019609,0.548076923076923,0.548076923076923,0.09615384615384626,0.09615384615384616,1.0,1.0,0.0,0.6453757781889381,0.19018733827560147,French > LMU,False,1067.4257666487863,229.7288990639194,21.521768186762053,0.2304449309397323,1.0,1079.683403511371,209.82167410839028,19.43362965717575,0.1962405198013493,1.0,1164.8620666957506,148.96093780322212,12.787860645661242,0.1256600173690504,1.0,1085.544693924251,240.08297041015052,22.116359810322415,0.3071777378640448,1.0,19.43362965717575,22.116359810322415,0.1962405198013493,1.0,1.0,1.1074497438935844,1.1742984128507583,1337.3318321701493,1337.4086088050117,1337.2605286062494,0.0385999135719712,1551.0732220065731,1564.003391265867,1553.8833102803744,1548.545409600503,1539.332274119059,1.2550125304137447,1.0,1.0,1.0,0.0,0.0,1104.3794371121548,1109.6459198851526,0.000904666729293,0.0009003769627168,False,,5,1.0,True,True,True,True,False,False,True,False,retained,RG-011,6,0,5,0,0,False,member,173,main
French_vs_LMU,French,LMU,FT-150,26,24,7.31171458558206,7.293980573746472,0.017734011835588426,0.009499617521097292,1534.9416778477039,1399.3939412867962,0.13329071050376465,340.0,0.5933375553870515,0.5448717948717949,0.5448717948717949,0.08974358974358965,0.08974358974358974,1.0,1.0,0.0,0.6679285623499951,0.17526998458472567,French > LMU,False,1461.756135360252,234.0632126572216,16.01246658010684,0.1585702687649865,1.0,1449.3280687927495,233.93920670054865,16.141218247115958,0.1634651463716654,1.0,1492.7716031517657,163.66621994921448,10.963915685672044,0.1123680167112753,1.0,1416.5261159363304,161.27256414546858,11.385075243661616,0.1142916715381597,1.0,11.385075243661616,16.141218247115958,0.1142916715381597,1.0,1.0,1.406443632335361,1.387417531224426,1265.276619401272,1265.3482895517168,1265.213020467754,0.0356112029110038,1499.076621782328,1513.241326649982,1501.4315327110053,1496.6076603409624,1483.3374252319345,1.197063759265388,1.0,1.0,1.0,0.0,0.0,1532.540603133753,1452.830361439174,0.000652085766726,0.0006878381594741,False,,5,1.0,True,True,True,True,False,False,True,False,retained,RG-018,12,0,10,0,0,False,member,174,main
French_vs_LMU,French,LMU,FT-155,26,24,6.932789140146543,6.951307803821604,-0.018518663675060942,-0.00216370528063603,1060.4050712432359,1013.179380028565,0.06566249947109011,284.0,0.5933375553870515,0.45512820512820507,0.5448717948717949,-0.08974358974358976,-0.08974358974358974,1.0,1.0,0.0,0.6679285623499951,0.17526998458472567,French < LMU,False,1038.9695002714582,163.279629059216,15.71553630944459,0.1564104066425036,1.0,1009.7221976645932,157.85608072607192,15.633614977582988,0.1642765567562091,1.0,1030.8070125145923,135.40441370882257,13.135767613620663,0.1387392788681812,1.0,997.7027006819924,143.62022611258183,14.395092447320067,0.1670527753153103,1.0,14.395092447320067,15.633614977582988,0.1642765567562091,1.0,1.0,1.0917287517920975,0.9521164171624372,1266.2831822007336,1266.3496637437588,1266.2194012278928,0.0351803559518064,1499.1248349190344,1514.2912847345538,1501.8993996529623,1496.2190622803143,1483.236571225258,1.3516557316872444,1.0,1.0,1.0,0.0,0.0,1087.7698336030307,1012.7057200006992,0.000918467768978,0.0009864795869942,False,,5,1.0,True,True,True,True,False,False,True,True,retained,RG-018,12,0,11,0,0,False,member,175,main
French_vs_LMU,French,LMU,FT-009,26,24,9.718513479925456,9.703385181607224,0.01512829831823126,0.0025900943005190413,16741.175089681165,16727.513051775044,0.0011777562114609712,339.0,0.6068413998408548,0.5432692307692308,0.5432692307692308,0.08653846153846145,0.08653846153846154,1.0,1.0,0.0,0.679248612321866,0.1679712401556688,French > LMU,False,15570.570638268107,2137.154805454897,13.725603608915709,0.1450205325553588,1.0,16370.722413751446,2183.547282348768,13.338124165581004,0.1333952989896965,1.0,16811.464003479407,1526.2813382541226,9.078812755023796,0.0898731061870875,1.0,16213.887083644742,2212.4311029425867,13.64528500494066,0.1416506352360659,1.0,13.338124165581004,13.64528500494066,0.1333952989896965,1.0,1.0,1.029050520037487,1.0871487500212451,1049.7326640547776,1049.793638635969,1049.6793811125096,0.0309025666260832,753.5937523711316,783.2621119572547,756.1852169737052,751.1297724848172,737.9808130369114,1.236248501679714,1.0,1.0,1.0,0.0,0.0,15977.066281070063,16464.159916917935,6.258579620393396e-05,6.0734302311421886e-05,False,,5,1.0,True,True,True,True,False,False,True,False,retained,RG-022,4,0,3,0,1,False,member,176,main
French_vs_LMU,French,LMU,FT-008,26,24,8.781183542653073,8.763567209184572,0.01761633346850111,0.0032098205081503295,6448.014169081257,6418.199811665966,0.006685170548127541,337.0,0.6342520832207027,0.5400641025641026,0.5400641025641026,0.08012820512820507,0.08012820512820513,1.0,1.0,0.0,0.698031622315522,0.15612490246845,French > LMU,False,5947.237607897971,836.3392118479535,14.062650040033535,0.1468768502304932,1.0,6348.454789613156,900.6797858404665,14.187385996889954,0.142508801305404,1.0,6503.969550720227,593.4426810086998,9.1243151798425,0.0908835938584767,1.0,6275.771036411887,895.731524807046,14.272852205888825,0.1499967181989588,1.0,14.187385996889954,14.272852205888825,0.142508801305404,1.0,1.0,0.9912079676352104,1.0306510817933852,1050.739663862885,1050.8005431176773,1050.68609043662,0.0312770967688553,753.4570032840134,778.2359707740052,756.2428605858503,750.7624984432473,739.0393890873064,1.2978240632867015,1.0,1.0,1.0,0.0,0.0,6149.202168356023,6375.7156276581045,0.0001625962810044,0.0001568205418574,False,,5,1.0,True,True,True,True,False,False,True,False,retained,RG-022,4,0,3,0,1,False,member,177,main
French_vs_LMU,French,LMU,FT-012,26,24,7.431207408140162,7.4219813657045,0.009226042435662052,-0.003480090701097893,1688.784941064138,1708.4452034712153,-0.01668853131390671,337.0,0.6342520832207027,0.5400641025641026,0.5400641025641026,0.08012820512820507,0.08012820512820513,1.0,1.0,0.0,0.698031622315522,0.15612490246845,French > LMU,False,1601.0158028281076,213.81325783683485,13.354849930846736,0.1360899419537883,1.0,1685.3797272568602,222.50859199018427,13.202282452533195,0.1308088811505325,1.0,1711.1374552184586,208.71317901889785,12.19733566011222,0.1217973033878176,1.0,1659.9486327207628,246.1524069231582,14.828917116531404,0.156929626355307,1.0,13.202282452533195,14.828917116531404,0.1308088811505325,1.0,1.0,1.011556144088121,1.0403723413640278,1210.8240555433492,1210.8955600828046,1210.7624399714518,0.0348255069275807,874.6067099501091,886.9375662181682,876.9385692997641,872.1006850718126,862.2934988270636,1.2505477918517685,1.0,1.0,1.0,0.0,0.0,1649.2667877752604,1685.487226865253,0.0006059626282294,0.0005929484576404,False,,5,1.0,True,True,True,True,False,False,True,False,retained,RG-003,3,1,1,0,0,False,member,178,main
French_vs_LMU,French,LMU,FT-165,26,24,8.43264836035259,8.440111126613605,-0.007462766261014053,-0.026243722183748375,4490.274312830921,4366.949622240218,0.040168623032692315,287.0,0.6342520832207027,0.45993589743589747,0.5400641025641025,-0.08012820512820518,-0.08012820512820513,1.0,1.0,0.0,0.698031622315522,0.15612490246845,French < LMU,False,4330.838282326309,689.7033072442446,15.92539970977098,0.162803769835307,1.0,4407.864743981796,796.825276951614,18.077353168323643,0.1711935469806786,1.0,4630.7623836912135,645.9876644050186,13.9499203560969,0.137828692913489,1.0,4575.479196150883,657.9457366478869,14.379821401032334,0.142956377108563,1.0,14.379821401032334,18.077353168323643,0.142956377108563,1.0,1.0,1.1074824412372526,1.1388353085617977,1255.2798171824015,1255.3525416489088,1255.2149199475878,0.036872816699603,1499.3447722912745,1520.15945308811,1501.9008236691704,1496.6776349502495,1481.9525590833746,1.2738417443216894,1.0,1.0,1.0,0.0,0.0,4330.35494209882,4536.387710929152,0.0002308746370057,0.0002203911289289,False,,5,1.0,True,True,True,True,False,False,True,False,retained,RG-018,12,0,11,1,3,False,member,179,main
French_vs_LMU,French,LMU,FT-151,26,24,4.9254711947104175,4.907049912169585,0.01842128254083253,0.020116964440248353,146.047891143554,132.77143624174477,0.13651599915045126,336.0,0.6481511217430623,0.5384615384615384,0.5384615384615384,0.07692307692307687,0.07692307692307693,1.0,1.0,0.0,0.7093653943521293,0.1491300019487885,French > LMU,False,168.3020546366152,44.055423617817176,26.17640272600251,0.2570901990297718,1.0,171.17956573796332,42.46153506733896,24.805259251760127,0.2396225525428142,1.0,138.7429977355953,26.464926109218336,19.074783261965376,0.2123264112858024,1.0,132.93005980478864,31.382141228278098,23.608009561090707,0.2471305060858049,1.0,23.608009561090707,24.805259251760127,0.2396225525428142,1.0,1.0,1.1087932956933766,1.0728965045301262,1088.6951060782058,1088.7596143680532,1088.630881136988,0.0330279363335156,1438.8803038529063,1444.1661421831948,1441.2777670267333,1436.5525669265598,1430.835098715389,1.1930280235989963,1.0,1.0,1.0,0.0,0.0,155.02049247926035,147.9157945693037,0.0064094144564562,0.0067152044072437,False,,5,1.0,True,True,True,True,False,False,True,False,retained,RG-007,14,2,6,0,0,False,member,180,main
French_vs_LMU,French,LMU,FT-161,26,24,7.787644653695937,7.779636680351878,0.008007973344058783,-0.03568319733521541,2300.1488555181013,2267.8197612717345,0.020412307361405424,291.0,0.6905734173043245,0.4663461538461538,0.5336538461538463,-0.06730769230769229,-0.0673076923076923,1.0,1.0,0.0,0.7516185812649278,0.12400249195486038,French > LMU,False,2252.563161035589,320.3131827392607,14.21994234301517,0.1530022647655249,1.0,2289.2257960955617,420.4224160972272,18.365266406410747,0.1712468501816914,1.0,2404.156180008782,392.6592100237592,16.332516717874995,0.1649602797032179,1.0,2394.185734845982,383.955309576996,16.03698927734593,0.1595972948967543,1.0,16.332516717874995,18.365266406410747,0.1649602797032179,1.0,1.0,0.8706522447610456,0.9275097316808218,1255.783773964013,1255.857464327852,1255.718137993478,0.0376269232141806,1499.2176641397284,1516.2742759870457,1501.9539524350391,1496.516673083489,1484.1305376135774,1.3130847980307403,1.0,1.0,1.0,0.0,0.0,2261.558763434563,2361.594763048152,0.0004419774708887,0.0004232634456151,False,,5,1.0,True,True,True,True,False,False,True,True,retained,RG-018,12,0,11,0,3,True,representative,181,main
French_vs_LMU,French,LMU,FT-005,26,24,10.420952911573043,10.427732656959211,-0.006779745386168656,-0.01631396528659934,33064.00744061392,35415.42213309069,-0.09911324810285524,292.0,0.7049413830543312,0.46794871794871795,0.532051282051282,-0.0641025641025641,-0.0641025641025641,1.0,1.0,0.0,0.763040947591776,0.11745215557593486,French < LMU,False,30133.94500837972,5345.247283314719,17.73829242015375,0.2121248988977114,1.0,30292.07643437917,8830.42094827246,29.15092653817093,0.4041830115391308,1.0,33741.45757326203,5823.609372125243,17.25950741600471,0.1775964155562451,1.0,33604.26137529538,8872.61190006485,26.40323440225254,0.2891473850239668,1.0,26.40323440225254,29.15092653817093,0.2891473850239668,1.0,1.0,0.6718227073968045,0.7336220553408388,886.6324598613013,886.683374655879,886.5806672354295,0.0260289685536768,609.4612894305731,638.0671635917994,612.0676440481267,606.7118780336342,593.3752149084339,1.2871308303822482,1.0,1.0,1.0,0.0,0.0,31389.31168830916,32517.40197962949,3.185696306330194e-05,3.0751818635689115e-05,False,,5,1.0,True,True,True,True,False,False,True,True,retained,RG-008,5,1,3,2,3,True,representative,182,main
French_vs_LMU,French,LMU,FT-162,26,24,8.69197656266483,8.685005695779967,0.006970866884863369,-0.02171826517175468,5787.44364256739,5540.633981156928,0.0628640727625307,293.0,0.7194153816282576,0.46955128205128216,0.5304487179487178,-0.0608974358974359,-0.060897435897435896,1.0,1.0,0.0,0.774452623938616,0.11100514445267576,French > LMU,False,5575.712968976438,872.0262103255328,15.63972563109925,0.1598862101550824,1.0,5675.728669578604,1001.410407489035,17.64373291585457,0.1689536556037153,1.0,5946.051391582643,885.2658508452146,14.888298007286243,0.147637912164383,1.0,5860.709307745455,933.2510067407524,15.923857637971864,0.157714759227225,1.0,15.923857637971864,17.64373291585457,0.157714759227225,1.0,1.0,0.9821568357785944,1.0137682163577917,1254.277029107562,1254.349588244185,1254.211046464982,0.0362667749806767,1499.404825285124,1520.6643017478634,1501.897377148848,1496.650283258094,1481.8052038939109,1.2653251053731978,1.0,1.0,1.0,0.0,0.0,5599.462218843057,5825.575345077884,0.0001785566906666,0.0001716274038822,False,,5,1.0,True,True,True,True,False,False,True,False,retained,RG-018,12,0,11,1,4,False,member,183,main
French_vs_LMU,French,LMU,FT-069,26,24,6.766317269587816,6.776379274126407,-0.010062004538591296,-0.007366528057044519,869.0591100072393,820.6121648810849,0.08265587547545587,294.0,0.7339906986926457,0.47115384615384615,0.5288461538461539,-0.05769230769230771,-0.057692307692307696,1.0,1.0,0.0,0.7858487371872348,0.1046610403815367,French < LMU,False,924.0848528841284,133.00049018131477,14.39267073431749,0.1483940005332454,1.0,963.5270914734796,167.26846340223193,17.36001663912072,0.1778894901757489,1.0,880.6997002504892,111.29518142855169,12.637131748415156,0.1238138893119786,1.0,864.6323305632338,151.8128953212514,17.55808682545543,0.1744434343662844,1.0,17.36001663912072,17.55808682545543,0.1744434343662844,1.0,1.0,0.8290701001912447,0.8506711706997114,1150.7568385346326,1150.8215253510546,1150.6976302094158,0.0348052353991313,1199.4452906242605,1210.6137862572284,1201.2154408063195,1197.1823084180112,1184.9031991225047,1.0329515176038833,1.0,1.0,1.0,0.0,0.0,837.8789706795819,903.719800897984,0.0011920670739783,0.0011053145946484,False,,5,1.0,True,True,True,True,False,False,True,True,retained,RG-015,16,2,2,0,0,False,member,184,main
French_vs_LMU,French,LMU,FT-158,26,24,6.975246946597602,6.97424667333897,0.0010002732586320562,-0.033393089891412764,1029.0133421006144,1032.747872826576,-0.0052213354920291445,296.0,0.7634258873854969,0.47435897435897434,0.5256410256410257,-0.05128205128205132,-0.05128205128205128,1.0,1.0,0.0,0.8042508011494272,0.09460849780603349,French > LMU,False,984.5967368662832,143.59764913315124,14.584412456025948,0.1534563617952599,1.0,988.1466796263404,203.06819794960268,20.550410393160583,0.2006633238580641,1.0,1066.708522918447,175.02912508890694,16.408336610083357,0.1619257321850824,1.0,1052.9436143684177,179.121852018199,17.01153315086496,0.1659174758278136,1.0,17.01153315086496,20.550410393160583,0.1659174758278136,1.0,1.0,0.8573249880939977,0.9248957111336144,1256.286883804324,1256.3617691443733,1256.218970839692,0.0384284633284264,1499.1705919535325,1512.5175795444216,1501.7481985790696,1496.5087130770617,1486.488871019942,1.2082867332128768,1.0,1.0,1.0,0.0,0.0,994.754597744716,1035.3280496122743,0.0010042635025385,0.0009649454150875,False,,5,1.0,True,True,True,True,False,False,True,True,retained,RG-018,12,0,11,0,0,False,member,185,main
French_vs_LMU,French,LMU,FT-063,26,24,7.172220551378172,7.156964818131987,0.015255733246184455,-0.010074596050783313,1312.30467196761,1229.7964665528564,0.09360943713090063,296.0,0.7634258873854969,0.47435897435897434,0.5256410256410257,-0.05128205128205132,-0.05128205128205128,1.0,1.0,0.0,0.8042508011494272,0.09460849780603349,French > LMU,False,1353.3149118790946,183.8754122947832,13.587038070796831,0.1470859695382142,1.0,1403.740408274534,220.23408296643825,15.689089070047368,0.1584401484599632,1.0,1292.5027699691805,162.33883923725097,12.560038013777092,0.1266621654565877,1.0,1273.2629893831324,228.5484794232739,17.949825081619668,0.1746794686766625,1.0,15.689089070047368,17.949825081619668,0.1584401484599632,1.0,1.0,0.8660182888971139,0.9283377412094626,1149.7527620467906,1149.8187882192658,1149.690158497745,0.032753424332895,1199.627733531914,1211.340092005355,1201.7405156059112,1197.2342172171689,1184.739180146977,1.1315627824245194,1.0,1.0,1.0,0.0,0.0,1224.2201682630816,1324.1886172983866,0.0008161798392672,0.0007546095604402,False,,5,1.0,True,True,True,True,False,False,True,True,retained,RG-015,16,2,1,0,0,False,member,186,main
French_vs_LMU,French,LMU,FT-135,26,24,7.297196324361876,7.297066133907354,0.0001301904545218946,-0.02475436592857516,1440.5587040278347,1402.8775957497228,0.03821243595341315,296.0,0.7634258873854969,0.47435897435897434,0.5256410256410257,-0.05128205128205132,-0.05128205128205128,1.0,1.0,0.0,0.8042508011494272,0.09460849780603349,French > LMU,False,1399.9749342510672,249.0898358182811,17.7924496877892,0.1922978735455733,1.0,1353.0424658944398,300.116912251219,22.180893786864573,0.2177014484964543,1.0,1493.6667457121855,271.9953183197364,18.20990653373943,0.1790419658197569,1.0,1474.131702811324,253.0396811159103,17.165337441243345,0.1701455783078931,1.0,18.20990653373943,22.180893786864573,0.1790419658197569,1.0,1.0,0.9770752889271144,1.0740379925182522,1173.2301124568482,1173.299758045921,1173.174174305768,0.03387592307933,1442.9947789043065,1461.5335927384624,1446.522009722994,1439.6890407160083,1429.7166348575215,1.5507356932126253,1.0,1.0,1.0,0.8011058026765228,0.1666666666666666,1396.4444657974168,1439.1760283640651,0.0012888568002226,0.0012506150409422,False,0.3535533905932737,5,1.0,True,True,True,True,False,False,True,False,retained,RG-025,3,0,2,0,1,True,representative,187,main
French_vs_LMU,French,LMU,FT-004,26,24,8.649305945773337,8.611466996502752,0.03783894927058462,-0.015445344228124824,5517.633322617008,5614.770451786205,-0.025172934776093704,298.0,0.7932071276778211,0.4775641025641026,0.5224358974358974,-0.04487179487179482,-0.04487179487179487,1.0,1.0,0.0,0.831179809321972,0.08030501502565693,French > LMU,False,4927.071786112868,1017.7322477937986,20.655924897670747,0.2500675052057238,1.0,4984.858382333048,1549.4631335959764,31.083393243175465,0.4489999649122724,1.0,5633.607046559093,1219.6645374404725,21.64979785349817,0.2186352319383048,1.0,5642.504715364699,1733.473738644778,30.721706513146195,0.3366704673573767,1.0,30.721706513146195,31.083393243175465,0.3366704673573767,1.0,1.0,0.6723560388428235,0.7427663827141582,888.6453654740943,888.696941107057,888.6002022302245,0.0261611624589508,609.2556518766722,632.996441523236,612.0087323125949,606.7788089451603,595.4616877237953,1.2546838991479563,1.0,1.0,1.0,0.0,0.0,5192.6804661605365,5414.811166240645,0.0001925416872515,0.0001846445471056,False,,5,1.0,True,True,True,True,False,False,True,True,retained,RG-008,5,0,3,2,3,False,member,188,main
French_vs_LMU,French,LMU,FT-166,26,24,7.791061562260968,7.794892624154437,-0.0038310618934698226,-0.016700770051054192,2400.1431119583012,2419.1959838532557,-0.011402486462512008,301.0,0.8384370334626459,0.4823717948717948,0.5176282051282052,-0.03525641025641024,-0.035256410256410256,1.0,1.0,0.0,0.873926431704451,0.05852512531705227,French < LMU,False,2382.851464684823,391.389090596574,16.425240783874987,0.1728798535273896,1.0,2365.399175156565,420.01840403181177,17.7567663184803,0.1772971814166283,1.0,2476.4544542656777,312.97061794079127,12.637850754803962,0.1238776126488599,1.0,2403.2401571449404,357.6057644318012,14.880151006491102,0.146822983131908,1.0,14.880151006491102,17.7567663184803,0.146822983131908,1.0,1.0,1.1038356248340409,1.1774713320738877,1336.829587591733,1336.9071768270933,1336.758166890643,0.0395924658268704,1551.163342823527,1568.0353767641172,1553.9326980453293,1548.4241335389538,1538.6801701207305,1.3142761731910406,1.0,1.0,1.0,0.0,0.0,2406.167023633026,2414.4030079228264,0.0004154260963955,0.000414009586276,False,,5,1.0,True,True,True,True,False,False,True,False,retained,RG-011,6,0,5,0,0,False,member,189,main
French_vs_LMU,French,LMU,FT-170,26,24,8.7065765015151,8.703591019112348,0.002985482402751316,-0.011038262397562448,5996.164636174085,6013.520514628437,-0.004169149771664185,321.0,0.8688996506453646,0.514423076923077,0.514423076923077,0.028846153846153744,0.028846153846153848,1.0,1.0,0.0,0.8961949276289886,0.04759751847806876,French > LMU,False,5779.27594753261,938.4985709118644,16.239033737652633,0.1658784997235377,1.0,5671.299210429717,1427.1031630819375,25.16360202715888,0.5649406356678215,1.0,6153.13984052284,801.2089553315006,13.021140037399524,0.1287423968507694,1.0,5957.12164483998,900.2420365247706,15.112030443503771,0.1512250157981338,1.0,15.112030443503771,25.16360202715888,0.1512250157981338,1.0,1.0,1.0745765632462263,1.0968985445170294,1335.8228921318928,1335.9020610217854,1335.7547405936011,0.0383352462187882,1551.4213307481,1575.553642272948,1553.910653186191,1548.7607078924857,1537.0798873901392,1.2195413220166411,1.0,1.0,1.0,0.0,0.0,5970.165276770475,5923.94781393716,0.000167471499054,0.0001687778578652,False,,5,1.0,True,True,True,True,False,False,True,False,retained,RG-011,6,0,4,0,0,False,member,190,main
French_vs_LMU,French,LMU,FT-010,26,24,10.328845343279443,10.320144498830333,0.00870084444911079,-0.006212366429712901,30498.354750723192,31189.458151456536,-0.032326023266408425,321.0,0.8688996506453646,0.5144230769230769,0.5144230769230769,0.028846153846153744,0.028846153846153848,1.0,1.0,0.0,0.8961949276289886,0.04759751847806876,French > LMU,False,28860.09038225068,3709.36151288251,12.85291024301093,0.1367258808038454,1.0,30190.928196631507,3678.606832378517,12.184477431167387,0.1237166439220824,1.0,30941.1819221988,2643.9503244453585,8.54508509433653,0.0850352491148434,1.0,30036.333138705257,3928.4577489313447,13.07901910259837,0.1362252525482918,1.0,12.184477431167387,13.07901910259837,0.1237166439220824,1.0,1.0,1.0548593746116448,1.1051534900183375,1048.7247997662084,1048.78595409864,1048.6698763776742,0.0308250717841684,753.8246143446223,789.1346398643811,756.4360118983379,751.049813858065,736.9196307140818,1.2868549250467392,1.0,1.0,1.0,0.0,0.0,29386.32026906297,30386.96775813364,3.40282812738368e-05,3.290776164958712e-05,False,,5,1.0,True,True,True,True,False,False,True,False,retained,RG-022,4,0,3,0,0,True,representative,191,main
French_vs_LMU,French,LMU,FT-006,26,24,9.698865934730453,9.649389239658039,0.049476695072414145,-0.008284180258399942,15952.213514154842,16566.65457920083,-0.054522319479105213,305.0,0.8995581435295268,0.4887820512820513,0.5112179487179487,-0.022435897435897467,-0.022435897435897436,1.0,1.0,0.0,0.9229841368506082,0.034805763044996364,French > LMU,False,14237.665886413428,2793.4597523051384,19.62020863947125,0.2333371653017254,1.0,14353.00281365266,4482.013535674623,31.2270093851811,0.4300291955618134,1.0,16234.006148135048,3248.81288554222,20.012391617305397,0.2028509278892641,1.0,16153.435788884508,4743.407375695724,29.36469638836683,0.3242575065160616,1.0,29.36469638836683,31.2270093851811,0.3242575065160616,1.0,1.0,0.6681563595952597,0.7196045137359601,887.6403722304062,887.6915980212889,887.5931182401197,0.0264112827320949,609.3874587233016,637.95713424683,612.0491366757302,606.703800297612,594.2041830964115,1.275730582215387,1.0,1.0,1.0,0.0,0.0,15002.78195670832,15564.614763685193,6.664986220710114e-05,6.424416993365496e-05,False,,5,1.0,True,True,True,True,False,False,True,True,retained,RG-008,5,0,3,3,3,False,member,192,main
French_vs_LMU,French,LMU,FT-119,26,24,7.401181293025047,7.384153853376617,0.01702743964843023,-0.019928490914818298,1586.9273809728393,1517.7694969575455,0.06424200752014508,318.0,0.9149467350161921,0.5096153846153846,0.5096153846153846,0.019230769230769162,0.019230769230769232,1.0,1.0,0.0,0.933909361648652,0.029695271142448732,French > LMU,False,1471.8450551446076,292.01676250931,19.840183685681477,0.2126216761447007,1.0,1452.7842246307484,309.6817537912521,21.3164314796964,0.2025924265756863,1.0,1604.4312693890804,294.64690830418886,18.364570295141505,0.1796070911415007,1.0,1571.517427155322,282.5367328618133,17.97859368147424,0.1780589395206016,1.0,18.364570295141505,21.3164314796964,0.1796070911415007,1.0,1.0,1.0803510981648372,1.1838155987793937,1173.7328914728205,1173.8032504310777,1173.6726629889213,0.0333763897511305,1443.2962636993905,1461.1698659261056,1446.2752528351923,1440.3320215371118,1432.0197194417306,1.3310233171334998,1.0,1.0,1.0,0.0,0.0,1461.413215491092,1541.770128799806,0.0006838012604147,0.0006481847044691,False,,5,1.0,True,True,True,True,False,False,True,False,retained,RG-025,3,0,2,0,0,False,member,193,main
French_vs_LMU,French,LMU,FT-018,26,24,7.925990533634005,7.9338830117668895,-0.007892478132884406,0.0016812641049801513,2761.956386144889,2798.04111367362,-0.01871988898943122,317.0,0.9303672731143676,0.5080128205128206,0.5080128205128206,0.01602564102564097,0.016025641025641024,1.0,1.0,0.0,0.9447543958944866,0.02468107865595761,French < LMU,False,2618.2826099031004,542.1395654625433,20.705922401654234,0.2182820654825567,1.0,2700.190045656604,651.514564657568,24.12847072396119,0.5172835306293211,1.0,2803.7602110732228,356.7108877011631,12.722588982194784,0.1269841623967162,1.0,2635.671107355181,530.3400228677482,20.121631313852696,0.2202243373097747,1.0,20.121631313852696,24.12847072396119,0.2202243373097747,1.0,1.0,1.0290379581400682,0.9911804850865056,1372.9191123009864,1372.997683690058,1372.8485441828032,0.0401136096641405,980.422438027575,998.3599555885412,983.254920699392,977.8447214040514,967.5379132700484,1.3146068155169774,1.0,1.0,1.0,0.0,0.0,2719.6012785888224,2713.042348251479,0.0003675658053497,0.0003684540886564,False,,5,1.0,True,True,True,True,False,False,True,True,retained,RG-019,2,0,1,0,0,False,member,194,main
French_vs_LMU,French,LMU,FT-002,26,24,7.37049277567329,7.336073915494046,0.03441886017924389,-0.003972109385211198,1568.0593946954286,1662.9976590018782,-0.08475343914489548,316.0,0.9458139986726618,0.5064102564102564,0.5064102564102564,0.012820512820512775,0.01282051282051282,1.0,1.0,0.0,0.9555146550693046,0.019762647628411095,French > LMU,False,1375.0627606749038,288.0754338021132,20.949984396401003,0.2449409241714183,1.0,1439.636430766677,450.079252450003,31.26339698213345,0.439853957382915,1.0,1606.1515481488566,344.3016937438306,21.436438805581563,0.214657924474939,1.0,1593.6030149750611,493.28334676682425,30.953966711373457,0.3413215147327254,1.0,30.953966711373457,31.26339698213345,0.3413215147327254,1.0,1.0,0.6768109752054273,0.7176252114175146,889.6499309783783,889.7022159640214,889.6015469549808,0.0255523760494532,609.0997423566134,627.7172511456954,611.7465009922388,606.4265533909693,596.7890463679698,1.324647395195849,1.0,1.0,1.0,0.0,0.0,1466.5399815071848,1545.1114211635718,0.000681412440275,0.0006467839162894,False,,5,1.0,True,True,True,True,False,False,True,True,retained,RG-008,5,0,3,1,3,False,member,195,main
French_vs_LMU,French,LMU,FT-167,26,24,7.317305636005949,7.323891304859079,-0.0065856688531296115,-0.006286048955365331,1542.1749903519626,1493.7312276849489,0.046015575262448045,310.0,0.9767628343613342,0.4967948717948718,0.5032051282051282,-0.0064102564102563875,-0.00641025641025641,1.0,1.0,0.0,0.9817463182101165,0.008000718765492429,French < LMU,False,1421.742137407968,361.5286462765001,25.428566598976715,0.3597487669386663,1.0,1444.4191985415805,273.45953525759,18.93214487412658,0.2514150081716633,1.0,1514.7214648542426,165.5400592244962,10.92874584968172,0.1121439040003046,1.0,1457.9028162015684,176.75848660577049,12.12416113347654,0.1281531360530247,1.0,12.12416113347654,18.93214487412658,0.1281531360530247,1.0,1.0,2.0973464736265184,2.807178802006191,1265.77527779671,1265.8486863418618,1265.707657435392,0.0369358244064868,1499.0848223250168,1514.3265804167722,1501.8588201157356,1496.4021384769785,1481.4138917000043,1.312509119610498,1.0,1.0,1.0,0.0,0.0,1510.4056100065832,1471.9942995958702,0.0006616357603672,0.000678889253186,False,,5,1.0,True,True,True,True,False,False,True,False,retained,RG-018,12,0,10,0,0,False,member,196,main
French_vs_LMU,French,LMU,FT-168,26,24,8.408502875124107,8.40235556468378,0.006147310440326237,-0.00594703230114213,4347.920220105391,4426.256828780619,-0.025755824628257033,311.0,0.9922533045505789,0.49839743589743596,0.5016025641025641,-0.0032051282051281937,-0.003205128205128205,1.0,1.0,0.0,0.9922533045505789,0.003377446065856355,French > LMU,False,4272.505543503742,647.1068858692253,15.14584075503748,0.1549091845619992,1.0,4228.6050966851,811.5313554095404,19.191467087946293,0.2069617323617849,1.0,4544.164145292001,573.1416536814055,12.612696974760718,0.1238463724811625,1.0,4226.153285283751,1065.088414705093,25.20231384919067,0.5655774027785154,1.0,19.191467087946293,25.20231384919067,0.2069617323617849,1.0,1.0,0.7891966093905465,0.7484919206764573,1336.3262451050714,1336.405389862383,1336.2566589899025,0.0391003658010661,1551.2877356272045,1571.0304137199175,1553.9989897891342,1548.747391469725,1537.806266046342,1.2870543607151437,1.0,1.0,1.0,0.0,0.0,4360.541664934453,4331.653048170472,0.0002292767275479,0.0002308054646614,False,,5,1.0,True,True,True,True,False,False,True,True,retained,RG-011,6,0,5,0,0,True,representative,197,main
LMU_vs_Dunn,LMU,Dunn,FT-133,24,26,7.413908157075779,6.937337138848798,0.47657101822698156,0.4823328387081576,1534.3373044237626,1055.9402857836808,0.5386617711642009,624.0,1.4590262142284933e-09,1.0,1.0,1.0,1.0,1.0,1.0,0.0,1.1976173508458883e-08,7.921681920645932,LMU > Dunn,True,1351.542551822656,286.5416417756065,21.20108178534103,0.2053519591697415,1.0,1097.3934043636864,239.03633427878904,21.782191630483883,0.2092158809227371,1.0,928.0793216650784,169.53446132105458,18.26723830209801,0.1843039852101316,1.0,1659.7731732869022,357.42945752525014,21.534837607805237,0.2160954655260679,1.0,21.534837607805237,21.782191630483883,0.2092158809227371,1.0,1.0,0.9845015862881068,0.981531412740018,1088.3554957275571,1088.4199453175788,1088.2934665530554,0.0305335130841398,1455.6188085752144,1466.7822506003197,1457.4629416105597,1453.362926730289,1444.7626845477362,1.0102804559737495,1.0,1.0,1.0,0.0,0.0,1439.6278977590514,1226.756794766722,0.00069414177079,0.0008144935578955,False,,5,1.0,True,True,True,True,False,False,True,True,retained,RG-007,14,0,8,0,0,False,member,1,main
LMU_vs_Dunn,LMU,Dunn,FT-068,24,26,6.357599324219205,6.021101932822623,0.3364973913965814,0.3656069149807415,554.1710001512438,439.1586706665423,0.33490852177507285,624.0,1.4590262142284933e-09,1.0,1.0,1.0,1.0,1.0,1.0,0.0,1.1976173508458883e-08,7.921681920645932,LMU > Dunn,True,488.2199166624425,96.60530378739608,19.787251705708155,0.1969975252195319,1.0,442.4930305940953,87.98194662788195,19.883238954013937,0.2060094685673168,1.0,334.80251374598936,57.20044068189484,17.084830111309177,0.180890845137984,1.0,580.5758467964937,112.13830397823811,19.315013636374264,0.192908217563552,1.0,19.315013636374264,19.883238954013937,0.192908217563552,1.0,1.0,1.0244492744465148,1.0211982035168237,1150.2524730526775,1150.3175604084613,1150.188700028146,0.0330723340888498,1279.7884240559065,1291.1614973466476,1282.297445204404,1277.0675088026385,1271.432436429538,1.252126286661389,1.0,1.0,1.0,0.0,0.0,472.5409406108604,452.4955594955079,0.0021117498282408,0.0022050932562877,False,,5,1.0,True,True,True,True,False,False,True,False,retained,RG-015,16,2,2,0,0,False,member,2,main
LMU_vs_Dunn,LMU,Dunn,FT-152,24,26,7.7627245306645305,7.25696696566126,0.5057575650032708,0.49764027728087346,2326.8933971410897,1477.0969996762624,0.6552840443866033,624.0,1.4590262142284933e-09,1.0,1.0,1.0,1.0,1.0,1.0,0.0,1.1976173508458883e-08,7.921681920645932,LMU > Dunn,True,1873.99028946825,374.1319527094883,19.964455248892957,0.2002606874221113,1.0,1546.6056052690012,325.3481191160207,21.036269234226197,0.2032695888837361,1.0,1278.0668562864444,176.15363740923442,13.782818679851152,0.1445684245367744,1.0,2328.5512059533166,351.0407999828976,15.075502702513267,0.1576561288347655,1.0,15.075502702513267,21.036269234226197,0.1576561288347655,1.0,1.0,1.3242978123419151,1.2702372492730576,1088.69277311038,1088.7531592942134,1088.6355161607228,0.0305833539223234,1455.33623852908,1466.4624174348594,1456.9608822617963,1452.985883470457,1444.6656153752283,1.0657414549985278,1.0,1.0,1.0,0.0,0.0,1974.5319659039872,1715.5749488670483,0.0005061927709898,0.0005825553965237,False,,5,1.0,True,True,True,True,False,False,True,False,retained,RG-007,14,2,6,0,0,False,member,3,main
LMU_vs_Dunn,LMU,Dunn,FT-127,24,26,7.140323198682477,6.671210632732363,0.4691125659501143,0.48212119945661236,1242.2700156614296,799.2789894864561,0.6355647192335109,624.0,1.4590262142284933e-09,1.0,1.0,1.0,1.0,1.0,1.0,0.0,1.1976173508458883e-08,7.921681920645932,LMU > Dunn,True,989.7310125429308,215.3305061204137,21.756467503949565,0.2183301626382511,1.0,821.8988475249354,165.3057017990457,20.11265769465999,0.1962584698492268,1.0,659.4826737906666,96.10015867414523,14.572052078603877,0.1553114776869699,1.0,1221.2068678407177,194.37799755889077,15.916877203825516,0.1679594025102196,1.0,15.916877203825516,20.11265769465999,0.1679594025102196,1.0,1.0,1.3668804015602094,1.299898424114522,1089.3621822179891,1089.4251348726043,1089.307522369366,0.0309853004019954,1455.0379438086263,1466.2902433975903,1456.7362453819535,1452.8117716271825,1443.8567584493844,1.0701762813663769,1.0,1.0,1.0,0.0,0.0,1045.6410951475164,899.8632527289776,0.0009554373553993,0.0011100463882511,False,,5,1.0,True,True,True,True,False,False,True,False,retained,RG-007,14,0,9,0,1,False,member,4,main
LMU_vs_Dunn,LMU,Dunn,FT-123,24,26,7.587514160433573,7.069533306750417,0.5179808536831558,0.4957740169682978,1914.8210946355548,1234.1796983101865,0.6332418985349316,624.0,1.4590262142284933e-09,1.0,1.0,1.0,1.0,1.0,1.0,0.0,1.1976173508458883e-08,7.921681920645932,LMU > Dunn,True,1570.523824463237,345.3045581225543,21.986585159927145,0.2207644279280549,1.0,1286.2016715521836,256.60000085784606,19.950215159352272,0.1917281512019792,1.0,1046.1914279598236,146.85775512281575,14.037369376004436,0.1450536559039149,1.0,1929.5898358592387,307.75342793660053,15.949162988804776,0.1615608860143976,1.0,15.949162988804776,19.950215159352272,0.1615608860143976,1.0,1.0,1.3785416310160117,1.3664472470668505,1089.0265712685955,1089.0914068180275,1088.971235140457,0.0306282484678529,1455.280496632148,1466.5178693574048,1457.040376031163,1452.9903136270375,1444.6004065151849,1.048298112389065,1.0,1.0,1.0,0.0,0.0,1643.2145223507462,1418.9589619139815,0.0006081931441465,0.0007042457048562,False,,5,1.0,True,True,True,True,False,False,True,False,retained,RG-007,14,1,6,0,1,False,member,5,main
LMU_vs_Dunn,LMU,Dunn,FT-043,24,26,7.8366422105679865,8.201503526914355,-0.3648613163463681,-0.36782239393564087,2445.9626464379608,3909.4016634320087,-0.676324725526075,0.0,1.4590262142284933e-09,0.0,1.0,-1.0,-1.0,1.0,1.0,0.0,1.1976173508458883e-08,7.921681920645932,LMU < Dunn,True,3673.4484500965054,515.6823455472766,14.038099419463173,0.1443753891704913,1.0,3876.9053153964496,617.4300280197714,15.925847494076171,0.1593609127292718,1.0,4275.790561019544,477.8174094852651,11.174948881764957,0.108745086451523,1.0,2479.727802149605,391.1012205210839,15.77194158899414,0.1613811788650551,1.0,15.77194158899414,15.925847494076171,0.1593609127292718,1.0,1.0,0.8900679310947446,0.9059648736811744,1005.172041771252,1005.2308196005796,1005.1142487241556,0.029859711948434,1156.3855354906916,1177.111414619113,1158.8826604052406,1153.7486667864507,1140.2857042395556,1.3065927903911043,1.0,1.0,1.0,0.0,0.0,3118.8095264918284,3548.3534298493914,0.0003205323887591,0.0002817414551028,False,,5,1.0,True,True,True,True,False,False,True,True,retained,RG-017,8,0,6,0,2,False,member,6,main
LMU_vs_Dunn,LMU,Dunn,FT-046,24,26,8.438271165086753,8.782871169890429,-0.3446000048036755,-0.34424479338496994,4475.16992958472,6809.890684614646,-0.6055786703559807,0.0,1.4590262142284933e-09,0.0,1.0,-1.0,-1.0,1.0,1.0,0.0,1.1976173508458883e-08,7.921681920645932,LMU < Dunn,True,6610.777976966396,882.4985701415895,13.349390543993996,0.1369811487358044,1.0,6917.041036523019,1029.6813517947776,14.88615357864591,0.1477540765815728,1.0,7712.581031773899,751.1978769822063,9.739902555155783,0.0968400165926968,1.0,4497.696904549683,660.8527451943933,14.693136492276794,0.1496327238329179,1.0,14.693136492276794,14.88615357864591,0.1477540765815728,1.0,1.0,0.9085460106499986,0.9270887944684166,1004.1671268211272,1004.2261217749128,1004.1153691754812,0.0293680548858246,1156.358765017695,1178.0238250061675,1158.835709078045,1153.6774251130128,1138.0932935777616,1.2480085387190163,1.0,1.0,1.0,0.0,0.0,5583.736964527925,6382.624485196641,0.0001790594626661,0.0001566508184055,False,,5,1.0,True,True,True,True,False,False,True,True,retained,RG-017,8,0,7,0,2,True,representative,7,main
LMU_vs_Dunn,LMU,Dunn,FT-050,24,26,8.38089759311823,8.731302385403577,-0.3504047922853477,-0.3522253898729524,4208.253372772229,6620.229924845053,-0.6535348751560435,0.0,1.4590262142284933e-09,0.0,1.0,-1.0,-1.0,1.0,1.0,0.0,1.1976173508458883e-08,7.921681920645932,LMU < Dunn,True,6227.326577897577,889.3394364031454,14.28123971464168,0.1481178661026975,1.0,6581.1352570758845,976.5986958541667,14.839365211407111,0.1504386314876479,1.0,7323.356623935527,729.2654193675152,9.95807601372296,0.1000532254249698,1.0,4250.654481007634,631.9083081377187,14.866141460359827,0.1510288355989158,1.0,14.839365211407111,14.866141460359827,0.1504386314876479,1.0,1.0,0.9623888563416176,0.9845733415546192,1004.669623849698,1004.7279192531678,1004.6184698161242,0.0294407585087183,1156.3925786840523,1179.3259458956536,1158.8210746310124,1153.76426801242,1138.7118691983476,1.295796204185867,1.0,1.0,1.0,0.0,0.0,5273.683060561079,6058.416970500901,0.0001895848506002,0.0001650323793309,False,,5,1.0,True,True,True,True,False,False,True,True,retained,RG-017,8,0,6,0,3,False,member,8,main
LMU_vs_Dunn,LMU,Dunn,FT-218,24,26,7.0213164943651485,7.22365424713899,-0.20233775277384147,-0.2117478063519913,1089.1299106686436,1471.2088733404682,-0.43348230084171835,0.0,1.4590262142284933e-09,0.0,1.0,-1.0,-1.0,1.0,1.0,0.0,1.1976173508458883e-08,7.921681920645932,LMU < Dunn,True,1189.7772693898862,199.1225029223852,16.73611591390501,0.167916394385568,1.0,1457.376152964042,238.36747581852492,16.35593359571091,0.1632967495440778,1.0,900.6878120200137,122.53662314854476,13.604783090572337,0.1390024678115418,1.0,1085.186787597364,178.21331329189445,16.42236298199539,0.166993503197978,1.0,16.35593359571091,16.42236298199539,0.1632967495440778,1.0,1.0,1.0232443055585527,1.0282898762797672,945.1499525476456,945.200369387312,945.0988671251616,0.0260107210777758,1013.699714864276,1026.8376972364338,1016.5529087025468,1010.9159672784848,999.9756356944216,1.416637105738516,1.0,1.0,1.0,0.6308394306316073,0.1666666666666666,1088.0531608444526,1151.669566076974,0.0014974837677961,0.001414836895696,False,0.7071067811865475,5,1.0,True,True,True,True,False,True,True,False,retained,RG-021,4,0,3,1,3,False,member,9,main
LMU_vs_Dunn,LMU,Dunn,FT-064,24,26,8.760257105953738,8.958079377570792,-0.19782227161705457,-0.1897578548185379,5957.77662603653,8175.286054926173,-0.4564295043692883,0.0,1.4590262142284933e-09,0.0,1.0,-1.0,-1.0,1.0,1.0,0.0,1.1976173508458883e-08,7.921681920645932,LMU < Dunn,True,8017.739487821633,1226.1335264137506,15.2927583675693,0.154423051346689,1.0,8222.700502118765,1179.0398734545934,14.338840058090248,0.1423108084871207,1.0,8648.549944427341,997.4514895958982,11.533164472717212,0.1125974973978955,1.0,6280.645541455693,1008.543814332969,16.057964227976704,0.1582823101881208,1.0,14.338840058090248,16.057964227976704,0.1423108084871207,1.0,1.0,1.066526881227107,1.0851111942116785,1149.7500936653876,1149.8156497776845,1149.6911692399551,0.0334466553795423,1245.272856166862,1264.3367644279238,1247.3079307712103,1242.858343825742,1228.9963999102197,1.170869750896996,1.0,1.0,1.0,0.0,0.0,7019.659621602379,7723.696154305892,0.0001424367586377,0.0001294549300094,False,,5,1.0,True,True,True,True,False,False,True,False,retained,RG-015,16,2,7,1,2,False,member,10,main
LMU_vs_Dunn,LMU,Dunn,FT-070,24,26,8.389958044324318,8.580427356215967,-0.19046931189164873,-0.19108573175167187,4174.7171423350355,5716.21110858624,-0.4532875739863357,0.0,1.4590262142284933e-09,0.0,1.0,-1.0,-1.0,1.0,1.0,0.0,1.1976173508458883e-08,7.921681920645932,LMU < Dunn,True,5484.17748329735,835.2942489739962,15.230984983946533,0.1533102313721962,1.0,5680.02297054193,794.1014545351698,13.980602871741638,0.1408796790361465,1.0,5922.174753797512,671.8698078586966,11.344984499619324,0.1115175981407347,1.0,4327.332987567539,685.7080635380767,15.845974079372242,0.1569836826101603,1.0,13.980602871741638,15.845974079372242,0.1408796790361465,1.0,1.0,1.0894369236917698,1.088235240320645,1150.753810446541,1150.8205810906825,1150.695729566452,0.0333514671345906,1245.2881515322938,1263.9656129090667,1247.3943959348544,1242.8015662893758,1229.169060665631,1.1577912518482407,1.0,1.0,1.0,0.0,0.0,4812.123898037988,5314.529385824348,0.0002077652728631,0.0001881280164995,False,,5,1.0,True,True,True,True,False,False,True,False,retained,RG-015,16,2,8,0,3,False,member,11,main
LMU_vs_Dunn,LMU,Dunn,FT-193,24,26,7.21784091811441,7.481198765281363,-0.26335784716695265,-0.2593018590766203,1251.6131954829482,1873.8515914603388,-0.5818354180052536,0.0,1.4590262142284933e-09,0.0,1.0,-1.0,-1.0,1.0,1.0,0.0,1.1976173508458883e-08,7.921681920645932,LMU < Dunn,True,1677.0055658266408,279.717496652214,16.6795806974161,0.1767495540143026,1.0,1875.6918015895387,299.1210446702725,15.947238475787172,0.1614000558789477,1.0,1579.1620944470108,197.29499658343133,12.493650732702006,0.1256376844008179,1.0,1328.449181942947,222.44032102618448,16.74436057093659,0.1683914217309579,1.0,15.947238475787172,16.74436057093659,0.1614000558789477,1.0,1.0,1.0459228237378433,1.0951021860046144,1068.7043278235449,1068.7687486413256,1068.6522719222885,0.0303495491247058,1173.5611587867572,1188.1107673645054,1175.798036250536,1171.238443259308,1163.5870780944826,1.073615958423335,1.0,1.0,1.0,0.0,0.0,1463.187158065923,1597.994580114639,0.0006829727979044,0.0006253929890921,False,,5,1.0,True,True,True,True,False,False,True,False,retained,RG-010,25,1,12,0,0,False,member,12,main
LMU_vs_Dunn,LMU,Dunn,FT-232,24,26,6.842307550850908,7.051172347065588,-0.20886479621468013,-0.21401034346041037,865.5275974457234,1214.773717180771,-0.4885571331493237,0.0,1.4590262142284933e-09,0.0,1.0,-1.0,-1.0,1.0,1.0,0.0,1.1976173508458883e-08,7.921681920645932,LMU < Dunn,True,1161.5951378729037,175.42940932578406,15.10245726811735,0.1543321068390583,1.0,1236.67040761456,175.3357399150024,14.178049287458188,0.1393339115311454,1.0,1280.991860501545,153.6803555445121,11.99698142378062,0.1179296074122416,1.0,923.3008881384958,161.59604168436906,17.501991361685935,0.1693148851349054,1.0,14.178049287458188,17.501991361685935,0.1393339115311454,1.0,1.0,1.0651999412554511,1.1076421033695043,1151.7625057823254,1151.8278132907371,1151.7003322838043,0.0337363777691751,1245.2407794332655,1258.885828041167,1247.7170349348398,1242.597248836875,1232.0764022275648,1.318578168780149,1.0,1.0,1.0,0.0,0.0,1013.021817549967,1148.1229426611922,0.0009861720750902,0.0008702289049108,False,,5,1.0,True,True,True,True,False,False,True,False,retained,RG-015,16,0,8,0,0,False,member,13,main
LMU_vs_Dunn,LMU,Dunn,FT-221,24,26,7.047130181242705,7.416359268309662,-0.369229087066957,-0.3813048797194263,1063.5919098566546,1760.4408695238226,-0.7264555373103433,0.0,1.4590262142284933e-09,0.0,1.0,-1.0,-1.0,1.0,1.0,0.0,1.1976173508458883e-08,7.921681920645932,LMU < Dunn,True,1695.4673529688728,284.8879804341981,16.802917492651265,0.1773371748704535,1.0,1783.22943632542,289.78292360659947,16.25045648661652,0.15954560981097,1.0,1972.818486794425,231.98440999501295,11.7590346779423,0.117783167121048,1.0,1122.3541286146217,179.02596705451697,15.950934067084312,0.1656927934490177,1.0,15.950934067084312,16.25045648661652,0.15954560981097,1.0,1.0,1.053412760781519,1.1115139744713944,1005.6756059707232,1005.7351871901508,1005.6206808174506,0.0294205207121462,1156.2008704897985,1172.2008562088015,1158.7916354985457,1153.40959517587,1141.539906588467,1.314394711507909,1.0,1.0,1.0,0.0,0.0,1428.0417919737756,1628.1225668534369,0.0006997695977937,0.0006138273573433,False,,5,1.0,True,True,True,True,False,False,True,False,retained,RG-017,8,0,5,0,1,False,member,14,main
LMU_vs_Dunn,LMU,Dunn,FT-067,24,26,8.812014341288807,9.004498677245211,-0.19248433595640435,-0.19112378608024372,6425.294666902678,8717.284563281424,-0.44005715910019416,0.0,1.4590262142284933e-09,0.0,1.0,-1.0,-1.0,1.0,1.0,0.0,1.1976173508458883e-08,7.921681920645932,LMU < Dunn,True,8547.467029796246,1313.8333153242247,15.37102524928422,0.1557992232063911,1.0,8693.720973351676,1205.6544441426283,13.868106048471606,0.1385357684170649,1.0,9156.506198805662,1051.7108907050158,11.485940902242788,0.11414952619495,1.0,6613.405117642587,945.3827076976552,14.29494626263945,0.1439399368931437,1.0,13.868106048471606,14.29494626263945,0.1385357684170649,1.0,1.0,1.1083723469924178,1.1246137007545531,1150.251969729645,1150.3180018976263,1150.192989410226,0.0337478169990694,1245.3086840060384,1265.5461034467148,1247.4885199904472,1242.940885817954,1227.8460459555374,1.1741079896181184,1.0,1.0,1.0,0.0,0.0,7489.672904397807,8161.369120356326,0.0001334993548327,0.0001225134498642,False,,5,1.0,True,True,True,True,False,False,True,False,retained,RG-015,16,2,8,1,3,False,member,15,main
LMU_vs_Dunn,LMU,Dunn,FT-030,24,26,8.495959729149611,8.710793796899154,-0.2148340677495426,-0.2026719415836986,4809.950094539043,6490.165927526434,-0.43215580091447003,0.0,1.4590262142284933e-09,0.0,1.0,-1.0,-1.0,1.0,1.0,0.0,1.1976173508458883e-08,7.921681920645932,LMU < Dunn,True,5256.516302450767,840.6957940917762,15.993402202516048,0.1676161713524356,1.0,6436.716473341391,947.17657421553,14.715213543091435,0.1461650833096618,1.0,4039.890057945192,458.01570695863455,11.337330976566104,0.1126013428389216,1.0,4813.59268467135,747.4913305086839,15.528761560757587,0.1584044058245737,1.0,14.715213543091435,15.528761560757587,0.1461650833096618,1.0,1.0,1.086861713265772,1.1467593186898677,943.6407760815548,943.6939445363817,943.5907638447396,0.0278931269507372,1013.782160621757,1034.6732477987937,1016.3046768281488,1011.0867446353868,997.308114574802,1.3509453587603917,1.0,1.0,1.0,0.0,0.0,4808.515277561291,5113.694887193008,0.0002079211609256,0.0001955150839014,False,,5,1.0,True,True,True,True,False,False,True,False,retained,RG-021,4,0,3,3,3,True,representative,16,main
LMU_vs_Dunn,LMU,Dunn,FT-052,24,26,7.1888187202438925,7.463094622079659,-0.27427590183576633,-0.27136032232392004,1270.2420900425532,1852.1109231444805,-0.543710443168201,0.0,1.4590262142284933e-09,0.0,1.0,-1.0,-1.0,1.0,1.0,0.0,1.1976173508458883e-08,7.921681920645932,LMU < Dunn,True,1665.0215529972318,299.24782484615184,17.97260968228736,0.1881575634885689,1.0,1869.413218002942,309.1881290067762,16.539314370371034,0.1683437988478343,1.0,1574.3380719415975,183.53313358969825,11.657796813828604,0.1129342699215043,1.0,1306.9271333079812,206.5767764919614,15.80629640530089,0.1615838593329529,1.0,15.80629640530089,16.539314370371034,0.1615838593329529,1.0,1.0,1.1370538183922685,1.1644576646783722,1069.2070748658969,1069.267262316396,1069.1527914655323,0.0310318689959965,1173.5811959662594,1189.0482915242503,1175.8907247598563,1171.315212620077,1163.561102549235,1.1500091708878202,1.0,1.0,1.0,0.0,0.0,1452.0044694646954,1587.177876235044,0.0006882291286883,0.000629652392823,False,,5,1.0,True,True,True,True,False,False,True,False,retained,RG-010,25,1,12,0,0,False,member,17,main
LMU_vs_Dunn,LMU,Dunn,FT-027,24,26,8.402245581558834,8.60611983253618,-0.20387425097734635,-0.20119963136211183,4336.537036028665,5810.206537881024,-0.42196165465756114,0.0,1.4590262142284933e-09,0.0,1.0,-1.0,-1.0,1.0,1.0,0.0,1.1976173508458883e-08,7.921681920645932,LMU < Dunn,True,4768.958402143237,802.7939934802296,16.833738644468834,0.175092248946566,1.0,5824.448721157228,861.7404194386281,14.79522716559197,0.1451578931448602,1.0,3647.390265174328,439.72138083963887,12.055780952154906,0.1200180783006753,1.0,4373.4330090644735,714.0307540499331,16.32655061984526,0.1666510644472039,1.0,14.79522716559197,16.32655061984526,0.1451578931448602,1.0,1.0,1.137781695141367,1.206219277182763,944.1420067072388,944.1949828507568,944.0933831173212,0.0274536438076089,1013.8565207197244,1035.1988995593508,1016.3542223052108,1011.098491583856,998.5545121068548,1.2940592342849382,1.0,1.0,1.0,0.8618677005823497,0.1666666666666666,4362.503124337215,4630.398994955113,0.0004266910433036,0.0004020097820573,False,0.7071067811865475,5,1.0,True,True,True,True,False,True,True,False,retained,RG-021,4,0,3,2,3,False,member,18,main
LMU_vs_Dunn,LMU,Dunn,FT-032,24,26,8.34183859938312,8.551362342352942,-0.20952374296982157,-0.19857460744111322,4062.202631236253,5501.336481319511,-0.4374270533547751,0.0,1.4590262142284933e-09,0.0,1.0,-1.0,-1.0,1.0,1.0,0.0,1.1976173508458883e-08,7.921681920645932,LMU < Dunn,True,4945.637645832655,803.5308231383204,16.24726437076117,0.1716864246665113,1.0,5471.033296250808,762.1422931731681,13.930499997056302,0.1391479599071635,1.0,5127.680455951312,520.4160844420444,10.14915201742021,0.0999837293693759,1.0,4107.125133726587,623.0336793082789,15.169581130900957,0.1521051207504632,1.0,13.930499997056302,15.169581130900957,0.1391479599071635,1.0,1.0,1.1663087738555278,1.2338407604470585,923.6242483918668,923.6775548079564,923.5784299297836,0.0272164472860657,1071.5163479969956,1096.3162617107012,1074.3064281661898,1068.7524562678664,1064.6716237330195,1.3373505220465651,1.0,1.0,1.0,0.0,0.0,4336.593666881878,4909.149928232876,0.0002305425719414,0.0002036597689716,False,,5,1.0,True,True,True,True,False,False,True,False,retained,RG-024,9,1,7,0,0,False,member,19,main
LMU_vs_Dunn,LMU,Dunn,FT-036,24,26,7.739622692625221,7.953586772138039,-0.21396407951281837,-0.22062754307550048,2208.785697805706,3040.256895404544,-0.4607612204940078,0.0,1.4590262142284933e-09,0.0,1.0,-1.0,-1.0,1.0,1.0,0.0,1.1976173508458883e-08,7.921681920645932,LMU < Dunn,True,2744.806913217101,440.364984091865,16.043568746907855,0.1708500865411408,1.0,3015.459451380102,409.15017577165975,13.568419087326866,0.1369970680802767,1.0,2798.249193064306,302.8907394371992,10.82429471213426,0.1066598548589639,1.0,2224.1299899389287,358.29222190097795,16.109320207080888,0.1650302179821741,1.0,13.568419087326866,16.109320207080888,0.1369970680802767,1.0,1.0,1.1824199004799918,1.247107612850715,924.1258325459404,924.1798853197248,924.080169273414,0.0264606354907274,1071.4321892574976,1092.4735550258451,1073.9285036159004,1068.937950833161,1064.7293012038544,1.2463305407572942,1.0,1.0,1.0,0.0,0.0,2403.959721174465,2683.534986649959,0.0004158073797226,0.0003725039923014,False,,5,1.0,True,True,True,True,False,False,True,False,retained,RG-024,9,1,7,0,0,False,member,20,main
LMU_vs_Dunn,LMU,Dunn,FT-045,24,26,8.47627880344005,8.675707880191133,-0.199429076751084,-0.21287683716022698,4628.055603755807,6293.067446826319,-0.443274746304122,0.0,1.4590262142284933e-09,0.0,1.0,-1.0,-1.0,1.0,1.0,0.0,1.1976173508458883e-08,7.921681920645932,LMU < Dunn,True,5683.922567946237,906.273378992838,15.944506072332022,0.1675254623654218,1.0,6264.066114147568,841.6832718802143,13.436692023081449,0.1332425374285835,1.0,5801.103306062147,608.0658542767477,10.481900117884807,0.1032358367644923,1.0,4665.739113876931,731.2515001851302,15.672790148301006,0.1578982281831293,1.0,13.436692023081449,15.672790148301006,0.1332425374285835,1.0,1.0,1.186639244610405,1.2572971484816822,923.1220202532094,923.1748329305268,923.0750959305832,0.026666860202454,1071.5859281352352,1095.0634189274017,1074.300955170282,1068.7521554752243,1064.7794972295344,1.329186310317866,1.0,1.0,1.0,0.0,0.0,4964.597455987662,5585.666936713928,0.0002013856356387,0.0001789976047128,False,,5,1.0,True,True,True,True,False,False,True,False,retained,RG-024,9,1,7,0,0,False,member,21,main
LMU_vs_Dunn,LMU,Dunn,FT-250,24,26,6.716481263222612,6.987661841873472,-0.27118057865086076,-0.2703555666683499,780.1060108882389,1156.6082504453514,-0.5675568414947388,0.0,1.4590262142284933e-09,0.0,1.0,-1.0,-1.0,1.0,1.0,0.0,1.1976173508458883e-08,7.921681920645932,LMU < Dunn,True,1008.4530305560404,200.02150234156176,19.83448869515261,0.2073299272840449,1.0,1146.694247411121,184.6445050150273,16.102331151647196,0.1630808886871533,1.0,947.3096902869554,129.42615238703775,13.662496405777553,0.1353439157265994,1.0,803.9137460068445,142.01323909802102,17.665233341688864,0.1873302168047032,1.0,16.102331151647196,17.665233341688864,0.1630808886871533,1.0,1.0,1.2317774680173332,1.2713318461354282,1069.708344315076,1069.774287255223,1069.649218122904,0.030644853390045,1173.681223284433,1187.769702729723,1175.700209664516,1171.3635911074043,1163.6172158377544,1.1401411506553842,1.0,1.0,1.0,0.0,0.0,876.8528885709525,968.2601775156844,0.0011391430307051,0.0010317147275802,False,,5,1.0,True,True,True,True,False,False,True,False,retained,RG-010,25,1,12,0,0,False,member,22,main
LMU_vs_Dunn,LMU,Dunn,FT-034,24,26,6.902352253247839,7.111045153219317,-0.20869289997147789,-0.23122141895970127,974.6834408146306,1323.580553575447,-0.4410505346679303,0.0,1.4590262142284933e-09,0.0,1.0,-1.0,-1.0,1.0,1.0,0.0,1.1976173508458883e-08,7.921681920645932,LMU < Dunn,True,1174.3463061664256,209.84064651394024,17.868719423910896,0.184566552847915,1.0,1322.4495019727296,189.72741302341623,14.346665996727689,0.142188839546438,1.0,1237.3042656549942,136.23454282775054,11.010593482083552,0.1092928004084175,1.0,965.2442927376534,160.50590859898264,16.628527079269354,0.1678274083180718,1.0,14.346665996727689,16.628527079269354,0.142188839546438,1.0,1.0,1.245496300533277,1.2980382527676275,924.6284568794596,924.682414112093,924.5817555901798,0.0263176047659261,1071.194488617538,1086.3274333241209,1073.7937312742429,1068.6907211707253,1064.7380309052537,1.2846760771846035,1.0,1.0,1.0,0.0,0.0,1030.270024610683,1176.8658110312977,0.0009696781406766,0.0008489931455981,False,,5,1.0,True,True,True,True,False,False,True,False,retained,RG-024,9,1,7,0,0,False,member,23,main
LMU_vs_Dunn,LMU,Dunn,FT-114,24,26,7.691286063344124,7.899623817141343,-0.20833775379721953,-0.20903745192057954,2085.069387544832,2850.4541206076156,-0.4509106741206589,0.0,1.4590262142284933e-09,0.0,1.0,-1.0,-1.0,1.0,1.0,0.0,1.1976173508458883e-08,7.921681920645932,LMU < Dunn,True,2709.068050901017,455.74079705464914,16.822788814886838,0.1715270007961145,1.0,2848.02463209496,361.8132624444045,12.70400748529554,0.1291969248484961,1.0,2963.276355013792,334.4810583564143,11.287541838292618,0.112131476474935,1.0,2134.4398651518786,329.74216340837523,15.44865089862403,0.1556323039452427,1.0,12.70400748529554,15.44865089862403,0.1291969248484961,1.0,1.0,1.3242111856718164,1.3276399650940385,1151.256806499619,1151.3231198517683,1151.2053092518372,0.0333565268257377,1245.2813146104488,1261.8825232464346,1247.5078771979656,1242.7542043970964,1230.7061763431725,1.1684670730987647,1.0,1.0,1.0,0.0,0.0,2379.22740320011,2651.104896086979,0.0004201279250274,0.0003770589924536,False,,5,1.0,True,True,True,True,False,False,True,False,retained,RG-015,16,1,8,0,2,False,member,24,main
LMU_vs_Dunn,LMU,Dunn,FT-244,24,26,7.343614498569245,6.702508058523469,0.6411064400457764,0.6019164997889312,1413.3496471417532,896.3261146184987,0.6564345155293845,623.0,1.645589340270994e-09,0.9983974358974359,0.9983974358974359,0.9967948717948718,0.9967948717948718,1.0,1.0,0.0,1.2603413877909718e-08,7.899511801904604,LMU > Dunn,True,1047.9762939954185,230.7567684917701,22.019273700553665,0.2413034902681106,1.0,881.5857680047274,177.9292576811823,20.182864122669024,0.213217715322847,1.0,766.3033208076005,184.92167446975543,24.1316551094765,0.2420482355061325,1.0,1476.1368033971637,292.4589518664695,19.81245580988212,0.1984398302027022,1.0,20.182864122669024,24.1316551094765,0.213217715322847,1.0,1.0,1.090988551809256,1.1317234588258158,1083.0144831519058,1083.0790412617855,1082.95637841365,0.0347705557677826,1455.407052190095,1466.5766937878682,1456.8898431918287,1452.9667683924738,1445.1365334647055,1.0296105334833578,1.0,1.0,1.0,0.0,0.0,975.27497075787,1039.3197337398924,0.0010243015850582,0.0009612429405766,False,,5,1.0,True,True,True,True,False,False,True,False,retained,RG-007,14,3,7,1,1,False,member,25,main
LMU_vs_Dunn,LMU,Dunn,FT-065,24,26,6.390772187694429,6.0062580180065765,0.38451416968785246,0.3734679610241223,572.8657268707398,433.37293981478604,0.4017789843451784,622.0,1.8553248855806184e-09,0.9967948717948718,0.9967948717948718,0.9935897435897436,0.9935897435897436,1.0,1.0,0.0,1.2603413877909718e-08,7.899511801904604,LMU > Dunn,True,480.1136525835864,96.65674598780384,20.13205528892478,0.1968859763932892,1.0,435.00772944567206,67.22379266824612,15.453470850715462,0.1555232945840934,1.0,348.4606462533602,60.19778422917391,17.275346549579965,0.16741827631204,1.0,587.6739058988328,116.6840701373275,19.85524097056208,0.196257606273007,1.0,17.275346549579965,19.85524097056208,0.16741827631204,1.0,1.0,1.1653633246167368,1.176012444581178,1149.7477835102598,1149.8144632764945,1149.685681984192,0.0325078453702678,1279.935188473766,1290.790366661261,1282.5930344589017,1277.339259704826,1271.8166430403594,1.2261011409371214,1.0,1.0,1.0,0.0,0.0,472.67474828403033,456.7684436834198,0.0021111532831814,0.0021845105616139,False,,5,1.0,True,True,True,True,False,False,True,False,retained,RG-015,16,2,3,0,0,False,member,26,main
LMU_vs_Dunn,LMU,Dunn,FT-240,24,26,7.1766788654432645,6.508358114338074,0.6683207511051901,0.6013551296644364,1180.024154866935,718.1424292604354,0.7156890356683051,622.0,1.8553248855806184e-09,0.9967948717948718,0.9967948717948718,0.9935897435897436,0.9935897435897436,1.0,1.0,0.0,1.2603413877909718e-08,7.899511801904604,LMU > Dunn,True,856.1970828655991,200.0525474948994,23.36524516357205,0.260479666840786,1.0,749.2124685931215,156.67297368702637,20.91168797300296,0.2170507035406267,1.0,641.6223005743767,133.8967047100821,20.868461802250096,0.2094988543832425,1.0,1249.7407612960635,257.2084574486674,20.58094489787828,0.2042095917937779,1.0,20.868461802250096,20.91168797300296,0.2094988543832425,1.0,1.0,1.1196438618706792,1.2433464975626207,1083.3466638903149,1083.418782663368,1083.293469620257,0.0379018511140412,1455.299982043751,1466.075484139584,1456.6897452440542,1453.095145833872,1445.1545170375284,1.139622011246467,1.0,1.0,1.0,0.0,0.0,797.7353830048313,878.5338767170346,0.0012519790925475,0.0011369658707548,False,,5,1.0,True,True,True,True,False,False,True,False,retained,RG-007,14,2,7,1,1,False,member,27,main
LMU_vs_Dunn,LMU,Dunn,FT-044,24,26,9.026381470076682,9.228042153260404,-0.20166068318372155,-0.2152202480027352,7901.38512899334,10916.8455607111,-0.46632813055288563,2.0,1.8553248855806184e-09,0.003205128205128203,0.9967948717948718,-0.9935897435897436,-0.9935897435897436,1.0,1.0,0.0,1.2603413877909718e-08,7.899511801904604,LMU < Dunn,True,9871.53828443148,1343.387870066774,13.608698374653995,0.1408462160933337,1.0,10887.842401474967,1398.3701406270277,12.843409089367343,0.132088905276603,1.0,9946.427838055935,1088.6759177985998,10.945396030856696,0.1085707156472846,1.0,8080.942700648376,1237.438276710791,15.313043571160389,0.1538277811414202,1.0,12.843409089367343,15.313043571160389,0.132088905276603,1.0,1.0,1.059586148814664,1.0662986100035603,923.1212556300736,923.1751342108996,923.074014873022,0.026964574266534,1057.6205174785268,1064.765986981599,1060.2868398891017,1054.9388995609593,1041.2142873846992,1.2744490931735233,1.0,1.0,1.0,0.0,0.0,8629.153049278148,9654.21998539413,0.0001158728002029,0.0001035709182714,False,,5,1.0,True,True,True,True,False,False,True,False,retained,RG-024,9,1,7,0,1,False,member,28,main
LMU_vs_Dunn,LMU,Dunn,FT-024,24,26,7.837939296443624,8.013687902129291,-0.17574860568566741,-0.20071006209877407,2453.2815358531234,3218.275461532613,-0.39143527508393855,2.0,1.8553248855806184e-09,0.003205128205128203,0.9967948717948718,-0.9935897435897436,-0.9935897435897436,1.0,1.0,0.0,1.2603413877909718e-08,7.899511801904604,LMU < Dunn,True,2644.757789195588,447.58159395224607,16.923349116532123,0.1737671287852828,1.0,3259.03734561026,513.1179395689405,15.744463323198229,0.155884863152267,1.0,2029.1148356938504,245.62658099229196,12.105109906620962,0.120766639796172,1.0,2443.620755594765,406.55916484525926,16.637572091104,0.1715471800077509,1.0,15.744463323198229,16.637572091104,0.155884863152267,1.0,1.0,1.074876213252496,1.1147145737655653,944.6434806058312,944.698424554808,944.5961664284048,0.0273795383944055,1013.805438811442,1033.3746827166992,1016.416349113882,1011.063984934316,999.63219974352,1.2871316138365452,1.0,1.0,1.0,0.0,0.0,2409.190144825427,2585.8877684174813,0.0004149050240483,0.0003865648955508,False,,5,1.0,True,True,True,True,False,False,True,False,retained,RG-021,4,0,3,2,3,False,member,29,main
LMU_vs_Dunn,LMU,Dunn,FT-035,24,26,8.288478239902952,8.519308259770707,-0.23083001986775464,-0.2315271621127799,3717.109938945582,5339.289291386559,-0.5223484677375416,3.0,2.0910221342436382e-09,0.0048076923076923045,0.9951923076923077,-0.9903846153846154,-0.9903846153846154,1.0,1.0,0.0,1.3649752514670982e-08,7.864875222798106,LMU < Dunn,True,4825.546196539682,729.4753448804025,15.11694873843498,0.1527928582407414,1.0,5367.388832727418,701.5943401768532,13.071427504914723,0.1348240299406671,1.0,4869.594483956336,527.6910259073154,10.836447011057668,0.1070267639863306,1.0,3906.657411279688,609.9403436119093,15.612844419140238,0.1551586877931396,1.0,13.071427504914723,15.612844419140238,0.1348240299406671,1.0,1.0,1.156487975988174,1.1332761549108272,924.1258165788284,924.180160162224,924.0777586734384,0.0272409259607433,1057.66078474932,1064.7259970025725,1060.338482301454,1055.0311780453726,1043.0294036865268,1.2380418932721453,1.0,1.0,1.0,1.1058868377504043,0.1666666666666666,4211.875180568749,4722.8107311364165,0.000499869269202,0.0004458025432453,False,0.0,5,1.0,True,True,True,True,False,False,True,False,retained,RG-024,9,1,7,0,0,False,member,30,main
LMU_vs_Dunn,LMU,Dunn,FT-071,24,26,5.963152053226258,5.5631083060075195,0.4000437472187386,0.37122127241728364,364.17805223278924,288.6751489311648,0.33416413780134857,620.0,2.3557948502477837e-09,0.9935897435897436,0.9935897435897436,0.9871794871794872,0.9871794871794872,1.0,1.0,0.0,1.3649752514670982e-08,7.864875222798106,LMU > Dunn,True,326.32127127178114,72.53815804921508,22.229062103892296,0.2143482722504143,1.0,282.45114734847255,66.81995543728179,23.657172599424083,0.2423386941950907,1.0,221.7498548305289,32.575163558897856,14.690049553264982,0.1467914803361484,1.0,379.0370810139955,66.92717953695194,17.657158861056324,0.180356915029766,1.0,17.657158861056324,23.657172599424083,0.180356915029766,1.0,1.0,1.2589263243771067,1.1884671691963595,1150.7515985354444,1150.8216637168111,1150.6946579570076,0.0329001027792091,1279.6007579597722,1289.9491491550348,1281.8612304005794,1276.882566964393,1271.0001140687532,1.1438663349396818,1.0,1.0,1.0,0.0,0.0,312.004407713369,294.26128240970115,0.0031948431886484,0.0033868307820068,False,,5,1.0,True,True,True,True,False,False,True,False,retained,RG-015,16,2,2,0,0,False,member,31,main
LMU_vs_Dunn,LMU,Dunn,FT-031,24,26,8.888566752971375,9.100985634486978,-0.21241888151560318,-0.2192690516210689,6897.800246686364,9645.499146312744,-0.4836599743506018,4.0,2.3557948502477837e-09,0.006410256410256406,0.9935897435897436,-0.9871794871794872,-0.9871794871794872,1.0,1.0,0.0,1.3649752514670982e-08,7.864875222798106,LMU < Dunn,True,8703.615182079611,1180.269035068882,13.560675769523998,0.1393356447358355,1.0,9591.620727260302,1216.1852641840148,12.679663831238658,0.130651761301701,1.0,8769.327128838859,906.9322926252432,10.342096711647358,0.1023951565263156,1.0,7060.0500622814325,1071.4244346200549,15.175875881449876,0.1510819429558106,1.0,12.679663831238658,15.175875881449876,0.130651761301701,1.0,1.0,1.0694822788688456,1.0664658734609913,923.62339275087,923.6774627241764,923.5744842259206,0.02721365046968,1057.5964004037503,1064.684185028079,1059.8854968782284,1054.9518501192424,1041.547487894696,1.2154796227379434,1.0,1.0,1.0,0.0,0.0,7579.413047277645,8487.81729879944,0.0001319189328817,0.0001178020405906,False,,5,1.0,True,True,True,True,False,False,True,False,retained,RG-024,9,1,7,0,1,True,representative,32,main
LMU_vs_Dunn,LMU,Dunn,FT-039,24,26,8.42627302762352,8.60492329712348,-0.1786502694999612,-0.19380866574137556,4274.78909185127,5876.934553462788,-0.4591186034724654,4.0,2.3557948502477837e-09,0.006410256410256406,0.9935897435897436,-0.9871794871794872,-0.9871794871794872,1.0,1.0,0.0,1.3649752514670982e-08,7.864875222798106,LMU < Dunn,True,5209.867203264728,826.4958267748293,15.864047863963044,0.1660806883994172,1.0,5860.259538718309,845.8541077096662,14.433731170457037,0.1477193477859524,1.0,4827.889309674254,564.9530345554092,11.7018638646777,0.1126675706138321,1.0,4432.228118590318,743.9422565813716,16.7848368061431,0.1701396857653486,1.0,14.433731170457037,16.7848368061431,0.1477193477859524,1.0,1.0,1.09909542284074,1.124298819949237,1024.6867091528734,1024.7462095090473,1024.6320318882358,0.0302468395928712,1095.258554693031,1102.7683739040208,1097.9305754275408,1092.8018718375124,1078.4275768114187,1.280644822824388,1.0,1.0,1.0,0.0,0.0,4616.98225209315,5050.507097218649,0.0002165447906489,0.0001979607235532,False,,5,1.0,True,True,True,True,False,False,True,False,retained,RG-012,7,1,5,0,0,False,member,33,main
LMU_vs_Dunn,LMU,Dunn,FT-037,24,26,7.8667534441474976,8.059882690757835,-0.19312924661033737,-0.19391800164577955,2491.399764039149,3427.7243262266093,-0.46013642899664253,4.0,2.3557948502477837e-09,0.006410256410256406,0.9935897435897436,-0.9871794871794872,-0.9871794871794872,1.0,1.0,0.0,1.3649752514670982e-08,7.864875222798106,LMU < Dunn,True,3003.5202021563223,494.1621055607325,16.45276449966802,0.1685762563046608,1.0,3377.9765544257552,470.8525129470486,13.938892273546047,0.1424443576782365,1.0,2780.6495108802046,308.1995834351413,11.08372638224304,0.1097688322138039,1.0,2552.360774406815,432.9993225435617,16.964659811628454,0.1701996995922324,1.0,13.938892273546047,16.964659811628454,0.1424443576782365,1.0,1.0,1.1803494981371605,1.1834533782338568,1025.6898265569414,1025.748006596175,1025.6372240551368,0.0299180645632153,1095.46453629439,1103.265474153602,1098.0912759786563,1092.8921077109414,1081.8746330427098,1.3060567861598344,1.0,1.0,1.0,0.0,0.0,2663.60798226518,2909.666258062758,0.0003752897261644,0.0003435639511159,False,,5,1.0,True,True,True,True,False,False,True,False,retained,RG-012,7,1,5,0,0,False,member,34,main
LMU_vs_Dunn,LMU,Dunn,FT-033,24,26,7.463916376220922,7.710204232707483,-0.24628785648656049,-0.2389482754055292,1676.9266361315333,2411.163480307965,-0.523648048469732,7.0,3.361361902411266e-09,0.011217948717948711,0.9887820512820513,-0.9775641025641025,-0.9775641025641025,1.0,1.0,0.0,1.8919665565000555e-08,7.7230865447079315,LMU < Dunn,True,2115.69776163693,313.6908771545365,14.826828427129955,0.1538258966510609,1.0,2379.581924690336,322.4165743274361,13.54929498253746,0.1419238177750762,1.0,2139.4680840240308,223.16571675875397,10.430897213433138,0.102754879225848,1.0,1714.9553026320805,264.77437808027145,15.439141630916026,0.153723435127163,1.0,13.54929498253746,15.439141630916026,0.1419238177750762,1.0,1.0,1.0942878169114334,1.0838624486190704,924.6276314779026,924.6807686357288,924.5813200631654,0.0267202128252625,1057.7246344641724,1064.7632179679465,1060.2593047973908,1055.5224966533283,1045.0483313759592,1.245241008611443,1.0,1.0,1.0,0.0,0.0,1829.7184043410064,2081.8192407556708,0.0005462336521164,0.0004801184761655,False,,5,1.0,True,True,True,True,False,False,True,False,retained,RG-024,9,1,7,0,0,False,member,35,main
LMU_vs_Dunn,LMU,Dunn,FT-189,24,26,7.228772286301032,7.47149645856181,-0.24272417226077803,-0.23176583931570693,1290.8545509313537,1826.9866392061876,-0.5008118786719875,11.0,5.371755178143705e-09,0.01762820512820512,0.9823717948717949,-0.9647435897435898,-0.9647435897435898,1.0,1.0,0.0,2.9395438058175275e-08,7.5317200634616075,LMU < Dunn,True,1682.4040063672107,311.9008942255107,18.539000920414683,0.1896519841684524,1.0,1851.4315293017264,304.87140027149155,16.466793151485046,0.1676128010425516,1.0,1691.1328081716215,203.6897625086579,12.044575182056713,0.1186528193713451,1.0,1351.1460373244204,268.7063462339109,19.88729114478337,0.1901506105100234,1.0,16.466793151485046,19.88729114478337,0.1676128010425516,1.0,1.0,1.125841610437838,1.1314886630902716,931.123020951668,931.1758625779664,931.0750071035604,0.0263774599815897,1117.150900959169,1132.9164165454893,1119.9402594800786,1114.513782416522,1107.106961260784,1.384524676638368,1.0,1.0,1.0,0.9049930048809116,0.1666666666666666,1480.560002436654,1634.024066760047,0.0012858021286669,0.0011651161861218,False,0.7071067811865475,5,1.0,True,True,True,True,False,True,True,False,retained,RG-004,4,1,2,0,0,False,member,36,main
LMU_vs_Dunn,LMU,Dunn,FT-248,24,26,6.595912349253207,6.816168256022047,-0.22025590676884033,-0.23872931086117166,696.3509974839359,974.7249829022413,-0.48458957796711083,12.0,6.034166512291979e-09,0.01923076923076923,0.9807692307692307,-0.9615384615384616,-0.9615384615384616,1.0,1.0,0.0,3.128238955056631e-08,7.50470008013302,LMU < Dunn,True,896.0815846025539,143.50178612325217,16.014366168109643,0.1679164542750106,1.0,984.2078416156464,141.69105553721553,14.396456677750066,0.1470664258116758,1.0,888.1955762194525,115.93824676920455,13.053233980593358,0.1233250214594689,1.0,705.144738578054,123.5364834922428,17.519308694177866,0.1795884419064268,1.0,14.396456677750066,17.519308694177866,0.1470664258116758,1.0,1.0,1.1123824790068015,1.1417728645288088,925.1361960129163,925.1837228035912,925.0919226799238,0.0243451612151024,1057.851741314575,1064.927979546626,1060.4905075149256,1055.485902411153,1046.1234902046797,1.3621188340795582,1.0,1.0,1.0,1.6673323080806213,0.3333333333333333,782.34377599326,860.7653152956663,0.0034050596811068,0.0030951957113352,False,0.3354101966249684,5,1.0,True,True,True,True,False,False,True,False,retained,RG-024,9,0,8,0,0,False,member,37,main
LMU_vs_Dunn,LMU,Dunn,FT-041,24,26,8.376837896218781,8.570110634370899,-0.19327273815211754,-0.1915315431131983,4107.595078244416,5651.945793122796,-0.4603577098637381,12.0,6.034166512291979e-09,0.01923076923076922,0.9807692307692307,-0.9615384615384616,-0.9615384615384616,1.0,1.0,0.0,3.128238955056631e-08,7.50470008013302,LMU < Dunn,True,5085.1341068364645,835.1578350465949,16.42351642061528,0.1692698327738139,1.0,5657.612548011058,803.8518442563457,14.2083226349415,0.1464168900014709,1.0,4693.89387812412,531.021757061976,11.313032864607388,0.1111005998557717,1.0,4284.492865219782,756.12239342919,17.647885460777935,0.1751986285046156,1.0,14.2083226349415,17.647885460777935,0.1464168900014709,1.0,1.0,1.1559081844204546,1.1560813289512804,1025.1883020825835,1025.2470030177271,1025.1352405717655,0.0297741950913376,1095.323555128769,1102.8408436153272,1098.0563633672148,1092.842493768012,1078.72885869897,1.2868239953887035,1.0,1.0,1.0,0.0,0.0,4503.070971084091,4888.526507889115,0.0002220213683176,0.000204518780783,False,,5,1.0,True,True,True,True,False,False,True,False,retained,RG-012,7,1,5,0,0,False,member,38,main
LMU_vs_Dunn,LMU,Dunn,FT-238,24,26,4.616570849365876,4.043667774515187,0.5729030748506885,0.5503196931983423,91.51164879352729,64.190732896947,0.5049681423524823,611.0,6.775771545178461e-09,0.9791666666666666,0.9791666666666666,0.9583333333333333,0.9583333333333334,1.0,1.0,0.0,3.337067486000392e-08,7.476635010456021,LMU > Dunn,True,77.6716780384699,14.379820606504389,18.513595907355345,0.2083849271706473,1.0,60.38118484345158,16.487280292249793,27.305327537039645,0.2921114397875644,1.0,53.77688656031649,12.374878358330772,23.011518795256084,0.2619713772785836,1.0,93.97777325423417,22.833771100379494,24.296990990208123,0.2506508361585895,1.0,24.296990990208123,27.305327537039645,0.2619713772785836,1.0,1.0,0.7619707277669268,0.7954492179084443,1083.34221048445,1083.4156648006433,1083.2876061219467,0.0332555834962821,1423.037280138564,1429.8039524371825,1425.2939780948373,1420.203550145215,1414.9106421837485,1.413257598599415,1.0,1.0,1.0,0.0,0.0,74.77722454767705,69.2647233664748,0.0131965772825425,0.0142318926495215,False,,5,1.0,True,True,True,True,False,False,True,True,retained,RG-007,14,2,1,0,0,False,member,39,main
LMU_vs_Dunn,LMU,Dunn,FT-115,24,26,5.217817137731371,4.800931207799662,0.41688592993170914,0.4011160783416763,176.51858544667766,132.0049697412386,0.4164899234584119,611.0,6.775771545178461e-09,0.9791666666666666,0.9791666666666666,0.9583333333333333,0.9583333333333334,1.0,1.0,0.0,3.337067486000392e-08,7.476635010456021,LMU > Dunn,True,139.8000252545429,30.149390976812636,21.56608407038389,0.223851601841387,1.0,129.58792378319723,31.86225846519408,24.58736704393857,0.2440007728351992,1.0,94.63121562935764,25.29950592898983,26.73484194484036,0.2586073691200118,1.0,177.61194427190546,34.084432892518635,19.190394560592672,0.1942818738617155,1.0,24.58736704393857,26.73484194484036,0.2440007728351992,1.0,1.0,0.8771205160700805,0.9174216919082416,1151.2577144686827,1151.3262326936172,1151.1904885859722,0.0345722197950819,1279.5426959634483,1288.5432278668477,1281.9849407416823,1276.8114177037737,1271.368124220108,1.3332454669452618,1.0,1.0,1.0,0.0,0.0,133.8988169299706,133.8885582225211,0.0074129634548175,0.0074135272344621,False,,5,1.0,True,True,True,True,False,False,True,True,retained,RG-015,16,1,3,0,0,False,member,40,main
LMU_vs_Dunn,LMU,Dunn,FT-187,24,26,7.092470316630067,7.338291206114109,-0.24582088948404213,-0.25566190994316074,1130.6237096387513,1619.4366411714198,-0.5179883032698053,16.0,9.57250716525148e-09,0.025641025641025623,0.9743589743589743,-0.9487179487179487,-0.9487179487179487,1.0,1.0,0.0,4.5994729550110774e-08,7.337291930458447,LMU < Dunn,True,1429.4116975652755,305.65718336500737,21.38342535503486,0.2266644539578358,1.0,1610.9381862511557,268.18180019060657,16.647553734802045,0.1731770803974548,1.0,1449.24966835976,179.7982853809104,12.406301640517436,0.1221681803093741,1.0,1144.228091895125,215.98896178600796,18.87639040816387,0.1862602642300022,1.0,16.647553734802045,18.87639040816387,0.1731770803974548,1.0,1.0,1.284478530340009,1.3088594254945478,931.6249044842097,931.6794619563228,931.5717895491504,0.0272151232804482,1117.1180883829777,1133.3014284331186,1119.8573127218217,1114.319571095626,1106.9318692437553,1.3574661876097962,1.0,1.0,1.0,0.0,0.0,1249.9772435550733,1404.123453106433,0.0007993750527053,0.000711681238961,False,,5,1.0,True,True,True,True,False,False,True,False,retained,RG-004,4,1,2,0,0,False,member,41,main
LMU_vs_Dunn,LMU,Dunn,FT-182,24,26,7.08532070188164,7.265967596670507,-0.18064689478886642,-0.17490053616473578,1113.6740025853596,1518.4952316638387,-0.4469703061109137,20.0,1.5096693310691736e-08,0.03205128205128204,0.967948717948718,-0.9358974358974359,-0.9358974358974359,1.0,1.0,0.0,7.081068052872076e-08,7.149901231789715,LMU < Dunn,True,1386.0709306910958,221.67196943433632,15.992830130548263,0.166864409498003,1.0,1528.7790478201348,247.4252037503428,16.184497302153837,0.1666024833400257,1.0,1276.0309182981389,134.97663136993327,10.577849598656558,0.1047096398512401,1.0,1169.9526520608183,203.64575367316772,17.406324376841663,0.1677314674408908,1.0,16.184497302153837,17.406324376841663,0.1666024833400257,1.0,1.0,0.988157360217789,1.001572162387536,1026.1932694786867,1026.2519200407537,1026.1381214922203,0.0299624324206606,1095.4661545958722,1104.191831524452,1098.1953511608233,1092.7190611696617,1082.1188748820443,1.2733034739127342,1.0,1.0,1.0,0.0,0.0,1234.0606693282589,1327.501355955399,0.0008096768238469,0.0007527278730407,False,,5,1.0,True,True,True,True,False,False,True,False,retained,RG-012,7,0,6,0,0,False,member,42,main
LMU_vs_Dunn,LMU,Dunn,FT-242,24,26,4.855772749308494,4.1257807734789465,0.7299919758295479,0.6845759070083899,116.38788488217145,72.7178971095729,0.671196699464263,603.0,1.690235657582792e-08,0.9663461538461537,0.9663461538461537,0.9326923076923077,0.9326923076923077,1.0,1.0,0.0,7.743637780088605e-08,7.111054969980125,LMU > Dunn,True,94.1782475702834,21.713597261892215,23.05585187884048,0.254664784893064,1.0,66.41583704481312,23.052806813847926,34.7098039256712,0.3865645976661263,1.0,74.1644410706666,20.72114526249264,27.93946123419008,0.246997825237473,1.0,118.07059894448072,27.47207855016358,23.267501643725485,0.2288033313613907,1.0,27.93946123419008,34.7098039256712,0.246997825237473,1.0,1.0,0.8252074614318822,1.0310405957956097,1083.0169631809986,1083.0848216619854,1082.950362254375,0.0368602131796223,1422.690822712629,1429.628389935163,1425.145367036958,1420.289303760063,1413.690671698993,1.3914501278972984,1.0,1.0,1.0,0.0,0.0,89.71860351470247,85.96631190637703,0.0110230973720614,0.0114987053961371,False,,5,1.0,True,True,True,True,False,False,True,False,retained,RG-007,14,3,1,0,0,False,member,43,main
LMU_vs_Dunn,LMU,Dunn,FT-080,24,26,9.911138374932282,10.001183451369663,-0.0900450764373808,-0.09565575668733928,19119.721829040063,23638.848471698864,-0.3060838003320581,29.0,4.118459358015356e-08,0.046474358974358976,0.953525641025641,-0.907051282051282,-0.907051282051282,1.0,1.0,0.0,1.8029699856200558e-07,6.7440115029992205,LMU < Dunn,True,22748.44054958383,3143.6375782958357,13.819134421297052,0.1394882353084271,1.0,23565.27406575403,3078.4012590335115,13.063294958691625,0.1323163268286418,1.0,22038.1341772768,1826.1000996285063,8.286092120772057,0.0819045670121261,1.0,19634.724123017422,2751.192249955203,14.011871176382009,0.1396880122695727,1.0,13.063294958691625,14.011871176382009,0.1323163268286418,1.0,1.0,1.057859786906406,1.0542027477007685,1077.2019763854523,1077.2646319544158,1077.148303148349,0.0310974533514366,1212.614388815364,1250.3539242951745,1214.840334866664,1209.9427795653692,1195.7557470902184,1.2170096262148369,1.0,1.0,1.0,0.0,0.0,20513.1226447632,21769.072349152008,4.874690559848428e-05,4.593461996643076e-05,False,,5,1.0,True,True,True,True,False,False,True,False,retained,RG-010,25,2,7,0,0,False,member,44,main
LMU_vs_Dunn,LMU,Dunn,FT-112,24,26,6.429960772480023,6.561243182465374,-0.13128240998535023,-0.13914346578718728,576.6263693015593,744.128274518938,-0.36735220383550077,29.0,4.118459358015356e-08,0.04647435897435898,0.953525641025641,-0.907051282051282,-0.907051282051282,1.0,1.0,0.0,1.8029699856200558e-07,6.7440115029992205,LMU < Dunn,True,706.7006657248851,171.90408718321763,24.324879757526507,0.2549712035794169,1.0,743.6891791221483,132.65433355194074,17.837335445505083,0.1840981492445497,1.0,713.3423548265934,93.39326986140809,13.092348888229283,0.1294759055844609,1.0,580.1499596314684,134.84158154061424,23.242539157680945,0.329669483385741,1.0,17.837335445505083,23.242539157680945,0.1840981492445497,1.0,1.0,1.363705909542462,1.384974290212564,1295.833757739158,1295.9055910747572,1295.7695076366322,0.0377600808592019,1284.7258569724574,1295.3360296396097,1286.8981919328824,1282.3580923089296,1272.7005949753996,1.0657237935960988,1.0,1.0,1.0,0.0,0.0,618.9770275743064,679.8785824330075,0.0016129629897942,0.0014686906385374,False,,5,1.0,True,True,True,True,False,False,True,False,retained,RG-016,8,2,0,0,0,False,member,45,main
LMU_vs_Dunn,LMU,Dunn,FT-077,24,26,9.449063044979134,9.558164202119137,-0.10910115714000312,-0.09490152497527049,12186.953693498064,15205.96238429183,-0.31927607731697916,30.0,4.595858392969533e-08,0.04807692307692308,0.9519230769230769,-0.9038461538461539,-0.9038461538461539,1.0,1.0,0.0,1.9682263117717348e-07,6.7059249667264,LMU < Dunn,True,14320.498383773249,2152.5748794137708,15.031424338226124,0.1488571379861029,1.0,14994.437712840809,2019.4863345047688,13.468236509964882,0.1366669718645131,1.0,14034.840844937466,1398.3174407231106,9.963187015601251,0.0992126246335763,1.0,12487.949131367654,1749.6939888766426,14.011059546052298,0.1406704930404792,1.0,13.468236509964882,14.011059546052298,0.1366669718645131,1.0,1.0,1.1160647741153542,1.0891961382862472,1077.705946239623,1077.768563445372,1077.6520562041094,0.0312999075267044,1212.451251396288,1244.5920870381033,1214.768238466988,1209.9249993158323,1196.2741310365736,1.2097870013554028,1.0,1.0,1.0,0.0,0.0,12873.88021655882,13853.700729501708,7.767062552658674e-05,7.217766875834679e-05,False,,5,1.0,True,True,True,True,False,False,True,False,retained,RG-010,25,2,7,0,0,False,member,46,main
LMU_vs_Dunn,LMU,Dunn,FT-062,24,26,7.917028087992544,8.029441127855746,-0.11241303986320172,-0.11722287956701205,2593.1040561379323,3263.4359424300583,-0.33159738100485464,32.0,5.716799010610016e-08,0.05128205128205129,0.9487179487179487,-0.8974358974358975,-0.8974358974358975,1.0,1.0,0.0,2.396190223596113e-07,6.620478708077852,LMU < Dunn,True,3143.067054180969,449.4745082146511,14.300506494659452,0.1410228744962035,1.0,3256.250114720501,451.7922009089399,13.87461604581684,0.1391141132594883,1.0,2957.4174327081078,317.83785355916774,10.747142085658284,0.1091027051675869,1.0,2650.8468674825617,371.2254486247479,14.004032189806978,0.1418400092866081,1.0,13.87461604581684,14.004032189806978,0.1391141132594883,1.0,1.0,1.0306956565454666,1.0137208309925738,1078.713769906068,1078.77689772975,1078.6606048411224,0.0306502872948344,1212.1759527027516,1230.5396418417658,1214.4559206074891,1209.787676317876,1197.3987579345717,1.2388468855173635,1.0,1.0,1.0,0.0,0.0,2801.9509681243844,2958.6534797773534,0.0003567668544231,0.0003378773923477,False,,5,1.0,True,True,True,True,False,False,True,False,retained,RG-010,25,0,7,0,0,False,member,47,main
LMU_vs_Dunn,LMU,Dunn,FT-058,24,26,8.74467736172349,8.843090973829781,-0.09841361210629174,-0.10375575691785066,5974.47238348274,7493.905467153857,-0.32685751360104637,36.0,8.806768707167877e-08,0.05769230769230768,0.9423076923076923,-0.8846153846153846,-0.8846153846153846,1.0,1.0,0.0,3.6144446569001494e-07,6.4419584206298035,LMU < Dunn,True,7088.137237817102,1110.5283317779529,15.66742141860612,0.1595523812642522,1.0,7379.501683982271,1059.931039180427,14.363179040680784,0.1463733866992633,1.0,6821.428970727191,641.9514915191722,9.410806654646406,0.0941603808163477,1.0,6094.607934818468,905.7391878528504,14.861319998590334,0.1509973666252457,1.0,14.363179040680784,14.861319998590334,0.1463733866992633,1.0,1.0,1.090804575660537,1.090036822008268,1078.208562682587,1078.2724700812462,1078.1553836436535,0.0307902558921655,1212.3710107648494,1237.6268490501072,1214.7245810620668,1210.068312567409,1196.383045030678,1.193813684743503,1.0,1.0,1.0,0.0,0.0,6336.19264884365,6772.955759641879,0.0001577985798147,0.0001476242295466,False,,5,1.0,True,True,True,True,False,False,True,False,retained,RG-010,25,0,7,0,0,False,member,48,main
LMU_vs_Dunn,LMU,Dunn,FT-054,24,26,7.687338652199438,7.798829313431046,-0.111490661231608,-0.11358669825086753,2053.0957660425192,2503.9393624201975,-0.28627223568400656,38.0,1.0906726767585661e-07,0.060897435897435875,0.9391025641025641,-0.8782051282051282,-0.8782051282051282,1.0,1.0,0.0,4.384949333090562e-07,6.358035420424807,LMU < Dunn,True,2506.0327709799835,449.2753653337592,17.92775300213134,0.1790437877804055,1.0,2565.7053659742064,370.65888177097634,14.446665883252578,0.1474398795455558,1.0,2490.7964301416414,253.9603708573037,10.195950491339914,0.1007813787833394,1.0,2109.5967585999774,351.5692028680602,16.665232416330465,0.1727651957595829,1.0,14.446665883252578,16.665232416330465,0.1474398795455558,1.0,1.0,1.2409612811018382,1.2143511533803495,1106.2349666883931,1106.2984588554452,1106.1774103781204,0.0320626708743715,1180.403233758563,1196.6204858595336,1183.2722565479864,1177.6164536741317,1165.9355028214,1.351917574115685,1.0,1.0,1.0,0.0,0.0,2203.0198745656503,2390.9400985896914,0.00045371641678,0.00041807067016,False,,5,1.0,True,True,True,True,False,False,True,False,retained,RG-010,25,0,10,0,0,False,member,49,main
LMU_vs_Dunn,LMU,Dunn,FT-076,24,26,9.950002198681577,10.015183790650314,-0.06518159196873619,-0.08786507383326736,19608.712735142915,23500.761767267395,-0.2612005083957737,41.0,1.4990612339439745e-07,0.0657051282051282,0.9342948717948718,-0.8685897435897436,-0.8685897435897436,1.0,1.0,0.0,5.90630126173926e-07,6.228684404818597,LMU < Dunn,True,23152.514526849813,3135.561951005438,13.543073031523846,0.1371897518699396,1.0,24068.69687168032,3404.7506715331688,14.145970135754473,0.1403371789832725,1.0,22539.69817974451,2140.6167695095387,9.497095979010144,0.093044737113377,1.0,20273.604282270328,2976.373678783881,14.681028776845464,0.1430870654367492,1.0,14.145970135754473,14.681028776845464,0.1403371789832725,1.0,1.0,0.9573802928717642,0.9775723928887862,1076.70024884105,1076.7625959678255,1076.6463274354337,0.0309426276442148,1212.7298144435597,1251.1490926434903,1215.2321951852618,1209.9909453942582,1194.3964262931574,1.275060245925924,1.0,1.0,1.0,0.0,0.0,20958.55093644241,22316.46429807284,4.771094586102501e-05,4.480795786850893e-05,False,,5,1.0,True,True,True,True,False,False,True,True,retained,RG-010,25,1,7,0,0,True,representative,50,main
LMU_vs_Dunn,LMU,Dunn,FT-220,24,26,6.9820686808542884,6.85899583788383,0.1230728429704584,0.13629827597502775,1037.6877512226106,1004.605878751465,0.04669702970481503,575.0,3.4448185494140616e-07,0.9214743589743589,0.9214743589743589,0.8429487179487178,0.842948717948718,1.0,1.0,0.0,1.330645596538373e-06,5.8759375988925795,LMU > Dunn,True,993.890812196715,210.81751487163285,21.211335519409847,0.2062760532421386,1.0,1013.472323110832,195.23682802898963,19.26414995031283,0.1912310565230145,1.0,734.95976536782,105.153312264095,14.307356296091896,0.1435591985361968,1.0,1065.0847021265004,189.08473519174368,17.753023286713777,0.1790773746972458,1.0,17.753023286713777,19.26414995031283,0.1790773746972458,1.0,1.0,1.1948013122522203,1.151882272067456,1098.2292261588002,1098.2904734059596,1098.173907533108,0.0325171901432204,1176.4712324222012,1189.1500946783274,1178.6797381441168,1173.8919929822691,1163.494515572824,1.1867773561182018,1.0,1.0,1.0,0.0,0.0,941.3825138744116,938.796314922086,0.0010611402326309,0.0010640603544853,False,,5,1.0,True,True,True,True,False,False,True,False,retained,RG-010,25,0,16,0,1,False,member,51,main
LMU_vs_Dunn,LMU,Dunn,FT-053,24,26,7.4913672459027945,7.355670911147103,0.13569633475569187,0.13030808927345472,1722.3404377145623,1666.891736120925,0.047182081667735916,573.0,4.2258754836079763e-07,0.9182692307692308,0.9182692307692308,0.8365384615384615,0.8365384615384616,1.0,1.0,0.0,1.6009566735976373e-06,5.7956204211550775,LMU > Dunn,True,1619.9294039012275,322.4790241096828,19.90698010253201,0.193450553701978,1.0,1671.1802435147465,287.7338823688492,17.217405691901973,0.172377120243678,1.0,1219.6638227725537,157.07131428749912,12.87824655899384,0.125356995420772,1.0,1742.1051937077452,299.62721972470104,17.19914622876478,0.177369890551874,1.0,17.19914622876478,17.217405691901973,0.172377120243678,1.0,1.0,1.1574400169491268,1.122251917357187,1097.723992703951,1097.786081052441,1097.6690565594126,0.0319027810183028,1176.67239430599,1190.5241737784906,1178.8370264710347,1174.3201926093266,1163.6889744852956,1.0738120033017726,1.0,1.0,1.0,0.0,0.0,1524.2772033612134,1545.9222911821005,0.0006556185313701,0.0006464448833016,False,,5,1.0,True,True,True,True,False,False,True,False,retained,RG-010,25,0,16,0,1,False,member,52,main
LMU_vs_Dunn,LMU,Dunn,FT-051,24,26,4.6001000478011,4.8757855948926085,-0.2756855470915083,-0.291241363684537,87.61677914688968,141.0279167603337,-0.680522734334985,59.0,9.431493085827788e-07,0.09455128205128202,0.905448717948718,-0.8108974358974359,-0.8108974358974359,1.0,1.0,0.0,3.505668184732216e-06,5.455229192737223,LMU < Dunn,True,130.10013630036502,20.62777859395784,15.855308980102864,0.1547061737356558,1.0,142.9059654289295,29.160715138683127,20.405526844983555,0.208847161297784,1.0,110.27678130247511,19.12185369597076,17.339872881782753,0.1635417294301753,1.0,99.34108019766782,27.14648683125351,27.32654685980636,0.2569963402982306,1.0,20.405526844983555,27.32654685980636,0.208847161297784,1.0,1.0,0.7770105178147211,0.7407626360555056,1069.2050570468462,1069.267470109953,1069.1500824304103,0.0309242309640597,1157.7638325982018,1163.3854165077216,1160.088364981479,1155.2213391757566,1149.20816373825,1.1956236333629695,1.0,1.0,1.0,0.0,0.0,112.01591078476524,117.82943627322548,0.008848311649715,0.0084154232432836,False,,5,1.0,True,True,True,True,False,False,True,True,retained,RG-010,25,1,10,0,0,False,member,53,main
LMU_vs_Dunn,LMU,Dunn,FT-061,24,26,8.879873080289073,8.816578277185883,0.06329480310319013,0.06826032283562,6832.645923684222,7148.443982466599,-0.06517554842569116,564.0,1.0410006699328868e-06,0.9038461538461539,0.9038461538461539,0.8076923076923077,0.8076923076923077,1.0,1.0,0.0,3.7977246662366424e-06,5.420476524661827,LMU > Dunn,True,7352.303049501122,1177.9469693740307,16.021469210983604,0.1564923128769043,1.0,7128.4952568354165,1035.096753237507,14.520550494088734,0.146934180158881,1.0,6915.9913640098885,716.4822976029093,10.35979167544092,0.1024697796856098,1.0,7044.734768935612,1046.6316083602549,14.856934188288689,0.1492742233787674,1.0,14.520550494088734,14.856934188288689,0.146934180158881,1.0,1.0,1.1033651387738976,1.0650504376019796,1251.8151979857469,1251.8899516831436,1251.7537803186049,0.0365543323765068,1273.952845715492,1294.2930943032966,1276.2735285482115,1271.5526707894803,1260.9871710901643,1.1583630305238604,1.0,1.0,1.0,0.0,0.0,6713.818483944544,7030.990523938472,0.000148924353263,0.000142207245103,False,,5,1.0,True,True,True,True,False,False,True,False,retained,RG-009,24,1,9,0,0,False,member,54,main
LMU_vs_Dunn,LMU,Dunn,FT-145,24,26,7.182893156214966,6.68261750372346,0.5002756524915064,0.34820737091567633,1289.6959780910395,862.484524050502,0.5799069894041355,560.0,1.5394006354359023e-06,0.8974358974358974,0.8974358974358974,0.7948717948717949,0.7948717948717948,1.0,1.0,0.0,5.5138531851067776e-06,5.258544801840482,LMU > Dunn,True,1085.0013862206083,173.3565501749655,15.977541814837616,0.1556454618677374,0.9090909090909092,860.100180918337,165.60026338976036,19.25360173892156,0.19499243586553,0.9629629629629628,679.7249247934143,196.23195167673936,28.86931823728242,0.71295336553404,1.0,1138.012470849773,491.3327394622425,43.174635783679605,1.0975387745376597,1.0,28.86931823728242,43.174635783679605,0.71295336553404,1.0,0.9629629629629628,0.5534436831349864,0.2183108592960363,1632.0422244647154,1632.143549164095,1631.944909954586,0.0498037752269419,1455.2449080604651,1465.325859832764,1457.0759410058563,1452.9375087822204,1445.226665496828,1.1451980467965952,0.9629629629629628,1.0,1.0,0.0,0.0,1057.5379063408889,881.3136327924005,0.0009446992819149,0.0011333838250182,False,,5,1.0,True,True,True,True,False,False,True,True,retained,RG-001,2,0,1,0,0,True,representative,55,main
LMU_vs_Dunn,LMU,Dunn,FT-249,24,26,4.069272604035962,4.405533286630021,-0.33626068259405884,-0.3073425903797231,58.107842928878995,86.92469278998168,-0.5729188169712797,68.0,2.2632033444040593e-06,0.10897435897435895,0.8910256410256411,-0.782051282051282,-0.782051282051282,1.0,1.0,0.0,7.961626050849995e-06,5.098998224625102,LMU < Dunn,True,66.0249278365218,17.358898873219726,26.29143180012326,0.2812964614632589,1.0,85.44935386550566,20.69051146818552,24.21377170475937,0.2412980933451407,1.0,66.3599438332354,14.021452557348102,21.129391840029957,0.2212085709407676,1.0,56.09416772816921,14.578851233039604,25.98995906969921,0.2709572084572129,1.0,24.21377170475937,25.98995906969921,0.2412980933451407,1.0,1.0,1.0858048932110609,1.165763299508987,1069.709184439815,1069.7804240606993,1069.6449862815853,0.032195006247936,1158.0681524278946,1163.6372934068968,1160.4743729659026,1155.2261009596696,1149.9450179508715,1.242632907231868,1.0,1.0,1.0,0.0,0.0,57.44579966488082,69.50556272107815,0.0171098694129235,0.0141832780479467,False,,5,1.0,True,True,True,True,False,False,True,False,retained,RG-010,25,1,10,0,0,False,member,56,main
LMU_vs_Dunn,LMU,Dunn,FT-049,24,26,7.451723599573738,7.343657687377582,0.1080659121961558,0.11380715568248068,1611.2500859708168,1632.6485968392585,-0.019022141954491992,553.0,3.010194139429464e-06,0.8862179487179488,0.8862179487179488,0.7724358974358974,0.7724358974358975,1.0,1.0,0.0,1.0403653429256218e-05,4.982814123630007,LMU > Dunn,True,1635.2833299012173,302.95139532314096,18.525926962237264,0.1815304530182822,1.0,1629.7688458633008,293.20914570349555,17.990842471171455,0.180449079030916,1.0,1163.888749871282,148.00100518591552,12.716078336721049,0.1267095035083654,1.0,1688.8168226865332,320.6753350172048,18.988165602654373,0.1843203417953455,1.0,17.990842471171455,18.988165602654373,0.180449079030916,1.0,1.0,1.029742047484615,1.005992682219126,1097.2225774589213,1097.2878628497194,1097.1653132091003,0.0314364831833364,1176.9292956095635,1192.3969943706786,1179.3552542462571,1174.287214808062,1163.250109913586,1.1924514707526237,1.0,1.0,1.0,0.0,0.0,1522.3020678960029,1495.874730693827,0.0006564686158282,0.0006680585753067,False,,5,1.0,True,True,True,True,False,False,True,False,retained,RG-010,25,0,16,0,0,False,member,57,main
LMU_vs_Dunn,LMU,Dunn,FT-028,24,26,6.218182953833056,6.475140477159766,-0.25695752332670985,-0.46368418035728975,482.9336069526175,688.4771600300517,-0.5106936298862894,72.0,3.3080282949017956e-06,0.1153846153846154,0.8846153846153846,-0.7692307692307692,-0.7692307692307693,1.0,1.0,0.0,1.1235889208545753e-05,4.9493925518088755,LMU < Dunn,True,555.7034288030117,136.73290474117934,24.60537359571504,0.2716816191609109,0.9090909090909092,639.3515506917423,184.40183354408424,28.84200927401707,0.8176455099697597,1.0,573.1177919836174,155.02991656993234,27.050271120245363,0.3506755015950928,0.9615384615384616,413.5039091888864,171.46050287180628,41.46526769435789,0.7372262169052736,0.9615384615384616,28.84200927401707,41.46526769435789,0.7372262169052736,0.9615384615384616,0.9615384615384616,0.8531088580531491,0.3685186621568822,1845.2675702568588,1845.3714278358416,1845.1623419189225,0.0547059411325117,1057.465322843472,1063.011718921446,1060.0061878004767,1054.8746688276972,1047.5546058911905,1.2638959113625776,1.0,0.9615384615384616,0.9615384615384616,0.0,0.0,421.6582446569468,530.7346126327803,0.0023659777435825,0.0018806374011439,False,,5,1.0,True,True,True,True,False,False,True,True,retained,RG-005,1,0,0,0,0,True,singleton,58,main
LMU_vs_Dunn,LMU,Dunn,FT-169,24,26,8.542280931065779,8.409144904305698,0.13313602676008074,0.12750067651858465,5009.607813648407,4780.913078609535,0.06739771444338495,550.0,3.990666885898635e-06,0.8814102564102564,0.8814102564102564,0.7628205128205128,0.7628205128205128,1.0,1.0,0.0,1.3324769093593748e-05,4.875340308173582,LMU > Dunn,True,4938.355585155367,732.3561200585802,14.82995923298908,0.1572414050964654,1.0,4867.651450721024,857.628083304824,17.618929621137667,0.1759332346377743,1.0,5161.863797230696,713.809238900211,13.828517507245436,0.1352631926758029,1.0,5028.46361191364,737.3696871364397,14.66391613910526,0.1460832680704099,1.0,14.66391613910526,17.618929621137667,0.1460832680704099,1.0,1.0,1.0113232435529975,1.0763820331612337,1335.3236370967948,1335.4007747123198,1335.2512011728293,0.0394608635400237,1551.257112257207,1571.1934994113076,1553.9358403162698,1548.4957449461135,1537.5793297060084,1.3274352834805834,1.0,1.0,1.0,0.0,0.0,5079.026956656628,5017.406351990132,0.0001968493491337,0.0001992664463298,False,,5,1.0,True,True,True,True,False,False,True,False,retained,RG-011,6,0,4,0,0,False,member,59,main
LMU_vs_Dunn,LMU,Dunn,FT-016,24,26,7.46478431293326,7.335011840203956,0.1297724727293037,0.12074878438535563,1699.9629841721846,1594.7530678048252,0.09211432451174811,546.0,5.782378674255479e-06,0.875,0.875,0.75,0.75,1.0,1.0,0.0,1.8674239325054577e-05,4.728757079668365,LMU > Dunn,True,1561.674546994932,323.4883062845236,20.71419470253897,0.2117468955634309,1.0,1657.2798037242412,283.6899927722588,17.117809082977434,0.1657447668710117,1.0,1007.52155414346,131.48134765325304,13.049978644380596,0.1304064507052669,1.0,1729.7524478633172,328.5581034303082,18.99451588209404,0.1874535861345104,1.0,17.117809082977434,18.99451588209404,0.1657447668710117,1.0,1.0,1.2100961403488202,1.277548000825991,870.5947196667247,870.6445532838661,870.5511700239324,0.0252234482417843,967.2980513141862,982.65905206854,969.9481957866528,964.4931277655786,954.9833971803866,1.317019050732212,1.0,1.0,1.0,0.0,0.0,1490.9994550537526,1467.2870728193764,0.0006702415316659,0.0006810657251649,False,,5,1.0,True,True,True,True,False,False,True,False,retained,RG-026,7,0,6,0,0,False,member,60,main
LMU_vs_Dunn,LMU,Dunn,FT-196,24,26,7.149070860570183,7.257949345443549,-0.10887848487336615,-0.11164086314371247,1222.4888966460117,1496.3398879745423,-0.2914007336707442,78.0,5.782378674255479e-06,0.12499999999999999,0.875,-0.75,-0.75,1.0,1.0,0.0,1.8674239325054577e-05,4.728757079668365,LMU < Dunn,True,1397.7012946376306,210.80357361775577,15.082162006039274,0.1581287325972379,1.0,1502.0750012535811,205.1084538597918,13.655007485552666,0.1381055448896756,1.0,1384.1578943046045,170.6923984244188,12.3318588960672,0.1199990320054428,1.0,1217.1334868260196,155.32320877279227,12.76139474050923,0.1251460180575078,1.0,12.76139474050923,13.655007485552666,0.1251460180575078,1.0,1.0,1.1818584341853402,1.26355384735113,1079.2166019688184,1079.2799026126334,1079.1624727504054,0.0309298310255249,1212.162690219896,1228.1000091217345,1214.808575306565,1209.5278179587426,1198.610527541609,1.2535770652518865,1.0,1.0,1.0,0.0,0.0,1255.000236263474,1369.4886195347206,0.0007961781941816,0.0007296667668349,False,,5,1.0,True,True,True,True,False,False,True,False,retained,RG-010,25,0,7,0,0,False,member,61,main
LMU_vs_Dunn,LMU,Dunn,FT-156,24,26,7.45436827342334,7.5699809550381545,-0.11561268161481486,-0.2982413752221156,1707.0200792688559,2045.2323975379945,-0.260645070947301,80.0,6.94531577749783e-06,0.1282051282051282,0.8717948717948718,-0.7435897435897436,-0.7435897435897436,1.0,1.0,0.0,2.1717892193128136e-05,4.6631823270258215,LMU < Dunn,True,2067.210688115104,388.6049358611448,18.79851618876242,0.1843025114301495,0.9090909090909092,1988.40151440123,464.9820200114352,23.38471463855507,0.4314863783948948,1.0,1868.912320000172,482.2281241500231,25.802608233112764,0.444972533041154,1.0,1538.7698878048118,564.4279108071868,36.68046244473837,1.0449765627870082,0.9615384615384616,25.802608233112764,36.68046244473837,0.444972533041154,1.0,0.9615384615384616,0.728551006120307,0.4141885121999296,1560.001369125993,1560.0914572782103,1559.9171022035998,0.0453103280372081,1419.237135066407,1434.9778151004848,1421.147539593874,1416.8768402638188,1406.173628949106,1.0870526004769543,1.0,1.0,0.9615384615384616,0.0,0.0,1732.6610796448415,1781.617827898203,0.0005768140103859,0.0005609727359111,False,,5,1.0,True,True,True,True,False,False,True,True,retained,RG-006,1,0,0,0,0,True,singleton,62,main
LMU_vs_Dunn,LMU,Dunn,FT-056,24,26,7.81843848412753,7.910201305295191,-0.0917628211676611,-0.10300427417309876,2346.2279301744475,2927.535810732721,-0.31922159295686253,80.0,6.94531577749783e-06,0.1282051282051282,0.8717948717948718,-0.7435897435897436,-0.7435897435897436,1.0,1.0,0.0,2.1717892193128136e-05,4.6631823270258215,LMU < Dunn,True,2788.1660946357697,462.4385414829106,16.585760165888576,0.168154494327205,1.0,2975.833522177238,518.5589672499494,17.425671274465348,0.1718737894296348,1.0,2432.6862108110627,308.0027308638646,12.661013553456852,0.1276400845836562,1.0,2496.4985602396814,487.78693280579375,19.53884294485485,0.1881914209821631,1.0,17.425671274465348,19.53884294485485,0.1718737894296348,1.0,1.0,0.9518003584856136,0.9783603124433792,1178.2689676482953,1178.3381296315554,1178.209676243099,0.0346187918603327,1244.9133772041282,1263.400026280825,1247.491725418386,1242.276386378739,1231.3467261131775,1.2773380949643511,1.0,1.0,1.0,0.0,0.0,2542.598814284542,2639.320368938036,0.0003931437593004,0.0003787419177477,False,,5,1.0,True,True,True,True,False,False,True,True,retained,RG-015,16,0,8,0,0,False,member,63,main
LMU_vs_Dunn,LMU,Dunn,FT-166,24,26,7.794892624154437,7.684976043340971,0.10991658081346678,0.10994829613441048,2419.1959838532557,2358.829402749677,0.03644131175458541,543.0,7.607616582769742e-06,0.8701923076923077,0.8701923076923077,0.7403846153846154,0.7403846153846154,1.0,1.0,0.0,2.3417194793838113e-05,4.630465131403902,LMU > Dunn,True,2382.851464684823,391.389090596574,16.425240783874987,0.1728798535273896,1.0,2365.399175156565,420.01840403181177,17.7567663184803,0.1772971814166283,1.0,2476.4544542656777,312.97061794079127,12.637850754803962,0.1238776126488599,1.0,2403.2401571449404,357.6057644318012,14.880151006491102,0.146822983131908,1.0,14.880151006491102,17.7567663184803,0.146822983131908,1.0,1.0,1.1038356248340409,1.1774713320738877,1336.829587591733,1336.9071768270933,1336.758166890643,0.0395924658268704,1551.163342823527,1568.0353767641172,1553.9326980453293,1548.4241335389538,1538.6801701207305,1.3142761731910406,1.0,1.0,1.0,0.0,0.0,2406.167023633026,2414.4030079228264,0.0004154260963955,0.000414009586276,False,,5,1.0,True,True,True,True,False,False,True,False,retained,RG-011,6,0,5,0,0,False,member,64,main
LMU_vs_Dunn,LMU,Dunn,FT-170,24,26,8.703591019112348,8.56908547139672,0.13450554771562828,0.11509783465590928,6013.520514628437,5672.216405778316,0.08428283156745739,540.0,9.97641610683809e-06,0.8653846153846153,0.8653846153846153,0.7307692307692308,0.7307692307692307,1.0,1.0,0.0,3.0236214969955445e-05,4.5194725756227525,LMU > Dunn,True,5779.27594753261,938.4985709118644,16.239033737652633,0.1658784997235377,1.0,5671.299210429717,1427.1031630819375,25.16360202715888,0.5649406356678215,1.0,6153.13984052284,801.2089553315006,13.021140037399524,0.1287423968507694,1.0,5957.12164483998,900.2420365247706,15.112030443503771,0.1512250157981338,1.0,15.112030443503771,25.16360202715888,0.1512250157981338,1.0,1.0,1.0745765632462263,1.0968985445170294,1335.8228921318928,1335.9020610217854,1335.7547405936011,0.0383352462187882,1551.4213307481,1575.553642272948,1553.910653186191,1548.7607078924857,1537.0798873901392,1.2195413220166411,1.0,1.0,1.0,0.0,0.0,5970.165276770475,5923.94781393716,0.000167471499054,0.0001687778578652,False,,5,1.0,True,True,True,True,False,False,True,False,retained,RG-011,6,0,4,0,0,False,member,65,main
LMU_vs_Dunn,LMU,Dunn,FT-102,24,26,6.240582067249827,6.380332058447014,-0.13974999119718667,-0.1247101742155099,497.6909412303082,611.8618619840219,-0.29741593301768793,86.0,1.1930876873825186e-05,0.1378205128205128,0.8621794871794872,-0.7243589743589743,-0.7243589743589743,1.0,1.0,0.0,3.5080339464829276e-05,4.454936212712244,LMU < Dunn,True,595.2975324589725,105.1812729031908,17.66868954902645,0.1721669875367504,1.0,616.1015013748932,125.68594800544533,20.40020154551877,0.2120311120795627,1.0,607.4260162741509,73.3245843992448,12.071360533584892,0.1171539362602065,1.0,503.6426854460259,91.6148124211813,18.19043839384806,0.1728215092319016,1.0,18.19043839384806,20.40020154551877,0.1728215092319016,1.0,1.0,0.9713174122841336,0.9962127301279792,1295.3371125063638,1295.4121806158155,1295.2703518474862,0.0390429682024521,1284.5115125888428,1294.5797058843823,1286.76247199753,1282.1484267015423,1273.3225453284513,1.1385088817335398,1.0,1.0,1.0,0.0,0.0,526.3788486510487,576.2345162259078,0.0018961700920653,0.0017323981360959,False,,5,1.0,True,True,True,True,False,False,True,True,retained,RG-016,8,1,0,0,0,True,representative,66,main
LMU_vs_Dunn,LMU,Dunn,FT-237,24,26,6.507985016717614,6.33319686578545,0.17478815093216404,0.15398702539417197,615.9606338451762,618.8855289393621,-0.006823386190580152,538.0,1.1930876873825186e-05,0.8621794871794871,0.8621794871794871,0.7243589743589745,0.7243589743589743,1.0,1.0,0.0,3.5080339464829276e-05,4.454936212712244,LMU > Dunn,True,609.1017674296276,114.90064339075607,18.863948445861485,0.1796276006072225,1.0,603.5486996706461,102.72488537514356,17.020148569817163,0.1774534405041711,1.0,501.0586529378664,77.21240287965394,15.409853203199471,0.1478221890409231,1.0,646.2470818658154,100.03377165030804,15.47918349766394,0.157374583571195,1.0,15.47918349766394,17.020148569817163,0.157374583571195,1.0,1.0,1.2186656000756346,1.1414015944065097,1034.9881000850553,1035.0498298584166,1034.933521063501,0.0298679283561603,1455.4754033806444,1468.5007572174063,1457.4421390509146,1453.3524117623429,1442.3543914159118,0.996514613389124,1.0,1.0,1.0,0.0,0.0,554.1358398453309,583.8704303291541,0.0018013609070504,0.0017097804028786,False,,5,1.0,True,True,True,True,False,False,True,False,retained,RG-014,17,2,3,0,0,False,member,67,main
LMU_vs_Dunn,LMU,Dunn,FT-074,24,26,7.912795195089194,7.997143395654822,-0.08434820056562842,-0.08608856867117343,2614.9209557197337,3137.4678358457336,-0.26274147560397826,89.0,1.556111727896642e-05,0.14262820512820512,0.8573717948717949,-0.7147435897435898,-0.7147435897435898,1.0,1.0,0.0,4.5081472117005664e-05,4.346001910685967,LMU < Dunn,True,3025.076300554935,534.4117528543454,17.666058629870268,0.1757945592816651,1.0,3176.7149157166677,525.7081136411338,16.548797345339814,0.1658777529459467,1.0,2615.767244047789,331.7867625354463,12.6841087749849,0.1233911761681226,1.0,2694.457166686339,485.89443386060935,18.033110337328743,0.1797152167317355,1.0,16.548797345339814,18.033110337328743,0.1658777529459467,1.0,1.0,1.0675131407567255,1.0597838236870136,1178.7694962544108,1178.8389828026638,1178.7095364682805,0.0346786304486905,1244.8608776216845,1262.696978661322,1247.2705609836569,1242.3019230957232,1231.0310019216245,1.2087826948352671,1.0,1.0,1.0,0.0,0.0,2723.07419807351,2833.38148611946,0.0003670971960702,0.0003528106590087,False,,5,1.0,True,True,True,True,False,False,True,False,retained,RG-015,16,0,8,0,0,False,member,68,main
LMU_vs_Dunn,LMU,Dunn,FT-176,24,26,7.257130425461053,7.140376052532141,0.116754372928912,0.11736624167046283,1447.9316977366204,1326.2036780354442,0.1265997987239665,534.0,1.698958960586341e-05,0.8557692307692308,0.8557692307692308,0.7115384615384615,0.7115384615384616,1.0,1.0,0.0,4.850650945442162e-05,4.314199976234078,LMU > Dunn,True,1249.2180177477076,264.24465185915943,21.152805043236764,0.2166568572351911,1.0,1358.636934645906,240.13395226612212,17.674622715060146,0.1735187629869162,1.0,834.4079225856998,101.21502376284296,12.130160922872522,0.1191887028623052,1.0,1405.763404801112,261.6324508462792,18.611414264500297,0.1845729688971811,1.0,17.674622715060146,18.611414264500297,0.1735187629869162,1.0,1.0,1.1967896222878318,1.2486076635500658,871.0972026876352,871.1464497877009,871.0521433276865,0.0261144448367921,967.075674195556,981.0014984824444,969.5888018377036,964.5575877934904,954.5241061123936,1.1831890005084889,1.0,1.0,1.0,0.5279068093393702,0.1666666666666666,1196.8338491415998,1201.61584490502,0.001275558217389,0.0012704861787847,False,0.3535533905932737,5,1.0,True,True,True,True,False,False,True,False,retained,RG-026,7,0,6,0,0,False,member,69,main
LMU_vs_Dunn,LMU,Dunn,FT-168,24,26,8.40235556468378,8.281129783541761,0.12122578114201943,0.11819266935429873,4426.256828780619,4256.791122604329,0.05630789153918844,533.0,1.8542490639938033e-05,0.8541666666666666,0.8541666666666666,0.7083333333333333,0.7083333333333334,1.0,1.0,0.0,5.218386651525418e-05,4.282463745396244,LMU > Dunn,True,4272.505543503742,647.1068858692253,15.14584075503748,0.1549091845619992,1.0,4228.6050966851,811.5313554095404,19.191467087946293,0.2069617323617849,1.0,4544.164145292001,573.1416536814055,12.612696974760718,0.1238463724811625,1.0,4226.153285283751,1065.088414705093,25.20231384919067,0.5655774027785154,1.0,19.191467087946293,25.20231384919067,0.2069617323617849,1.0,1.0,0.7891966093905465,0.7484919206764573,1336.3262451050714,1336.405389862383,1336.2566589899025,0.0391003658010661,1551.2877356272045,1571.0304137199175,1553.9989897891342,1548.747391469725,1537.806266046342,1.2870543607151437,1.0,1.0,1.0,0.0,0.0,4360.541664934453,4331.653048170472,0.0002292767275479,0.0002308054646614,False,,5,1.0,True,True,True,True,False,False,True,True,retained,RG-011,6,0,5,0,0,True,representative,70,main
LMU_vs_Dunn,LMU,Dunn,FT-079,24,26,3.9578680833222406,4.3931347376772525,-0.4352666543550119,-0.5706653667814066,46.434782760965874,92.06943582022129,-0.9723621217563571,95.0,2.6214431739141237e-05,0.15224358974358973,0.8477564102564102,-0.6955128205128205,-0.6955128205128205,0.9583333333333334,1.0,-0.04166666666666663,7.17255979529281e-05,4.144325822495353,LMU < Dunn,True,71.47372902399326,20.764956361815123,29.052571686646527,0.2866971967972456,1.0,89.28751929112467,24.88581714288769,27.871551747055182,0.3138745705312104,1.0,62.65457214130426,23.91614570581125,38.17142929629045,0.4162819333454849,1.0,80.95084998642987,161.69266039604543,199.74176975677292,0.8223924024236376,0.9615384615384616,38.17142929629045,199.74176975677292,0.4162819333454849,1.0,0.9615384615384616,0.7611077767389207,0.6887091988191257,1077.2093617269695,1077.2780627278853,1077.1457095383691,0.033821129808481,1186.4594094558372,1193.3994246262791,1189.5073639083237,1183.6673357354396,1179.0351316011868,1.4609631651882211,1.0,1.0,0.9615384615384616,2.55112722212645,0.3333333333333333,85.72907572772174,76.87344777391537,0.0409450601465522,0.04560125849874,False,0.3535533905932737,5,1.0,True,True,True,True,False,False,True,True,retained,RG-010,25,2,10,0,0,False,member,71,main
LMU_vs_Dunn,LMU,Dunn,FT-042,24,26,6.603789326992915,6.7351172446911445,-0.13132791769822916,-0.13330677026655646,741.4832496589598,907.5226714825855,-0.2911640370127518,95.0,2.6214431739141237e-05,0.15224358974358973,0.8477564102564102,-0.6955128205128205,-0.6955128205128205,1.0,1.0,0.0,7.17255979529281e-05,4.144325822495353,LMU < Dunn,True,813.4564185061249,173.2013328510153,21.29202363036136,0.2390801789450344,1.0,905.9908230138992,168.75954844023966,18.62707040219663,0.1851976717916229,1.0,720.041082656171,106.40405823965408,14.777498229286929,0.1439385198522842,1.0,731.9833867398276,142.22855910509824,19.430572015926263,0.1939296475004812,1.0,18.62707040219663,19.430572015926263,0.1851976717916229,1.0,1.0,1.1430688331886296,1.2909459208214993,1025.1886386302892,1025.247027968808,1025.1370733359656,0.0298006748993319,1107.3546178711229,1123.5890952400546,1110.207654223817,1104.6921888972022,1102.8541050786582,1.4123877129358002,1.0,1.0,1.0,0.6769438017851375,0.1666666666666666,733.8785213958358,787.5239041224207,0.0022819333440307,0.0021266873369571,False,,5,1.0,True,True,True,True,False,False,True,False,retained,RG-012,7,1,5,0,0,False,member,72,main
LMU_vs_Dunn,LMU,Dunn,FT-158,24,26,6.97424667333897,6.807847604286717,0.166399069052253,0.15393058491292333,1032.747872826576,1002.3521697802892,0.04305628974858346,527.0,3.110185801826194e-05,0.844551282051282,0.844551282051282,0.6891025641025641,0.6891025641025641,1.0,1.0,0.0,8.393241136435073e-05,4.076070299498741,LMU > Dunn,True,984.5967368662832,143.59764913315124,14.584412456025948,0.1534563617952599,1.0,988.1466796263404,203.06819794960268,20.550410393160583,0.2006633238580641,1.0,1066.708522918447,175.02912508890694,16.408336610083357,0.1619257321850824,1.0,1052.9436143684177,179.121852018199,17.01153315086496,0.1659174758278136,1.0,17.01153315086496,20.550410393160583,0.1659174758278136,1.0,1.0,0.8573249880939977,0.9248957111336144,1256.286883804324,1256.3617691443733,1256.218970839692,0.0384284633284264,1499.1705919535325,1512.5175795444216,1501.7481985790696,1496.5087130770617,1486.488871019942,1.2082867332128768,1.0,1.0,1.0,0.0,0.0,994.754597744716,1035.3280496122743,0.0010042635025385,0.0009649454150875,False,,5,1.0,True,True,True,True,False,False,True,True,retained,RG-018,12,0,11,0,0,False,member,73,main
LMU_vs_Dunn,LMU,Dunn,FT-161,24,26,7.779636680351878,7.630103209739933,0.14953347061194489,0.13770281092124304,2267.8197612717345,2258.821269630088,0.005733329828440028,524.0,4.008491271869131e-05,0.8397435897435898,0.8397435897435898,0.6794871794871795,0.6794871794871795,1.0,1.0,0.0,0.00010528970407442916,3.977614094933023,LMU > Dunn,True,2252.563161035589,320.3131827392607,14.21994234301517,0.1530022647655249,1.0,2289.2257960955617,420.4224160972272,18.365266406410747,0.1712468501816914,1.0,2404.156180008782,392.6592100237592,16.332516717874995,0.1649602797032179,1.0,2394.185734845982,383.955309576996,16.03698927734593,0.1595972948967543,1.0,16.332516717874995,18.365266406410747,0.1649602797032179,1.0,1.0,0.8706522447610456,0.9275097316808218,1255.783773964013,1255.857464327852,1255.718137993478,0.0376269232141806,1499.2176641397284,1516.2742759870457,1501.9539524350391,1496.516673083489,1484.1305376135774,1.3130847980307403,1.0,1.0,1.0,0.0,0.0,2261.558763434563,2361.594763048152,0.0004419774708887,0.0004232634456151,False,,5,1.0,True,True,True,True,False,False,True,True,retained,RG-018,12,0,11,0,3,True,representative,74,main
LMU_vs_Dunn,LMU,Dunn,FT-222,24,26,7.211222633927917,7.309957963460323,-0.09873532953240627,-0.08503564896070515,1271.4658464197744,1584.5482936154135,-0.3173548864042634,100.0,4.008491271869131e-05,0.16025641025641027,0.8397435897435898,-0.6794871794871795,-0.6794871794871795,1.0,1.0,0.0,0.00010528970407442916,3.977614094933023,LMU < Dunn,True,1477.558994352473,223.235441678635,15.10839448928169,0.1527952241894376,1.0,1580.3396273371811,203.2159555786188,12.859005245665502,0.1317993093777189,1.0,1481.5420330226773,140.54256362472287,9.486235320504852,0.0939740392382832,1.0,1335.4254791006808,183.9627359375897,13.775589788917031,0.136474183338907,1.0,12.859005245665502,13.775589788917031,0.1317993093777189,1.0,1.0,1.1749271580999168,1.1593021610723866,1087.6997012829654,1087.7619304064426,1087.6443678719036,0.03103060333828,1212.1840644998792,1229.1766516010414,1214.6552307545503,1209.398301752987,1197.634043318504,1.289501447076295,1.0,1.0,1.0,0.0,0.0,1325.6717036063071,1467.219307003939,0.0007537659824067,0.0006810971598245,False,,5,1.0,True,True,True,True,False,False,True,False,retained,RG-010,25,0,7,0,0,False,member,75,main
LMU_vs_Dunn,LMU,Dunn,FT-119,24,26,7.384153853376617,7.157793160153725,0.2263606932228921,0.17511746258025696,1517.7694969575455,1423.8762504643669,0.09206630156877144,522.0,4.7387283797267674e-05,0.8365384615384616,0.8365384615384616,0.6730769230769231,0.6730769230769231,1.0,1.0,0.0,0.0001196832680520735,3.9219665605424114,LMU > Dunn,True,1471.8450551446076,292.01676250931,19.840183685681477,0.2126216761447007,1.0,1452.7842246307484,309.6817537912521,21.3164314796964,0.2025924265756863,1.0,1604.4312693890804,294.64690830418886,18.364570295141505,0.1796070911415007,1.0,1571.517427155322,282.5367328618133,17.97859368147424,0.1780589395206016,1.0,18.364570295141505,21.3164314796964,0.1796070911415007,1.0,1.0,1.0803510981648372,1.1838155987793937,1173.7328914728205,1173.8032504310777,1173.6726629889213,0.0333763897511305,1443.2962636993905,1461.1698659261056,1446.2752528351923,1440.3320215371118,1432.0197194417306,1.3310233171334998,1.0,1.0,1.0,0.0,0.0,1461.413215491092,1541.770128799806,0.0006838012604147,0.0006481847044691,False,,5,1.0,True,True,True,True,False,False,True,False,retained,RG-025,3,0,2,0,0,False,member,76,main
LMU_vs_Dunn,LMU,Dunn,FT-038,24,26,6.107036017879496,6.244498143067295,-0.137462125187799,-0.21266046311847653,413.0305926664725,554.294295507252,-0.4235152031064708,102.0,4.7387283797267674e-05,0.16346153846153844,0.8365384615384616,-0.6730769230769231,-0.6730769230769231,1.0,1.0,0.0,0.0001196832680520735,3.9219665605424114,LMU < Dunn,True,483.19473611175033,85.39446478785928,17.6728880523462,0.1817703839288994,1.0,639.112857653513,507.7790029695238,79.450600451667,0.3907956941146937,1.0,413.86352127777786,61.06467138958861,14.754784669365211,0.1478343687389213,1.0,438.18500502963366,85.02436825023963,19.403760346497844,0.1985234383838393,1.0,19.403760346497844,79.450600451667,0.1985234383838393,1.0,1.0,0.910797069060686,0.9156117051400836,1025.690862799387,1025.7477618544551,1025.6366460844254,0.030538553488754,1107.23462155222,1121.1202767189984,1109.9813621005935,1104.387069581245,1102.96307424481,1.4209852699776997,1.0,1.0,1.0,0.0,0.0,423.7966793550052,498.8520106409816,0.002354067365871,0.0020005921326947,False,,5,1.0,True,True,True,True,False,False,True,True,retained,RG-012,7,1,5,0,0,False,member,77,main
LMU_vs_Dunn,LMU,Dunn,FT-160,24,26,8.811789249799428,8.625491710597032,0.18629753920239622,0.13154691085132342,6354.3778464053485,6363.323045879894,-0.0020291667482555138,522.0,4.7387283797267674e-05,0.8365384615384615,0.8365384615384615,0.6730769230769231,0.6730769230769231,1.0,1.0,0.0,0.0001196832680520735,3.9219665605424114,LMU > Dunn,True,6249.052178574144,1063.4299703763677,17.01746024817178,0.1714387441868103,1.0,6330.268243369318,1145.0491190354082,18.088477059953934,0.1720377748311183,1.0,6638.670151488845,966.0078220657962,14.551224869172795,0.1430457376657119,1.0,6585.487282796269,987.4374043812518,14.994143363708316,0.1514105360078994,1.0,14.994143363708316,18.088477059953934,0.1514105360078994,1.0,1.0,1.134940478784582,1.1322775066186013,1254.7781749513174,1254.8523767229926,1254.7118032564333,0.0370579768691196,1499.4061441213764,1520.9206245256487,1501.9742033461912,1496.7452153750164,1480.487733923874,1.258887658077959,1.0,1.0,1.0,0.0,0.0,6247.629484689547,6515.763745093475,0.0001600350928872,0.0001534503994797,False,,5,1.0,True,True,True,True,False,False,True,False,retained,RG-018,12,0,11,0,3,False,member,78,main
LMU_vs_Dunn,LMU,Dunn,FT-208,24,26,7.227878127987017,7.076637842287707,0.15124028569931003,0.1340176860698099,1288.5052585225349,1251.1491930780949,0.04241118730801132,520.0,5.593935259481498e-05,0.8333333333333334,0.8333333333333334,0.6666666666666667,0.6666666666666666,1.0,1.0,0.0,0.0001377506557647319,3.860906325003752,LMU > Dunn,True,1209.3457361805747,208.0256657444504,17.201504873325064,0.1818208150278348,1.0,1252.0742352079556,202.9867249204052,16.212035933052434,0.1675089248350074,1.0,1016.5694461633428,164.97485385097477,16.228586691603805,0.156238074640324,1.0,1309.1332916575625,206.8353400983014,15.799410298122988,0.1571177741744939,1.0,16.212035933052434,16.228586691603805,0.1571177741744939,1.0,1.0,1.0610329846515665,1.1572262653486032,1034.3174542653558,1034.380541985564,1034.2613138443917,0.0295451611052212,1455.555851617301,1469.701675415041,1457.6545435811267,1453.1631563393423,1442.65215174357,1.0732159464279536,1.0,1.0,1.0,0.0,0.0,1101.7275424408358,1193.3452599235234,0.0009068423173566,0.0008372788284553,False,,5,1.0,True,True,True,True,False,False,True,False,retained,RG-014,17,2,2,0,0,False,member,79,main
LMU_vs_Dunn,LMU,Dunn,FT-055,24,26,7.673545726978986,7.749110549355651,-0.07556482237666451,-0.07405023442268632,2041.3568754717558,2445.4451032369107,-0.26045192936291683,104.0,5.593935259481498e-05,0.16666666666666669,0.8333333333333333,-0.6666666666666667,-0.6666666666666666,1.0,1.0,0.0,0.0001377506557647319,3.860906325003752,LMU < Dunn,True,2387.60825200239,387.1295839086941,16.21411651530456,0.1644998628509233,1.0,2456.03514673785,392.3427347793351,15.974638445237714,0.1632507199913953,1.0,2409.999131777913,261.48962812644004,10.850195947312768,0.1063079360206844,1.0,2086.2547096795543,340.3801422531515,16.315368429075154,0.1683459442656976,1.0,15.974638445237714,16.315368429075154,0.1632507199913953,1.0,1.0,1.014991141795653,1.0076516836164269,1105.7327676680493,1105.7968689408365,1105.676441948791,0.0323388959277148,1180.3586166880116,1197.1622159404142,1183.040199087054,1177.5454495086724,1165.815387848887,1.3546287736842515,1.0,1.0,1.0,0.0,0.0,2115.397088771124,2319.184162529318,0.0004725011224527,0.0004310002697845,False,,5,1.0,True,True,True,True,False,False,True,False,retained,RG-010,25,0,10,0,0,False,member,80,main
LMU_vs_Dunn,LMU,Dunn,FT-146,24,26,5.357656184464416,5.54441994061899,-0.18676375615457452,-0.41575276656746585,206.01619673317657,267.9229090181087,-0.37744901371390205,105.0,6.07450527507298e-05,0.16826923076923078,0.8317307692307692,-0.6634615384615384,-0.6634615384615384,0.9583333333333334,1.0,-0.04166666666666663,0.00014773796780115765,3.8305078791800207,LMU < Dunn,True,261.6091094216664,47.00097804719745,17.9661091125999,0.1758773658218541,0.9090909090909092,261.9596697911767,65.71144256136327,25.0845645872686,0.2872472934526396,0.9629629629629628,194.7691029998359,63.56732097576573,32.63727151622159,0.4567167706769161,1.0,198.9681783603712,49.36386104631966,24.80992762416101,0.338700797787478,0.8846153846153846,25.0845645872686,32.63727151622159,0.338700797787478,0.9629629629629628,0.8846153846153846,0.7162216848570855,0.519270598034465,1633.038705134174,1633.107167277146,1632.9691329723976,0.0425022110452064,1439.0391430336188,1445.0717250636355,1440.7764451317369,1436.86510091518,1430.602291920149,0.996074966973379,0.9629629629629628,1.0,0.8846153846153846,0.0,0.0,214.16382200172248,208.2432429728464,0.0046476214760304,0.0047791268467855,False,,5,1.0,True,True,True,True,False,False,True,True,retained,RG-001,2,0,1,0,0,False,member,81,main
LMU_vs_Dunn,LMU,Dunn,FT-194,24,26,7.205925056887104,7.3212963794372925,-0.11537132255018889,-0.08586673497925812,1326.8778375877894,1574.2887975461958,-0.2464939146073403,106.0,6.593989397572653e-05,0.16987179487179482,0.8301282051282052,-0.6602564102564102,-0.6602564102564102,1.0,1.0,0.0,0.00015841657455144056,3.800199381713351,LMU < Dunn,True,1527.349871842017,283.7838879785878,18.58014939539284,0.1864907149505886,1.0,1582.1479570135243,264.1599388799202,16.69628543328847,0.1701576712575769,1.0,1558.234431389374,163.01152399190025,10.461296497379648,0.1040300614727886,1.0,1326.7369244309623,217.489778915418,16.39283379474038,0.1685641951939143,1.0,16.39283379474038,16.69628543328847,0.1685641951939143,1.0,1.0,1.1334312070774644,1.1063483246608317,1106.736189796707,1106.8013071714472,1106.6793317132142,0.0322864849836996,1180.3607794138811,1194.835010057088,1183.154158165373,1177.6877652976746,1167.7071170592574,1.3268503508308518,1.0,1.0,1.0,0.0,0.0,1353.6654370993724,1490.218355578404,0.000738189646398,0.0006705926038659,False,,5,1.0,True,True,True,True,False,False,True,False,retained,RG-010,25,0,9,0,0,False,member,82,main
LMU_vs_Dunn,LMU,Dunn,FT-165,24,26,8.440111126613605,8.284901697248396,0.15520942936520932,0.13243500108657003,4366.949622240218,4383.896004625729,-0.005586410047452613,517.0,7.155326993709734e-05,0.8285256410256411,0.8285256410256411,0.6570512820512822,0.657051282051282,1.0,1.0,0.0,0.00016983125515190574,3.7699823806946764,LMU > Dunn,True,4330.838282326309,689.7033072442446,15.92539970977098,0.162803769835307,1.0,4407.864743981796,796.825276951614,18.077353168323643,0.1711935469806786,1.0,4630.7623836912135,645.9876644050186,13.9499203560969,0.137828692913489,1.0,4575.479196150883,657.9457366478869,14.379821401032334,0.142956377108563,1.0,14.379821401032334,18.077353168323643,0.142956377108563,1.0,1.0,1.1074824412372526,1.1388353085617977,1255.2798171824015,1255.3525416489088,1255.2149199475878,0.036872816699603,1499.3447722912745,1520.15945308811,1501.9008236691704,1496.6776349502495,1481.9525590833746,1.2738417443216894,1.0,1.0,1.0,0.0,0.0,4330.35494209882,4536.387710929152,0.0002308746370057,0.0002203911289289,False,,5,1.0,True,True,True,True,False,False,True,False,retained,RG-018,12,0,11,1,3,False,member,83,main
LMU_vs_Dunn,LMU,Dunn,FT-163,24,26,7.021583871623868,6.914818906785447,0.1067649648384208,0.07444196248412815,1116.1405375014933,1091.7215221859515,0.03188490984029379,516.0,7.761661419296451e-05,0.8269230769230769,0.8269230769230769,0.6538461538461537,0.6538461538461539,1.0,1.0,0.0,0.00017988791760016482,3.7449980056138377,LMU > Dunn,True,1067.4257666487863,229.7288990639194,21.521768186762053,0.2304449309397323,1.0,1079.683403511371,209.82167410839028,19.43362965717575,0.1962405198013493,1.0,1164.8620666957506,148.96093780322212,12.787860645661242,0.1256600173690504,1.0,1085.544693924251,240.08297041015052,22.116359810322415,0.3071777378640448,1.0,19.43362965717575,22.116359810322415,0.1962405198013493,1.0,1.0,1.1074497438935844,1.1742984128507583,1337.3318321701493,1337.4086088050117,1337.2605286062494,0.0385999135719712,1551.0732220065731,1564.003391265867,1553.8833102803744,1548.545409600503,1539.332274119059,1.2550125304137447,1.0,1.0,1.0,0.0,0.0,1104.3794371121548,1109.6459198851526,0.000904666729293,0.0009003769627168,False,,5,1.0,True,True,True,True,False,False,True,False,retained,RG-011,6,0,5,0,0,False,member,84,main
LMU_vs_Dunn,LMU,Dunn,FT-085,24,26,8.98375421940672,8.910870696701663,0.07288352270505705,0.0710551082547628,7748.639892615767,7867.0236335890395,-0.021872017792767137,516.0,7.761661419296451e-05,0.8269230769230769,0.8269230769230769,0.6538461538461537,0.6538461538461539,1.0,1.0,0.0,0.00017988791760016482,3.7449980056138377,LMU > Dunn,True,7867.342325774453,989.037297112093,12.571428268373124,0.126024753027493,1.0,7887.307028035314,781.2551840879449,9.905220898729883,0.1002923445385694,1.0,7389.294166797708,609.7532206319643,8.25184661576699,0.0818457771275114,1.0,7728.710039496721,784.4854906443359,10.150277169609277,0.1051159974013964,1.0,9.905220898729883,10.150277169609277,0.1002923445385694,1.0,1.0,1.2691719242712818,1.2565740047988176,1224.2975971419808,1224.3676798771355,1224.2360970656302,0.0338887890806766,1299.5622354883926,1326.7008043924968,1301.6533649016435,1297.2715763988908,1284.4157231648746,1.108347628423208,1.0,1.0,1.0,1.1594200307478186,0.1666666666666666,7369.696948499053,7671.207583805171,0.0002929736557935,0.0002814600631122,False,,5,1.0,True,True,True,True,False,False,True,False,retained,RG-009,24,1,9,0,1,False,member,85,main
LMU_vs_Dunn,LMU,Dunn,FT-162,24,26,8.685005695779967,8.528816920883145,0.15618877489682248,0.12187788936613053,5540.633981156928,5640.03541465851,-0.02564856872978698,515.0,8.416352715006165e-05,0.8253205128205128,0.8253205128205128,0.6506410256410255,0.6506410256410257,1.0,1.0,0.0,0.000190577182167381,3.7199290987239997,LMU > Dunn,True,5575.712968976438,872.0262103255328,15.63972563109925,0.1598862101550824,1.0,5675.728669578604,1001.410407489035,17.64373291585457,0.1689536556037153,1.0,5946.051391582643,885.2658508452146,14.888298007286243,0.147637912164383,1.0,5860.709307745455,933.2510067407524,15.923857637971864,0.157714759227225,1.0,15.923857637971864,17.64373291585457,0.157714759227225,1.0,1.0,0.9821568357785944,1.0137682163577917,1254.277029107562,1254.349588244185,1254.211046464982,0.0362667749806767,1499.404825285124,1520.6643017478634,1501.897377148848,1496.650283258094,1481.8052038939109,1.2653251053731978,1.0,1.0,1.0,0.0,0.0,5599.462218843057,5825.575345077884,0.0001785566906666,0.0001716274038822,False,,5,1.0,True,True,True,True,False,False,True,False,retained,RG-018,12,0,11,1,4,False,member,86,main
LMU_vs_Dunn,LMU,Dunn,FT-135,24,26,7.297066133907354,7.093119492250285,0.203946641657069,0.1853785894525588,1402.8775957497228,1347.2491161927483,0.058330064247975946,515.0,8.416352715006165e-05,0.8253205128205128,0.8253205128205128,0.6506410256410255,0.6506410256410257,1.0,1.0,0.0,0.000190577182167381,3.7199290987239997,LMU > Dunn,True,1399.9749342510672,249.0898358182811,17.7924496877892,0.1922978735455733,1.0,1353.0424658944398,300.116912251219,22.180893786864573,0.2177014484964543,1.0,1493.6667457121855,271.9953183197364,18.20990653373943,0.1790419658197569,1.0,1474.131702811324,253.0396811159103,17.165337441243345,0.1701455783078931,1.0,18.20990653373943,22.180893786864573,0.1790419658197569,1.0,1.0,0.9770752889271144,1.0740379925182522,1173.2301124568482,1173.299758045921,1173.174174305768,0.03387592307933,1442.9947789043065,1461.5335927384624,1446.522009722994,1439.6890407160083,1429.7166348575215,1.5507356932126253,1.0,1.0,1.0,0.8011058026765228,0.1666666666666666,1396.4444657974168,1439.1760283640651,0.0012888568002226,0.0012506150409422,False,0.3535533905932737,5,1.0,True,True,True,True,False,False,True,False,retained,RG-025,3,0,2,0,1,True,representative,87,main
LMU_vs_Dunn,LMU,Dunn,FT-204,24,26,6.9016292974904765,6.731777578135737,0.16985171935473975,0.1309759705845046,920.0694641794155,880.5922207262281,0.0631984705152847,514.0,9.122990980065005e-05,0.8237179487179488,0.8237179487179488,0.6474358974358974,0.6474358974358975,1.0,1.0,0.0,0.00019969213589697844,3.699639037802289,LMU > Dunn,True,893.1037674126444,166.08542129775472,18.59643048857699,0.1955083336141021,1.0,907.303934883018,149.96438064919698,16.528571615699253,0.1612404226404102,1.0,749.1496770881816,132.98027338281872,17.750828365793417,0.1700127831194288,1.0,958.6451829542444,164.37144081247556,17.14622299628463,0.1696418839343308,1.0,17.14622299628463,17.750828365793417,0.1696418839343308,1.0,1.0,1.0845788307201298,1.1524767886318945,1033.9838278235356,1034.042914112964,1033.928607670589,0.0297239387994302,1455.7532616121457,1468.3237969120837,1457.4093418500188,1453.3497847415665,1443.3293499524104,0.98773463920309,1.0,1.0,1.0,0.0,0.0,813.5810174519474,872.1502861132224,0.0012276249735453,0.0011452782137327,False,,5,1.0,True,True,True,True,False,False,True,False,retained,RG-014,17,2,3,0,0,False,member,88,main
LMU_vs_Dunn,LMU,Dunn,FT-092,24,26,8.74561015524302,8.677515547779326,0.06809460746369389,0.0588486756119746,5972.288603586103,6240.50471305779,-0.06336845022972033,514.0,9.122990980065005e-05,0.8237179487179487,0.8237179487179487,0.6474358974358974,0.6474358974358975,1.0,1.0,0.0,0.00019969213589697844,3.699639037802289,LMU > Dunn,True,6404.246451987509,1039.7859065500568,16.235882150153156,0.1579821161650289,1.0,6249.047975504685,958.7852779282656,15.342901537747148,0.1543332540079897,1.0,6070.297175154671,602.4090978247751,9.923881491179644,0.0982954070331285,1.0,6095.667906844218,963.8012055304598,15.811248582756674,0.1611782741413397,1.0,15.342901537747148,15.811248582756674,0.1543332540079897,1.0,1.0,1.0582015474849438,1.023642747510853,1251.3142498680247,1251.3872814292572,1251.2506210064705,0.0361206867456643,1273.8054275719012,1292.538921522056,1275.9376310450957,1271.4144752449388,1260.8067512512189,1.150720330226371,1.0,1.0,1.0,0.0,0.0,5846.052689965294,6139.739081906299,0.0001710263363482,0.0001628468473683,False,,5,1.0,True,True,True,True,False,False,True,False,retained,RG-009,24,1,9,0,0,False,member,89,main
LMU_vs_Dunn,LMU,Dunn,FT-139,24,26,6.92980740310707,6.747804297858224,0.182003105248846,0.1843927619720649,1007.3712317509328,889.7468537004879,0.17893947705245564,514.0,9.122990980065005e-05,0.8237179487179487,0.8237179487179487,0.6474358974358974,0.6474358974358975,1.0,1.0,0.0,0.00019969213589697844,3.699639037802289,LMU > Dunn,True,941.4798996995302,185.5784997041525,19.71136078033946,0.2108614034253811,1.0,937.8703448389372,210.2884714069699,22.42191285439175,0.2090668322705053,1.0,1015.388301931676,186.6591691790857,18.383033251809685,0.182912880396172,1.0,1022.9330490962744,184.2405223998881,18.011004978542655,0.1802488128117026,1.0,18.383033251809685,22.42191285439175,0.182912880396172,1.0,1.0,1.0722583433503288,1.1527969105766374,1174.234578749382,1174.3047758750722,1174.1691741712189,0.0367706332183141,1443.187753176186,1459.7429939552608,1445.8934686334949,1440.3935207486345,1432.0249712908712,1.2691559803045909,1.0,1.0,1.0,0.0,0.0,952.8259689204156,991.377904270608,0.0010484092828085,0.0010076806382896,False,,5,1.0,True,True,True,True,False,False,True,False,retained,RG-025,3,0,2,0,0,False,member,90,main
LMU_vs_Dunn,LMU,Dunn,FT-142,24,26,10.366808437681012,10.314834548974833,0.05197388870617914,0.06965043449327446,31821.964533522834,32283.387239948435,-0.020768405742260694,512.0,0.00010707704319978836,0.8205128205128205,0.8205128205128205,0.641025641025641,0.6410256410256411,1.0,1.0,0.0,0.0002318041484654759,3.6348787959844038,LMU > Dunn,True,32025.890221837115,4087.5241040691512,12.763186521141696,0.1243694065460248,1.0,32271.204773627844,3220.5800368362943,9.979732890134196,0.1015477328850431,1.0,30474.97131943083,2160.877158933325,7.090661829616066,0.0707336677637555,1.0,31597.492667450668,3067.4587282504244,9.70791815836162,0.0990908015529504,1.0,9.70791815836162,9.979732890134196,0.0990908015529504,1.0,1.0,1.314719213011547,1.2551054648555495,1223.287004668688,1223.356662280608,1223.2239895857,0.0347578187101029,1299.8451740769872,1340.5209657420266,1302.243180167931,1297.343779084556,1283.3566960044554,1.2104519752257064,1.0,1.0,1.0,0.0,0.0,30210.204891719182,31458.31129806165,3.310030181133549e-05,3.1787091285167914e-05,False,,5,1.0,True,True,True,True,False,False,True,False,retained,RG-009,24,1,9,0,0,False,member,91,main
LMU_vs_Dunn,LMU,Dunn,FT-057,24,26,7.501467309284022,7.5675471811411,-0.06607987185707742,-0.0798083816173758,1673.24058310983,2097.9925819702567,-0.3261902144964674,113.0,0.00011594240303949306,0.18108974358974358,0.8189102564102564,-0.6378205128205128,-0.6378205128205128,1.0,1.0,0.0,0.00024826797172587103,3.6050793038038895,LMU < Dunn,True,1944.9380968611465,341.2102615080296,17.543502390060354,0.169723050656562,1.0,2075.2540081895863,336.5594464812877,16.217747087976765,0.1627503094638855,1.0,1686.582621228665,223.76746703879448,13.26750698259782,0.1292956382009373,1.0,1764.322593696288,309.96360606602855,17.568420150231663,0.1698797766789709,1.0,16.217747087976765,17.568420150231663,0.1627503094638855,1.0,1.0,1.081747193052878,1.0428431823917592,1179.2722036799555,1179.3415370035414,1179.2139907053818,0.0342749572089302,1244.832670568563,1260.2540539156994,1247.2750431006125,1242.2433003120475,1231.9048456991884,1.2191820975445251,1.0,1.0,1.0,0.0,0.0,1750.840616587273,1845.004984926172,0.0005708281852421,0.0005417103464864,False,,5,1.0,True,True,True,True,False,False,True,False,retained,RG-015,16,0,8,0,0,False,member,92,main
LMU_vs_Dunn,LMU,Dunn,FT-192,24,26,4.721491798034231,4.915434301348007,-0.19394250331377627,-0.2328949657991295,101.0760916860429,136.36960266687709,-0.42841780092660153,116.0,0.00014687445675867517,0.1858974358974359,0.8141025641025641,-0.6282051282051282,-0.6282051282051282,1.0,1.0,0.0,0.00031112116109095707,3.507070449089014,LMU < Dunn,True,129.88653579407037,28.21977782349782,21.72648431261504,0.2431003002037658,1.0,140.82468161103216,30.098785199213687,21.3732314924373,0.2127804640585551,1.0,116.24438344070025,18.18095460054112,15.640286491618555,0.156091157639073,1.0,102.932757607801,25.17865608242844,24.46126643023136,0.2408074716686366,1.0,21.3732314924373,24.46126643023136,0.2127804640585551,1.0,1.0,1.0165278151926973,1.1424935145214596,1068.7037715820934,1068.7709537862363,1068.644656968828,0.0326297049075302,1157.8147203461158,1163.3792711145747,1159.779912946269,1155.301746795193,1149.5256244435009,1.1713404979799975,1.0,1.0,1.0,0.0,0.0,110.81134070934324,120.2642034273279,0.0089436366083788,0.0082464566767165,False,,5,1.0,True,True,True,True,False,False,True,False,retained,RG-010,25,1,10,0,0,False,member,93,main
LMU_vs_Dunn,LMU,Dunn,FT-207,24,26,6.993170522528834,6.865763970908507,0.12740655162032688,0.12371693212744184,1005.1139383529018,1017.1781340407649,-0.017196294543574332,507.0,0.00015880708398783374,0.8125,0.8125,0.625,0.625,1.0,1.0,0.0,0.0003328191015489707,3.4777917561215452,LMU > Dunn,True,992.11350626866,173.69623932146172,17.507698284920387,0.1769609260361332,1.0,1012.604362845107,162.12225493419857,16.01042429628536,0.1638385337646102,1.0,818.3109865921647,118.99974711036812,14.54211773520719,0.1383840957575858,1.0,1051.39412655592,148.17942650847803,14.09361368546668,0.1436825619974122,1.0,14.54211773520719,16.01042429628536,0.1436825619974122,1.0,1.0,1.2039304456003257,1.231610319137547,1034.6551417461487,1034.7125304192216,1034.5975891814644,0.0303605748289172,1455.50905041845,1469.479553565551,1457.2048275403458,1453.303311263696,1442.954649764501,1.045363518081707,1.0,1.0,1.0,0.0,0.0,901.5359142400708,961.4259587173171,0.0011079891494866,0.0010390409682348,False,,5,1.0,True,True,True,True,False,False,True,False,retained,RG-014,17,2,2,0,0,False,member,94,main
LMU_vs_Dunn,LMU,Dunn,FT-083,24,26,8.155858472786598,8.083098530989886,0.0727599417967113,0.07455647786254005,3398.6823758076916,3468.669678101584,-0.029398355775216548,504.0,0.00020031264959228642,0.8076923076923077,0.8076923076923077,0.6153846153846154,0.6153846153846154,1.0,1.0,0.0,0.0004068205357699013,3.3905971325771027,LMU > Dunn,True,3414.581546314976,410.5896700208592,12.02459699531758,0.1168793008386792,1.0,3385.404320157776,501.8025239471976,14.822528610816304,0.1811000156974457,1.0,3214.0403074863275,261.340158546479,8.131203517819939,0.0826374554377007,1.0,3361.512217781886,374.31564402317696,11.13533492584392,0.1137585643561965,1.0,11.13533492584392,14.822528610816304,0.1137585643561965,1.0,1.0,1.0798594811378128,1.0274329805421174,1224.8042649657891,1224.876041896912,1224.7402364071952,0.0346338316722824,1299.2791674223463,1319.7385787963844,1301.3711060851224,1296.826881389742,1284.575736753402,1.191957931979993,1.0,1.0,1.0,0.0,0.0,3183.904454987846,3321.1428139396644,0.0003139811614863,0.0003010105392832,False,,5,1.0,True,True,True,True,False,False,True,False,retained,RG-009,24,0,9,0,0,False,member,95,main
LMU_vs_Dunn,LMU,Dunn,FT-088,24,26,9.767695659459143,9.700385162344475,0.06731049711466852,0.06479822657321854,16948.259411045423,17392.2781635731,-0.037307630415769816,504.0,0.00020031264959228642,0.8076923076923077,0.8076923076923077,0.6153846153846154,0.6153846153846154,1.0,1.0,0.0,0.0004068205357699013,3.3905971325771027,LMU > Dunn,True,17559.334008635386,2229.2717300265126,12.69565080845432,0.1253608219026499,1.0,17521.122370164787,1899.7236305273696,10.842476813941133,0.109699810627977,1.0,16445.75592270199,1281.4478411459404,7.79196679781079,0.0774680594262692,1.0,17006.907217733016,1624.1758162128883,9.550095119701531,0.098194776718267,1.0,9.550095119701531,10.842476813941133,0.098194776718267,1.0,1.0,1.3293742784052076,1.276654686657373,1223.7937689750972,1223.8660708013226,1223.731097431243,0.0355204882343369,1299.7601011100369,1336.2607719587245,1301.8750860839802,1297.2461217844962,1283.6113158516257,1.136548855459982,1.0,1.0,1.0,0.0,0.0,16409.012051906455,16997.968932224805,6.093840740865414e-05,5.882709733672777e-05,False,,5,1.0,True,True,True,True,False,False,True,False,retained,RG-009,24,1,9,0,1,False,member,96,main
LMU_vs_Dunn,LMU,Dunn,FT-217,24,26,4.853151089910124,4.613978682264464,0.23917240764566028,0.31032613087223826,116.33833748543562,106.28516203915333,0.1292238968846355,504.0,0.00020031264959228642,0.8076923076923076,0.8076923076923076,0.6153846153846154,0.6153846153846154,1.0,1.0,0.0,0.0004068205357699013,3.3905971325771027,LMU > Dunn,True,113.99744515007,25.211088899547768,22.115485892125964,0.232141856461769,1.0,109.45642950639582,32.71733236158546,29.890735984288348,0.3073831835780404,1.0,112.3975742635556,178.924854739174,159.18924933346145,0.5770913220586236,1.0,163.51959818131456,204.238495617062,124.90153956383706,0.5285792074738542,1.0,124.90153956383706,159.18924933346145,0.5285792074738542,1.0,1.0,0.1770633570198929,0.4391808326536411,1089.0287993120237,1089.0950065180127,1088.970820326633,0.030458456101534,1473.4388815633502,1483.5051296283675,1476.2821695524506,1470.872925663907,1466.9955052957894,1.2981758393010991,1.0,1.0,1.0,0.0,0.0,115.9467520052329,128.2173427878394,0.0085509001562972,0.0077388992717633,False,,5,1.0,True,True,True,True,False,False,True,True,retained,RG-007,14,1,5,0,0,False,member,97,main
LMU_vs_Dunn,LMU,Dunn,FT-101,24,26,10.738558144826422,10.665513988031595,0.07304415679482723,0.06470563405677154,44486.805991498826,45268.48597505213,-0.025128974429973232,502.0,0.0002334306016707161,0.8044871794871795,0.8044871794871795,0.608974358974359,0.6089743589743589,1.0,1.0,0.0,0.0004692431482564395,3.3286020600942443,LMU > Dunn,True,45626.17676693369,4279.033789591016,9.378462305638829,0.0910214052864614,1.0,45557.49099681806,4420.148442554461,9.702352666575042,0.0973703185670491,1.0,43120.127373938994,2960.1820920723767,6.8649660201640685,0.0686635287788551,1.0,44610.31605518913,4225.289315579831,9.471552074082068,0.0973692627224306,1.0,9.471552074082068,9.702352666575042,0.0973692627224306,1.0,1.0,0.9901716458173764,0.9348063520408388,1222.7800653728018,1222.853415898867,1222.7169146828526,0.0354924396049877,1300.021420828775,1340.6451712215658,1302.407113605227,1297.540546705481,1283.5628868551817,1.204843434452595,1.0,1.0,1.0,0.0,0.0,43239.0845382071,44443.59222875214,2.3126689290267146e-05,2.2499925184443003e-05,False,,5,1.0,True,True,True,True,False,False,True,True,retained,RG-009,24,1,9,0,0,True,representative,98,main
LMU_vs_Dunn,LMU,Dunn,FT-073,24,26,7.86760616813169,7.817546867920326,0.05005930021136429,0.05999452308933506,2474.429450300168,2619.3405139333445,-0.08207546944180868,501.0,0.00025185456043103386,0.8028846153846154,0.8028846153846154,0.6057692307692308,0.6057692307692307,1.0,1.0,0.0,0.0005011651354031684,3.3000191492275297,LMU > Dunn,True,2683.937811872758,482.4266665469781,17.97458437423174,0.1771762518430645,1.0,2605.1013010697498,380.02745007669296,14.587818520555796,0.148824903127596,1.0,2502.8238423307967,275.5844630521342,11.010941257275684,0.1082876901147638,1.0,2537.20069032346,389.3974391956125,15.347522199592708,0.1540616205733398,1.0,14.587818520555796,15.347522199592708,0.148824903127596,1.0,1.0,1.232163969472449,1.1905013752379954,1252.8205095026694,1252.8927190429526,1252.7570309093385,0.0359474530824347,1273.817172792693,1288.2634181766712,1275.9684910424037,1271.3181247571324,1262.248121408315,1.1541148926103488,1.0,1.0,1.0,0.0,0.0,2413.939758906413,2549.0933288341007,0.000414089004213,0.0003921425105085,False,,5,1.0,True,True,True,True,False,False,True,False,retained,RG-009,24,1,7,0,0,False,member,99,main
LMU_vs_Dunn,LMU,Dunn,FT-153,24,26,5.0214564812295155,4.805897711446178,0.2155587697833372,0.2234419899226383,151.08259025910036,129.28481792267698,0.22318603259444258,499.0,0.0002928659382806359,0.7996794871794872,0.7996794871794872,0.5993589743589745,0.5993589743589743,1.0,1.0,0.0,0.0005769458984128527,3.2388649097599784,LMU > Dunn,True,151.4211640047555,44.15577613461498,29.16090126821917,0.2884456156633603,1.0,133.3825948156918,44.38350144493094,33.275332142293465,0.3508235879348188,1.0,97.44115056236753,23.642763242119692,24.263633080755827,0.2567438152468976,1.0,150.38452181647463,24.9824051140288,16.612351332616985,0.1747239140963737,1.0,24.263633080755827,33.275332142293465,0.2567438152468976,1.0,1.0,1.201835733798147,1.1234763937194618,1088.6918828508271,1088.7513371347547,1088.6296921898063,0.0323400428121432,1473.446015556528,1483.6614707498018,1476.5098227948197,1470.4869684703458,1467.3194005629591,1.339608092953679,1.0,1.0,1.0,0.0,0.0,141.39530207407512,127.14933597308324,0.0070227035964978,0.0078033958772134,False,,5,1.0,True,True,True,True,False,False,True,False,retained,RG-007,14,2,5,0,0,False,member,100,main
LMU_vs_Dunn,LMU,Dunn,FT-105,24,26,10.678831543235301,10.609252041911493,0.0695795013238083,0.06288211447230196,41609.7810814839,42220.62251102996,-0.02102465061162424,496.0,0.0003662570019089513,0.7948717948717949,0.7948717948717949,0.5897435897435896,0.5897435897435898,1.0,1.0,0.0,0.0007073787193731706,3.1503480095450445,LMU > Dunn,True,43569.556183615,4508.197218448666,10.347126786074636,0.1026774622681893,1.0,43079.30368149134,4733.557043407208,10.988007323435314,0.1086906312195774,1.0,41117.41663917922,3427.654260033813,8.336258792989762,0.0835609054949195,1.0,42261.01480804069,4771.840521568528,11.291353374364842,0.1124554287996281,1.0,10.988007323435314,11.291353374364842,0.1086906312195774,1.0,1.0,0.9416745440282148,0.9446762900912756,1222.2792600253013,1222.3523829534292,1222.2154645351295,0.0356384043734069,1300.11549170832,1340.2901754940272,1302.463122605168,1297.468351311746,1283.18202748018,1.2617595384120577,1.0,1.0,1.0,0.0,0.0,41415.38659143461,42164.30907630359,2.4145032493172924e-05,2.3716178581553155e-05,False,,5,1.0,True,True,True,True,False,False,True,True,retained,RG-009,24,1,9,0,0,False,member,101,main
LMU_vs_Dunn,LMU,Dunn,FT-040,24,26,6.711105939763549,6.789559998485157,-0.07845405872160871,-0.10586082928958174,826.3424303788925,959.3091015487462,-0.21501427826279731,128.0,0.0003662570019089513,0.20512820512820512,0.7948717948717949,-0.5897435897435898,-0.5897435897435898,1.0,1.0,0.0,0.0007073787193731706,3.1503480095450445,LMU < Dunn,True,886.5293864385967,118.68696932945446,13.387821221160957,0.1414291388719939,1.0,951.0122073465504,173.75886699485983,18.270939705355623,0.1883104607211186,1.0,753.6994522024642,116.15019627125176,15.410678080213152,0.150496224795471,1.0,789.8296231670555,152.89654677833602,19.358168178758863,0.1991974977750463,1.0,18.270939705355623,19.358168178758863,0.1883104607211186,1.0,1.0,0.7327385146608898,0.7510423920710684,1024.6859401518484,1024.745883352035,1024.635571164931,0.0299810881909713,1107.6170160866384,1125.2454211495194,1110.1572639572094,1104.5491052697555,1102.7951743386006,1.4042236421118546,1.0,1.0,1.0,0.0,0.0,780.9964350724675,833.0263994679034,0.0012787782081223,0.0011990028141051,False,,5,1.0,True,True,True,True,False,False,True,True,retained,RG-012,7,1,5,0,0,True,representative,102,main
LMU_vs_Dunn,LMU,Dunn,FT-111,24,26,6.8685198063091555,6.809713757292341,0.0588060490168143,0.06588862165988818,888.0767234422985,944.2762148416973,-0.08842803154540724,494.0,0.0004243821886330909,0.7916666666666666,0.7916666666666666,0.5833333333333333,0.5833333333333334,1.0,1.0,0.0,0.0008116824384535816,3.090613850318727,LMU > Dunn,True,928.899079105843,216.9239115404958,23.352796489938008,0.2981201528241267,1.0,941.9337049253425,168.08480994779336,17.84465393571576,0.1871746774567769,1.0,879.3783074108985,112.40360012946724,12.782166580889458,0.1259930155459802,1.0,925.0503848651662,148.35749135826296,16.037774134852913,0.155730895150511,1.0,16.037774134852913,17.84465393571576,0.155730895150511,1.0,1.0,1.4561120697658574,1.914328897525433,1295.8363020697318,1295.9072791203832,1295.773465539277,0.0370243052418961,1243.8481834080928,1256.6009494236548,1245.3463489025294,1241.5589757546982,1232.480297633579,1.045388498174385,1.0,1.0,1.0,0.0,0.0,862.7082298883722,915.7893168628094,0.0011577983923219,0.0010907631465666,False,,5,1.0,True,True,True,True,False,False,True,False,retained,RG-016,8,2,0,0,0,False,member,103,main
LMU_vs_Dunn,LMU,Dunn,FT-233,24,26,6.819432418868731,6.879042982853265,-0.059610563984533904,-0.06825348358658623,863.5808361465613,1047.7478204721451,-0.27859504876592356,132.0,0.0004910324992009517,0.2115384615384615,0.7884615384615385,-0.5769230769230769,-0.5769230769230769,1.0,1.0,0.0,0.0009301288686787257,3.031456876092526,LMU < Dunn,True,961.8194147125778,156.01010600685552,16.22031159076533,0.1638829499752081,1.0,1036.1497168646174,170.3027150323796,16.43611075315588,0.164374168470677,1.0,852.9316266516083,103.94259908633498,12.186510130288765,0.1214605077086721,1.0,890.4352367947397,153.16996116685368,17.201695849123492,0.1781088488032578,1.0,16.43611075315588,17.201695849123492,0.164374168470677,1.0,1.0,0.9868704241756758,0.99701158338905,1179.778005634704,1179.8471969424174,1179.7162683397833,0.0348061923921688,1244.6512806591527,1258.3621313912536,1247.0162825638563,1242.1525013996577,1231.8023332868306,1.2082635774533983,1.0,1.0,1.0,0.0,0.0,868.799531497013,927.893427910756,0.0011496902030734,0.0010765497633557,False,,5,1.0,True,True,True,True,False,False,True,True,retained,RG-015,16,0,7,0,0,False,member,104,main
LMU_vs_Dunn,LMU,Dunn,FT-241,24,26,4.655530664133307,4.383879358744798,0.27165130538850946,0.3144069319403098,109.59248538605416,85.93193232307517,0.3472952413631111,491.0,0.0005279042653236779,0.7868589743589743,0.7868589743589743,0.5737179487179487,0.5737179487179487,1.0,1.0,0.0,0.0009904489549406148,3.0041679019112637,LMU > Dunn,True,86.63348226445486,25.287632643751145,29.189214126887855,0.3084010797820391,1.0,86.44656523626352,23.88664065657076,27.63168275256185,0.2876345174351453,1.0,74.4061458059146,84.76771056014178,113.92568401709032,0.4926808426024553,1.0,110.25376969547044,33.29881741730168,30.201976321785292,0.2857848092339796,1.0,30.201976321785292,113.92568401709032,0.2876345174351453,1.0,1.0,0.9664670224190954,1.0721977408416437,1083.3479141235127,1083.4274300384948,1083.284999164605,0.0411502899069144,1473.3785589320328,1482.4898161206963,1474.8711895611846,1471.0252971599662,1467.2716426849436,1.1772538924513325,1.0,1.0,1.0,0.0,0.0,75.5960270019099,90.31917803057122,0.0130555074348055,0.0109506022893156,False,,5,1.0,True,True,True,True,False,False,True,False,retained,RG-007,14,2,6,0,0,False,member,105,main
LMU_vs_Dunn,LMU,Dunn,FT-137,24,26,7.425932767578825,7.613989638890983,-0.18805687131215798,-0.13923285625066306,1677.0722368204756,2073.386134901173,-0.30587964689633773,135.0,0.0006095119107897527,0.21634615384615385,0.7836538461538461,-0.5673076923076923,-0.5673076923076923,1.0,1.0,0.0,0.0011327721360903896,2.945857442291152,LMU < Dunn,True,2161.5748772859592,585.867844274955,27.10374969802396,0.268740164051582,1.0,2155.395750262724,521.3173040588439,24.186616494687804,0.2349106559804206,1.0,2089.3228813814176,343.74676876419284,16.45254411500603,0.1735794940180103,1.0,1708.5592877701222,291.9745065619708,17.08893034335572,0.1711747048075066,1.0,17.08893034335572,24.186616494687804,0.1735794940180103,1.0,1.0,1.586041323444335,1.548225299145635,1039.9948749944976,1040.0556074818528,1039.9401829519206,0.0296340304782202,1419.220544280622,1435.4423992450425,1420.738403699792,1416.9777064725702,1405.3065377539317,1.0235389125370007,1.0,1.0,1.0,0.0,0.0,2048.669283254314,1986.5901475320704,0.0004878835859862,0.0005031218338658,False,,5,1.0,True,True,True,True,False,False,True,False,retained,RG-014,17,0,4,0,0,False,member,106,main
LMU_vs_Dunn,LMU,Dunn,FT-224,24,26,7.042312297520587,6.9845756654577045,0.057736632062882265,0.050503455372478356,1051.2370130799231,1149.3974300104542,-0.12867265415306248,487.0,0.0007027366675024896,0.780448717948718,0.780448717948718,0.5608974358974359,0.5608974358974359,1.0,1.0,0.0,0.0012818437360925042,2.8921649145122963,LMU > Dunn,True,1188.7122198836414,219.64544219828383,18.477596050941926,0.1860716412314892,1.0,1131.8724397203837,195.9361139221968,17.310794666102183,0.1774581927719738,1.0,1123.237617494687,129.79823076354248,11.55572327189767,0.1106795542612884,1.0,1106.2478456732324,171.17416985035055,15.473401419026366,0.1597742809786322,1.0,15.473401419026366,17.310794666102183,0.1597742809786322,1.0,1.0,1.194152180930403,1.1645906968992958,1253.32364366104,1253.39641832023,1253.2628428970104,0.0341562439500352,1273.874816816318,1285.89905912226,1276.2559770273813,1271.3717770670623,1263.522872491316,1.183151434417745,1.0,1.0,1.0,0.0,0.0,1065.7368459227166,1120.5971887951428,0.0009374383230711,0.0008915856869026,False,,5,1.0,True,True,True,True,False,False,True,False,retained,RG-009,24,0,6,0,0,False,member,107,main
LMU_vs_Dunn,LMU,Dunn,FT-223,24,26,7.211467139414257,7.293780632039309,-0.08231349262505194,-0.0768249092259623,1313.7297927546092,1561.301174114692,-0.2489062742850368,137.0,0.0007027366675024896,0.21955128205128205,0.780448717948718,-0.5608974358974359,-0.5608974358974359,1.0,1.0,0.0,0.0012818437360925042,2.8921649145122963,LMU < Dunn,True,1506.7549492736978,229.16604938072632,15.209244840456067,0.1543718909825704,1.0,1566.8063654769285,203.18424430813133,12.968050729503068,0.1292464635153709,1.0,1457.0960924867836,150.09133649120218,10.30071642255561,0.1007038651934707,1.0,1324.7064546953684,177.1261779807841,13.370975686950684,0.1331881873024064,1.0,12.968050729503068,13.370975686950684,0.1292464635153709,1.0,1.0,1.1728242862170606,1.1943993420308274,1088.2006657983875,1088.2647114412373,1088.1441726877654,0.0308360094818792,1212.1002271969037,1227.8823891553018,1214.4726100783676,1209.566328387379,1197.8670644760136,1.162187290885767,1.0,1.0,1.0,0.0,0.0,1336.057705273084,1451.0207353748483,0.0007479108762891,0.0006886953992029,False,,5,1.0,True,True,True,True,False,False,True,False,retained,RG-010,25,0,7,0,0,False,member,108,main
LMU_vs_Dunn,LMU,Dunn,FT-010,24,26,10.320144498830333,10.25693623564025,0.06320826319008255,0.08656001464436969,31189.458151456536,30715.214046407054,0.02210433798659386,485.0,0.0008090717830409817,0.7772435897435896,0.7772435897435896,0.5544871794871795,0.5544871794871795,1.0,1.0,0.0,0.0014622673510006736,2.834973216674067,LMU > Dunn,True,28860.09038225068,3709.36151288251,12.85291024301093,0.1367258808038454,1.0,30190.928196631507,3678.606832378517,12.184477431167387,0.1237166439220824,1.0,30941.1819221988,2643.9503244453585,8.54508509433653,0.0850352491148434,1.0,30036.333138705257,3928.4577489313447,13.07901910259837,0.1362252525482918,1.0,12.184477431167387,13.07901910259837,0.1237166439220824,1.0,1.0,1.0548593746116448,1.1051534900183375,1048.7247997662084,1048.78595409864,1048.6698763776742,0.0308250717841684,753.8246143446223,789.1346398643811,756.4360118983379,751.049813858065,736.9196307140818,1.2868549250467392,1.0,1.0,1.0,0.0,0.0,29386.32026906297,30386.96775813364,3.40282812738368e-05,3.290776164958712e-05,False,,5,1.0,True,True,True,True,False,False,True,False,retained,RG-022,4,0,3,0,0,True,representative,109,main
LMU_vs_Dunn,LMU,Dunn,FT-245,24,26,4.82628645786391,4.569067606003639,0.25721885186027116,0.2690359414527004,107.9443321317776,98.4474121713065,0.13158540694392035,478.0,0.001310165643911266,0.766025641025641,0.766025641025641,0.5320512820512822,0.532051282051282,1.0,1.0,0.0,0.002325248935590265,2.6335305457564258,LMU > Dunn,True,102.27264637167885,23.94401701317341,23.41194626582377,0.2375632912336369,1.0,98.14780253491524,28.04250125982913,28.57170566794224,0.2995754866079673,1.0,72.38617095643076,25.493013967975468,35.21807222448569,0.3624332430992935,1.0,121.74430209413164,37.588003177106906,30.87454815589168,0.3152967411805737,1.0,30.87454815589168,35.21807222448569,0.3152967411805737,1.0,1.0,0.7582927577631983,0.753459393028049,1083.02130840629,1083.085385012217,1082.9524375265098,0.0367501395346961,1473.1330249701502,1482.318571374777,1476.1689162150667,1469.9701177376287,1466.9295087773758,1.491661240294952,1.0,1.0,1.0,0.0,0.0,88.51679395190241,97.43522743996624,0.011171088193097,0.010158964691882,False,,5,1.0,True,True,True,True,False,False,True,True,retained,RG-007,14,3,6,0,0,False,member,110,main
LMU_vs_Dunn,LMU,Dunn,FT-151,24,26,4.907049912169585,5.060099781514955,-0.15304986934537013,-0.17569929389668637,132.77143624174477,164.46114064689488,-0.30672233775594493,146.0,0.001310165643911266,0.23397435897435898,0.766025641025641,-0.532051282051282,-0.532051282051282,1.0,1.0,0.0,0.002325248935590265,2.6335305457564258,LMU < Dunn,True,168.3020546366152,44.055423617817176,26.17640272600251,0.2570901990297718,1.0,171.17956573796332,42.46153506733896,24.805259251760127,0.2396225525428142,1.0,138.7429977355953,26.464926109218336,19.074783261965376,0.2123264112858024,1.0,132.93005980478864,31.382141228278098,23.608009561090707,0.2471305060858049,1.0,23.608009561090707,24.805259251760127,0.2396225525428142,1.0,1.0,1.1087932956933766,1.0728965045301262,1088.6951060782058,1088.7596143680532,1088.630881136988,0.0330279363335156,1438.8803038529063,1444.1661421831948,1441.2777670267333,1436.5525669265598,1430.835098715389,1.1930280235989963,1.0,1.0,1.0,0.0,0.0,155.02049247926035,147.9157945693037,0.0064094144564562,0.0067152044072437,False,,5,1.0,True,True,True,True,False,False,True,False,retained,RG-007,14,2,6,0,0,False,member,111,main
LMU_vs_Dunn,LMU,Dunn,FT-089,24,26,7.653326275280975,7.570473759161846,0.0828525161191287,0.0672076273598119,2048.8552417483843,2028.0554475387855,0.014713742147657546,477.0,0.0014015808241005048,0.7644230769230769,0.7644230769230769,0.5288461538461537,0.5288461538461539,1.0,1.0,0.0,0.002465280556676781,2.608133649497016,LMU > Dunn,True,2103.1511880187813,232.5006999647917,11.05487333907806,0.1094476694914168,1.0,2038.935859110151,319.7756490021742,15.683457994688135,0.1873448944478679,1.0,1983.580024250205,138.7781667026422,6.996348269594038,0.0712517773303911,1.0,1989.819037067214,284.7717931253494,14.311441785433582,0.1681592093072086,1.0,14.311441785433582,15.683457994688135,0.1681592093072086,1.0,1.0,0.7724500092177916,0.6508574222150857,1233.2816716646137,1233.3544547572506,1233.2180624334412,0.0354944446073147,1299.4896330327,1318.851755163174,1301.5338470303554,1296.9599185364402,1284.7912920438337,1.2163430138721094,1.0,1.0,1.0,0.0,0.0,2032.678384664808,2004.552453040848,0.0004917198351227,0.0004986157297874,False,,5,1.0,True,True,True,True,False,False,True,True,retained,RG-009,24,0,9,0,0,False,member,112,main
LMU_vs_Dunn,LMU,Dunn,FT-087,24,26,8.518004306213646,8.455558548044715,0.06244575816893061,0.04946222407643219,4673.198181286651,5006.038169303303,-0.09923854908396952,473.0,0.0018291751464506265,0.7580128205128206,0.7580128205128206,0.516025641025641,0.5160256410256411,1.0,1.0,0.0,0.0031889159632811806,2.496356925462011,LMU > Dunn,True,5119.399307830376,899.2896859810654,17.566312606355147,0.1784506351617874,1.0,5024.422428162566,781.6733945939079,15.557477615984736,0.1577377712621868,1.0,4823.307949680164,528.6143461577075,10.95958109398261,0.1082018974720037,1.0,4837.901622392741,748.8788138766353,15.479413851872684,0.1563428138144973,1.0,15.479413851872684,15.557477615984736,0.1563428138144973,1.0,1.0,1.1348176858925438,1.1414060602332594,1252.3175410114536,1252.3916994957185,1252.2559552498667,0.0353267523705875,1273.902456757388,1292.6649155155296,1276.3561393171406,1271.5576652920972,1261.4287173363452,1.2088674378886384,1.0,1.0,1.0,0.0,0.0,4648.464899478415,4896.8462586618325,0.0002150785136827,0.0002041713739445,False,,5,1.0,True,True,True,True,False,False,True,False,retained,RG-009,24,1,8,0,0,False,member,113,main
LMU_vs_Dunn,LMU,Dunn,FT-015,24,26,7.5628737463439,7.617092332234768,-0.05421858589086792,-0.14727155251292867,1856.4307131037021,2123.5155154760123,-0.1938254842179291,153.0,0.002085243498140463,0.2451923076923077,0.7548076923076923,-0.5096153846153846,-0.5096153846153846,1.0,1.0,0.0,0.0036034470976637825,2.4432818494506185,LMU < Dunn,True,1948.2048682113164,335.9240659414338,17.242748512883658,0.1793591036019114,0.9090909090909092,2066.3966469167967,570.9602390147946,27.63071842314039,0.8069407118605975,1.0,1411.6876752169676,378.9761476769072,26.845608581137533,0.4839804421678657,1.0,1632.9332523941323,670.5500900217854,41.06414570458746,1.034697073242102,1.0,27.63071842314039,41.06414570458746,0.8069407118605975,1.0,1.0,0.6240427139398252,0.2222704852607517,1685.172273985871,1685.2705514689096,1685.0893153104369,0.0491659417086484,962.883033571473,978.8590223892908,965.5223748060172,960.160472210801,950.0644366637516,1.3022834918697654,1.0,1.0,1.0,0.0,0.0,1659.047450135412,1708.2639694258492,0.0006023924195169,0.0005850471418618,False,,5,1.0,True,True,True,True,False,False,True,True,retained,RG-002,1,0,0,0,0,True,singleton,114,main
LMU_vs_Dunn,LMU,Dunn,FT-009,24,26,9.703385181607224,9.635716903545168,0.06766827806205633,0.07894929956768593,16727.513051775044,16406.04376752062,0.02799389768638345,469.0,0.0023738204600618064,0.7516025641025641,0.7516025641025641,0.5032051282051282,0.5032051282051282,1.0,1.0,0.0,0.004031401988208413,2.3945438943410458,LMU > Dunn,True,15570.570638268107,2137.154805454897,13.725603608915709,0.1450205325553588,1.0,16370.722413751446,2183.547282348768,13.338124165581004,0.1333952989896965,1.0,16811.464003479407,1526.2813382541226,9.078812755023796,0.0898731061870875,1.0,16213.887083644742,2212.4311029425867,13.64528500494066,0.1416506352360659,1.0,13.338124165581004,13.64528500494066,0.1333952989896965,1.0,1.0,1.029050520037487,1.0871487500212451,1049.7326640547776,1049.793638635969,1049.6793811125096,0.0309025666260832,753.5937523711316,783.2621119572547,756.1852169737052,751.1297724848172,737.9808130369114,1.236248501679714,1.0,1.0,1.0,0.0,0.0,15977.066281070063,16464.159916917935,6.258579620393396e-05,6.0734302311421886e-05,False,,5,1.0,True,True,True,True,False,False,True,False,retained,RG-022,4,0,3,0,1,False,member,115,main
LMU_vs_Dunn,LMU,Dunn,FT-130,24,26,7.225420974149008,7.422010410413959,-0.19658943626495073,-0.13808962402530334,1340.0545177624092,1610.3413974027465,-0.26489430428793154,155.0,0.0023738204600618064,0.2483974358974359,0.7516025641025641,-0.5032051282051282,-0.5032051282051282,1.0,1.0,0.0,0.004031401988208413,2.3945438943410458,LMU < Dunn,True,1787.0845933494677,502.3980775004148,28.112719418546853,0.2774167523697545,1.0,1746.552910711543,388.0026245844947,22.215337548887828,0.2194204165726086,1.0,1679.1886749866558,296.3389533027039,17.647746064334243,0.1827121745157731,1.0,1395.0587724915536,291.22306713090524,20.87532603452866,0.2067943136097496,1.0,20.87532603452866,22.215337548887828,0.2067943136097496,1.0,1.0,1.3466960646289905,1.341510545078524,1040.3294064561312,1040.3900491717618,1040.2756843475045,0.0298022321977683,1419.1001653827748,1433.8092028576395,1421.1078526689091,1416.7725438654402,1405.8145236969008,1.0330371323009613,1.0,1.0,1.0,0.0,0.0,1690.3564335303488,1608.7007876410769,0.0005912414321283,0.0006212334662924,False,,5,1.0,True,True,True,True,False,False,True,False,retained,RG-014,17,1,5,0,0,False,member,116,main
LMU_vs_Dunn,LMU,Dunn,FT-005,24,26,10.427732656959211,10.289423613986042,0.13830904297316948,0.2269607492757757,35415.42213309069,31260.226283026517,0.1800441023314644,466.0,0.002875687711167,0.7467948717948718,0.7467948717948718,0.4935897435897436,0.4935897435897436,1.0,1.0,0.0,0.004720920659165824,2.325973298356294,LMU > Dunn,True,30133.94500837972,5345.247283314719,17.73829242015375,0.2121248988977114,1.0,30292.07643437917,8830.42094827246,29.15092653817093,0.4041830115391308,1.0,33741.45757326203,5823.609372125243,17.25950741600471,0.1775964155562451,1.0,33604.26137529538,8872.61190006485,26.40323440225254,0.2891473850239668,1.0,26.40323440225254,29.15092653817093,0.2891473850239668,1.0,1.0,0.6718227073968045,0.7336220553408388,886.6324598613013,886.683374655879,886.5806672354295,0.0260289685536768,609.4612894305731,638.0671635917994,612.0676440481267,606.7118780336342,593.3752149084339,1.2871308303822482,1.0,1.0,1.0,0.0,0.0,31389.31168830916,32517.40197962949,3.185696306330194e-05,3.0751818635689115e-05,False,,5,1.0,True,True,True,True,False,False,True,True,retained,RG-008,5,1,3,2,3,True,representative,117,main
LMU_vs_Dunn,LMU,Dunn,FT-155,24,26,6.951307803821604,6.848293322352491,0.10301448146911252,0.06526166710707226,1013.179380028565,1023.4289929530396,-0.01450714176609869,466.0,0.002875687711167,0.7467948717948718,0.7467948717948718,0.4935897435897436,0.4935897435897436,1.0,1.0,0.0,0.004720920659165824,2.325973298356294,LMU > Dunn,True,1038.9695002714582,163.279629059216,15.71553630944459,0.1564104066425036,1.0,1009.7221976645932,157.85608072607192,15.633614977582988,0.1642765567562091,1.0,1030.8070125145923,135.40441370882257,13.135767613620663,0.1387392788681812,1.0,997.7027006819924,143.62022611258183,14.395092447320067,0.1670527753153103,1.0,14.395092447320067,15.633614977582988,0.1642765567562091,1.0,1.0,1.0917287517920975,0.9521164171624372,1266.2831822007336,1266.3496637437588,1266.2194012278928,0.0351803559518064,1499.1248349190344,1514.2912847345538,1501.8993996529623,1496.2190622803143,1483.236571225258,1.3516557316872444,1.0,1.0,1.0,0.0,0.0,1087.7698336030307,1012.7057200006992,0.000918467768978,0.0009864795869942,False,,5,1.0,True,True,True,True,False,False,True,True,retained,RG-018,12,0,11,0,0,False,member,118,main
LMU_vs_Dunn,LMU,Dunn,FT-167,24,26,7.323891304859079,7.219627897681777,0.10426340717730209,0.08430236378960565,1493.7312276849489,1455.6102212541862,0.037271218313280084,466.0,0.002875687711167,0.7467948717948718,0.7467948717948718,0.4935897435897436,0.4935897435897436,1.0,1.0,0.0,0.004720920659165824,2.325973298356294,LMU > Dunn,True,1421.742137407968,361.5286462765001,25.428566598976715,0.3597487669386663,1.0,1444.4191985415805,273.45953525759,18.93214487412658,0.2514150081716633,1.0,1514.7214648542426,165.5400592244962,10.92874584968172,0.1121439040003046,1.0,1457.9028162015684,176.75848660577049,12.12416113347654,0.1281531360530247,1.0,12.12416113347654,18.93214487412658,0.1281531360530247,1.0,1.0,2.0973464736265184,2.807178802006191,1265.77527779671,1265.8486863418618,1265.707657435392,0.0369358244064868,1499.0848223250168,1514.3265804167722,1501.8588201157356,1496.4021384769785,1481.4138917000043,1.312509119610498,1.0,1.0,1.0,0.0,0.0,1510.4056100065832,1471.9942995958702,0.0006616357603672,0.000678889253186,False,,5,1.0,True,True,True,True,False,False,True,False,retained,RG-018,12,0,10,0,0,False,member,119,main
LMU_vs_Dunn,LMU,Dunn,FT-225,24,26,3.966971925841265,4.2930213340464825,-0.32604940820521744,-0.2969354423727508,48.07827296341962,75.98179241123832,-0.6494327803620688,158.0,0.002875687711167,0.2532051282051282,0.7467948717948718,-0.4935897435897436,-0.4935897435897436,1.0,1.0,0.0,0.004720920659165824,2.325973298356294,LMU < Dunn,True,67.83135853454345,19.44863422762497,28.672039964702545,0.308022619944372,1.0,80.73975326922363,26.92942968746948,33.35337129118332,0.3466794905088786,1.0,65.78898030292068,17.277471594322904,26.26195377215153,0.2715956800775632,1.0,69.38107808751514,81.67884672190607,117.7249604263556,0.7119806126003634,1.0,33.35337129118332,117.7249604263556,0.3466794905088786,1.0,1.0,0.8596444333734189,0.88849392126496,1077.7143327045933,1077.774000301872,1077.655267159494,0.0311261598865204,1186.9637374633428,1193.886183441663,1190.5084643354585,1183.6865880769894,1179.1995339315472,1.6444793093376109,1.0,1.0,1.0,0.0,0.0,56.88954332566981,72.08094754962491,0.0172742768823428,0.0136834569546455,False,,5,1.0,True,True,True,True,False,False,True,True,retained,RG-010,25,2,10,0,0,False,member,120,main
LMU_vs_Dunn,LMU,Dunn,FT-014,24,26,7.9999335033939,8.058417997860204,-0.05848449446630344,-0.05006349906857466,2982.6749160571217,3377.2623748481365,-0.1791910238407059,161.0,0.0034726948682809035,0.25801282051282054,0.7419871794871795,-0.4839743589743589,-0.483974358974359,1.0,1.0,0.0,0.00565389164505238,2.2476525188756398,LMU < Dunn,True,2940.045780604,455.5933229890286,15.496130230170497,0.163213333510641,1.0,3366.352051141575,473.7297535936224,14.072495876745108,0.1414029176121337,1.0,2380.824763724956,251.76628823729231,10.57475090453056,0.1059798482592874,1.0,2927.5962813309816,436.4718112876728,14.908879823048494,0.1490081726998923,1.0,14.072495876745108,14.908879823048494,0.1414029176121337,1.0,1.0,1.101164311284536,1.1542430401495176,843.583190546885,843.630050243499,843.5406553510771,0.0244139600441625,963.0868614775412,982.5703484671496,965.7982037305084,960.5184649981504,948.7611850277426,1.2901121418075123,1.0,1.0,1.0,0.0,0.0,2718.919676522759,2897.6006652186943,0.0003676579160155,0.0003449940559247,False,,5,1.0,True,True,True,True,False,False,True,False,retained,RG-026,7,0,6,0,1,False,member,121,main
LMU_vs_Dunn,LMU,Dunn,FT-012,24,26,7.4219813657045,7.353118541727497,0.06886282397700327,0.06554945541472712,1708.4452034712153,1695.0056310645582,0.011387217767390488,460.0,0.004180472420075185,0.7371794871794872,0.7371794871794872,0.47435897435897445,0.47435897435897434,1.0,1.0,0.0,0.006750434973400094,2.170668241915482,LMU > Dunn,True,1601.0158028281076,213.81325783683485,13.354849930846736,0.1360899419537883,1.0,1685.3797272568602,222.50859199018427,13.202282452533195,0.1308088811505325,1.0,1711.1374552184586,208.71317901889785,12.19733566011222,0.1217973033878176,1.0,1659.9486327207628,246.1524069231582,14.828917116531404,0.156929626355307,1.0,13.202282452533195,14.828917116531404,0.1308088811505325,1.0,1.0,1.011556144088121,1.0403723413640278,1210.8240555433492,1210.8955600828046,1210.7624399714518,0.0348255069275807,874.6067099501091,886.9375662181682,876.9385692997641,872.1006850718126,862.2934988270636,1.2505477918517685,1.0,1.0,1.0,0.0,0.0,1649.2667877752604,1685.487226865253,0.0006059626282294,0.0005929484576404,False,,5,1.0,True,True,True,True,False,False,True,False,retained,RG-003,3,1,1,0,0,False,member,122,main
LMU_vs_Dunn,LMU,Dunn,FT-006,24,26,9.649389239658039,9.542770272096684,0.1066189675613547,0.23832884206645488,16566.65457920083,14764.819985891241,0.16610790463040337,456.0,0.005327419083857926,0.7307692307692308,0.7307692307692308,0.46153846153846145,0.46153846153846156,1.0,1.0,0.0,0.008532533004227735,2.068922023175164,LMU > Dunn,True,14237.665886413428,2793.4597523051384,19.62020863947125,0.2333371653017254,1.0,14353.00281365266,4482.013535674623,31.2270093851811,0.4300291955618134,1.0,16234.006148135048,3248.81288554222,20.012391617305397,0.2028509278892641,1.0,16153.435788884508,4743.407375695724,29.36469638836683,0.3242575065160616,1.0,29.36469638836683,31.2270093851811,0.3242575065160616,1.0,1.0,0.6681563595952597,0.7196045137359601,887.6403722304062,887.6915980212889,887.5931182401197,0.0264112827320949,609.3874587233016,637.95713424683,612.0491366757302,606.703800297612,594.2041830964115,1.275730582215387,1.0,1.0,1.0,0.0,0.0,15002.78195670832,15564.614763685193,6.664986220710114e-05,6.424416993365496e-05,False,,5,1.0,True,True,True,True,False,False,True,True,retained,RG-008,5,0,3,3,3,False,member,123,main
LMU_vs_Dunn,LMU,Dunn,FT-008,24,26,8.763567209184572,8.697543357582612,0.06602385160196,0.07681491351349834,6418.199811665966,6280.104896912251,0.031375105623682585,455.0,0.005655381102333067,0.7291666666666666,0.7291666666666666,0.45833333333333326,0.4583333333333333,1.0,1.0,0.0,0.008984758686771082,2.046493582707605,LMU > Dunn,True,5947.237607897971,836.3392118479535,14.062650040033535,0.1468768502304932,1.0,6348.454789613156,900.6797858404665,14.187385996889954,0.142508801305404,1.0,6503.969550720227,593.4426810086998,9.1243151798425,0.0908835938584767,1.0,6275.771036411887,895.731524807046,14.272852205888825,0.1499967181989588,1.0,14.187385996889954,14.272852205888825,0.142508801305404,1.0,1.0,0.9912079676352104,1.0306510817933852,1050.739663862885,1050.8005431176773,1050.68609043662,0.0312770967688553,753.4570032840134,778.2359707740052,756.2428605858503,750.7624984432473,739.0393890873064,1.2978240632867015,1.0,1.0,1.0,0.0,0.0,6149.202168356023,6375.7156276581045,0.0001625962810044,0.0001568205418574,False,,5,1.0,True,True,True,True,False,False,True,False,retained,RG-022,4,0,3,0,1,False,member,124,main
LMU_vs_Dunn,LMU,Dunn,FT-211,24,26,7.097694658551687,7.040391850480077,0.05730280807160959,0.06476470392230205,1219.1876888677768,1212.1057563612399,0.008397752252637801,454.0,0.006001446977530666,0.7275641025641026,0.7275641025641026,0.45512820512820507,0.4551282051282051,1.0,1.0,0.0,0.009458280436588331,2.0241878133638087,LMU > Dunn,True,1229.5271113273154,232.0576212510592,18.87372951057137,0.1880104919220384,1.0,1230.49580464696,156.36580071843187,12.7075444002261,0.1272078013816536,1.0,1138.815117306495,132.40987404841184,11.62698598184974,0.1175671519782178,1.0,1198.2501228248218,144.66184369840784,12.072758512001975,0.126149617818517,1.0,12.072758512001975,12.7075444002261,0.126149617818517,1.0,1.0,1.563331983474058,1.4903770235159692,815.8635371185956,815.9097037102256,815.8168325066675,0.0237987236535292,1299.0589008403172,1315.8451273355154,1300.8173377571577,1296.6742952794136,1285.8302638042446,1.1679361461324014,1.0,1.0,1.0,0.0,0.0,1154.3467780636868,1189.7099109985086,0.0008655409951252,0.0008398351191697,False,,5,1.0,True,True,True,True,False,False,True,False,retained,RG-029,3,0,1,0,0,False,member,125,main
LMU_vs_Dunn,LMU,Dunn,FT-004,24,26,8.611466996502752,8.483066197997818,0.12840079850493424,0.24489916091210162,5614.770451786205,5178.217418029228,0.11674984322318664,451.0,0.007157048009195629,0.7227564102564102,0.7227564102564102,0.4455128205128205,0.44551282051282054,1.0,1.0,0.0,0.011189987760409038,1.9511703885020095,LMU > Dunn,True,4927.071786112868,1017.7322477937986,20.655924897670747,0.2500675052057238,1.0,4984.858382333048,1549.4631335959764,31.083393243175465,0.4489999649122724,1.0,5633.607046559093,1219.6645374404725,21.64979785349817,0.2186352319383048,1.0,5642.504715364699,1733.473738644778,30.721706513146195,0.3366704673573767,1.0,30.721706513146195,31.083393243175465,0.3366704673573767,1.0,1.0,0.6723560388428235,0.7427663827141582,888.6453654740943,888.696941107057,888.6002022302245,0.0261611624589508,609.2556518766722,632.996441523236,612.0087323125949,606.7788089451603,595.4616877237953,1.2546838991479563,1.0,1.0,1.0,0.0,0.0,5192.6804661605365,5414.811166240645,0.0001925416872515,0.0001846445471056,False,,5,1.0,True,True,True,True,False,False,True,True,retained,RG-008,5,0,3,2,3,False,member,126,main
LMU_vs_Dunn,LMU,Dunn,FT-227,24,26,6.499487985850703,6.452700792860305,0.04678719299039802,0.06543531707354688,608.8508661373278,659.649627095411,-0.11542886001446347,450.0,0.007584475174547784,0.7211538461538461,0.7211538461538461,0.4423076923076923,0.4423076923076923,1.0,1.0,0.0,0.011764894562093807,1.9294119606516686,LMU > Dunn,True,756.2983339356383,147.1248388612985,19.45328083637151,0.1878018127226649,1.0,668.0380300302627,115.4091091386501,17.275829211912075,0.1797552775488135,1.0,767.245729291512,100.45569592317936,13.09302770781688,0.1280057690928095,1.0,653.2542738254717,124.79541999936534,19.10365151819988,0.185658362901023,1.0,17.275829211912075,19.10365151819988,0.1797552775488135,1.0,1.0,1.1260403537074812,1.0447638327151,815.5263145478614,815.5720124399368,815.4833781251697,0.0234497161485411,1257.9480855586548,1270.610866815275,1259.5108106778086,1255.372326819194,1246.8639153493934,1.1653434695229583,1.0,1.0,1.0,0.0,0.0,656.1784100901457,695.8231252134009,0.0015216568052849,0.0014350844049467,False,,5,1.0,True,True,True,True,False,False,True,False,retained,RG-023,2,1,0,0,0,False,member,127,main
LMU_vs_Dunn,LMU,Dunn,FT-098,24,26,7.276164097708536,7.192712626569257,0.08345147113927887,0.06087374913722954,1374.9968700363715,1400.103234233079,-0.026086070067920755,447.0,0.00900738869535627,0.716346153846154,0.716346153846154,0.4326923076923077,0.4326923076923077,1.0,1.0,0.0,0.013755469558024693,1.861524579903277,LMU > Dunn,True,1394.409432596258,268.320982326084,19.242625304570392,0.198941426484569,1.0,1380.7702743624186,248.78766377707743,18.01803445485941,0.2512702448482652,1.0,1317.6710638832335,121.39355388052373,9.212735803939692,0.09140956907957,1.0,1342.9153125990638,195.28260272259396,14.541691563904063,0.1680537665452305,1.0,14.541691563904063,18.01803445485941,0.1680537665452305,1.0,1.0,1.3232728269615597,1.183796296710942,1234.285360466548,1234.3584080913142,1234.2175489976564,0.0355276090628736,1298.978903962394,1315.1444068651524,1301.099355556177,1296.7371931063972,1285.3820376449771,1.0487614830989662,1.0,1.0,1.0,0.0,0.0,1330.028820305797,1347.544850586393,0.0007512985329425,0.0007415400381864,False,,5,1.0,True,True,True,True,False,False,True,False,retained,RG-009,24,0,9,0,0,False,member,128,main
LMU_vs_Dunn,LMU,Dunn,FT-234,24,26,7.058501397195304,7.095765080678595,-0.03726368348329068,-0.03941952473333199,1134.0806255992825,1275.5465316082937,-0.16945134978861343,177.0,0.00900738869535627,0.28365384615384615,0.7163461538461539,-0.4326923076923077,-0.4326923076923077,1.0,1.0,0.0,0.013755469558024693,1.861524579903277,LMU < Dunn,True,1221.2759177163136,243.71261892808803,19.955573952838662,0.1915131161324503,1.0,1277.4338999726838,198.41212180334296,15.532085206724652,0.1581898438575669,1.0,1116.9503595533008,120.77910182883129,10.81329181693752,0.1058712091039108,1.0,1100.586871194896,214.22614713330836,19.464719481954678,0.2161070797720798,1.0,15.532085206724652,19.464719481954678,0.1581898438575669,1.0,1.0,1.2847968374651235,1.210653677014104,1297.3438707330265,1297.41780999526,1297.2834308267838,0.035936390989363,1326.1469761141468,1339.8936870180316,1328.3423882735617,1323.7863328692615,1309.1371917724628,1.0893447788281685,1.0,1.0,1.0,0.0,0.0,1102.7792701514434,1166.4137126419696,0.0009059782395286,0.0008565943582561,False,,5,1.0,True,True,True,True,False,False,True,False,retained,RG-016,8,0,4,0,0,False,member,129,main
LMU_vs_Dunn,LMU,Dunn,FT-093,24,26,7.680326967498121,7.636660831244515,0.043666136253605714,0.05610518484252758,2153.084113382329,2168.311656806415,-0.01016274863305136,446.0,0.00953213014278788,0.7147435897435898,0.7147435897435898,0.4294871794871795,0.42948717948717946,1.0,1.0,0.0,0.01433457739029933,1.8436151063286916,LMU > Dunn,True,2197.963689641172,278.029938498794,12.64943273672477,0.120490716256695,1.0,2147.905054740625,332.0115052875654,15.45745723512244,0.1857706614272096,1.0,2036.8419712830491,165.8746481206181,8.143717110077528,0.0805692196587481,1.0,2110.205782561833,210.7341675308573,9.986427355678156,0.1055182438677031,1.0,9.986427355678156,15.45745723512244,0.1055182438677031,1.0,1.0,1.2666624695900344,1.1418946320577894,1233.7846794103978,1233.854648992817,1233.7185235688678,0.0352441991492743,1299.2759946740543,1319.445562362675,1301.19133468601,1296.8841705286684,1284.2519822328006,1.1438939901940073,1.0,1.0,1.0,0.0,0.0,2081.575100682005,2098.945292126125,0.0004801747604072,0.0004762028819272,False,,5,1.0,True,True,True,True,False,False,True,False,retained,RG-009,24,0,9,0,0,False,member,130,main
LMU_vs_Dunn,LMU,Dunn,FT-150,24,26,7.293980573746472,7.232324138426179,0.06165643532029286,0.07769548608472832,1399.3939412867962,1480.9171741279215,-0.0816320910238234,446.0,0.00953213014278788,0.7147435897435898,0.7147435897435898,0.4294871794871795,0.42948717948717946,1.0,1.0,0.0,0.01433457739029933,1.8436151063286916,LMU > Dunn,True,1461.756135360252,234.0632126572216,16.01246658010684,0.1585702687649865,1.0,1449.3280687927495,233.93920670054865,16.141218247115958,0.1634651463716654,1.0,1492.7716031517657,163.66621994921448,10.963915685672044,0.1123680167112753,1.0,1416.5261159363304,161.27256414546858,11.385075243661616,0.1142916715381597,1.0,11.385075243661616,16.141218247115958,0.1142916715381597,1.0,1.0,1.406443632335361,1.387417531224426,1265.276619401272,1265.3482895517168,1265.213020467754,0.0356112029110038,1499.076621782328,1513.241326649982,1501.4315327110053,1496.6076603409624,1483.3374252319345,1.197063759265388,1.0,1.0,1.0,0.0,0.0,1532.540603133753,1452.830361439174,0.000652085766726,0.0006878381594741,False,,5,1.0,True,True,True,True,False,False,True,False,retained,RG-018,12,0,10,0,0,False,member,131,main
LMU_vs_Dunn,LMU,Dunn,FT-082,24,26,7.406924155904035,7.351102450014354,0.05582170588968083,0.05785042930256434,1594.8521799903513,1662.2706757867109,-0.059695943363878255,445.0,0.010083962028486887,0.7131410256410258,0.7131410256410258,0.4262820512820513,0.42628205128205127,1.0,1.0,0.0,0.014936394884300125,1.8257542131491273,LMU > Dunn,True,1707.2479471613112,286.8376414921845,16.801170677587717,0.1618756705922737,1.0,1654.4984072155069,187.1044954108484,11.308835027876643,0.1124735840306198,1.0,1577.4993446520975,160.48355175814314,10.173288014489556,0.1045182409371944,1.0,1622.361488071959,224.87574502928476,13.86101350917364,0.1389578511068965,1.0,11.308835027876643,13.86101350917364,0.1124735840306198,1.0,1.0,1.485667678074027,1.4392327939705791,815.19145248803,815.2391948284286,815.1516278485828,0.0232383703674765,1299.3902606601064,1316.9471285420052,1301.4809187367064,1296.7242527442668,1285.1505845592858,1.2686655490251988,1.0,1.0,1.0,0.6971612532193747,0.1666666666666666,1595.1659601377976,1618.580236020812,0.0010632736793064,0.0010479019288289,False,0.0,5,1.0,True,True,True,True,False,False,True,False,retained,RG-029,3,1,1,0,0,True,representative,132,main
LMU_vs_Dunn,LMU,Dunn,FT-175,24,26,7.114912838919212,7.1951778300738525,-0.0802649911546407,-0.055196443848100074,1238.840314178542,1410.5208353202256,-0.18709610443957317,179.0,0.010083962028486887,0.28685897435897434,0.7131410256410257,-0.4262820512820513,-0.42628205128205127,1.0,1.0,0.0,0.014936394884300125,1.8257542131491273,LMU < Dunn,True,1238.3606696398897,229.2685012469832,18.513871351684124,0.190438865205912,1.0,1416.7259403002945,201.214701063736,14.20279641530992,0.1410479667953418,1.0,996.045056276274,120.94579400387003,12.142602710767656,0.1225801649187221,1.0,1231.6481771727367,191.53310688768488,15.5509593110714,0.1541005810328809,1.0,14.20279641530992,15.5509593110714,0.1410479667953418,1.0,1.0,1.303537050754813,1.3501709349857949,844.0870342319306,844.1323782106103,844.0413754189648,0.024631739029111,962.9974510538884,978.5761512080348,965.591399884148,960.298923399465,948.8306583935764,1.3765320185913352,1.0,1.0,1.0,0.0,0.0,1152.152451527903,1217.3623349086358,0.0008671880276324,0.0008207738957023,False,,5,1.0,True,True,True,True,False,False,True,False,retained,RG-026,7,0,6,0,0,False,member,133,main
LMU_vs_Dunn,LMU,Dunn,FT-007,24,26,7.5770087197742075,7.516949763301821,0.06005895647238635,0.06767131473715615,1938.4867896048463,1979.9208586999425,-0.030496293856989938,444.0,0.010664064154710258,0.7115384615384616,0.7115384615384616,0.42307692307692313,0.4230769230769231,1.0,1.0,0.0,0.015561634359095711,1.8079447932163535,LMU > Dunn,True,1808.8712306525003,277.9716152727368,15.367131201067654,0.1617130147183023,1.0,1963.1802174907295,294.8428732773366,15.018635102904344,0.1519789050392474,1.0,2017.0313766717788,186.8149816362389,9.261877816917984,0.0925434515941472,1.0,1919.6534459821255,276.64712691001125,14.4113057223448,0.1529565865666639,1.0,14.4113057223448,15.018635102904344,0.1519789050392474,1.0,1.0,1.0663246965360564,1.0640490841577068,1051.7428230998376,1051.8068419482154,1051.6884774309774,0.0298114969532383,753.1931299912063,769.2830906743592,755.954961975586,750.5326793002214,740.815522359763,1.2930408108826212,1.0,1.0,1.0,0.0,0.0,1879.438143583619,1966.5781172310285,0.0005317909570235,0.0005082390331761,False,,5,1.0,True,True,True,True,False,False,True,False,retained,RG-022,4,0,3,0,0,False,member,134,main
LMU_vs_Dunn,LMU,Dunn,FT-124,24,26,7.149511138609791,7.296005756324369,-0.14649461771457872,-0.11704877539579694,1269.848085642106,1481.528225541842,-0.22226798811070692,180.0,0.010664064154710258,0.2884615384615385,0.7115384615384615,-0.42307692307692313,-0.4230769230769231,1.0,1.0,0.0,0.015561634359095711,1.8079447932163535,LMU < Dunn,True,1584.6985835682715,386.8200547136786,24.40969271536007,0.2426741961531227,1.0,1567.191517746793,393.2132104866794,25.090310024904685,0.2480684151801989,1.0,1530.9240870352298,288.82811600363993,18.866259826310603,0.1993267530868998,1.0,1284.3888138783086,271.18124036222844,21.11364077855648,0.2116768407630579,1.0,21.11364077855648,25.090310024904685,0.2116768407630579,1.0,1.0,1.156110069853568,1.146437159957248,1039.6588042265028,1039.7181822788175,1039.60785831974,0.0282757160242886,1419.321667147817,1435.4509426502711,1421.01773506427,1416.900410268311,1406.3992888204173,1.1388471623303726,1.0,1.0,1.0,0.0,0.0,1507.2597927325078,1462.1810937077898,0.0006630157515425,0.0006834424011493,False,,5,1.0,True,True,True,True,False,False,True,False,retained,RG-014,17,1,5,0,0,False,member,135,main
LMU_vs_Dunn,LMU,Dunn,FT-140,24,26,8.357075363744986,8.318534850232627,0.0385405135123591,0.030370818757983642,3999.3732345327116,4335.825233193567,-0.11650469655188819,441.0,0.012586371998807676,0.7067307692307693,0.7067307692307693,0.41346153846153855,0.41346153846153844,1.0,1.0,0.0,0.018098651706314688,1.742353777524078,LMU > Dunn,True,4713.124470346388,810.2771430825376,17.191931767993108,0.1661272837028019,1.0,4373.076038022114,681.3888596526523,15.58145464950195,0.1525419252131929,1.0,4981.22967388966,538.1426134919026,10.803408971738632,0.1068618873578092,1.0,4149.313877134342,641.3451806306745,15.456656199593398,0.1539508764304035,1.0,15.456656199593398,15.58145464950195,0.1525419252131929,1.0,1.0,1.11226720359125,1.089059833685867,1223.2883799925703,1223.3621200936468,1223.2287480892585,0.0350061702112344,1257.8617538028573,1269.8666980654696,1259.7405650826165,1255.3353370369402,1245.8577879085085,1.1917479948660925,1.0,1.0,1.0,0.0,0.0,4226.345298832553,4499.584624724318,0.0002365550787337,0.0002221933556157,False,,5,1.0,True,True,True,True,False,False,True,False,retained,RG-009,24,1,11,0,0,False,member,136,main
LMU_vs_Dunn,LMU,Dunn,FT-023,24,26,7.476333446796607,7.402073769513489,0.07425967728311811,0.05528575649123546,1789.5214416229355,1765.5451781791203,0.019449149503924807,441.0,0.012586371998807676,0.7067307692307692,0.7067307692307692,0.41346153846153855,0.41346153846153844,1.0,1.0,0.0,0.018098651706314688,1.742353777524078,LMU > Dunn,True,1724.8333027315362,323.5220148815151,18.756711988872706,0.1939580026098016,1.0,1770.0987940056827,323.50770533601474,18.276251383908697,0.1970287152090957,1.0,1824.9613909279733,227.3149329952592,12.455876279096074,0.1239343162333272,1.0,1699.825069969328,399.2304388201249,23.486560227478503,0.3410545958200204,1.0,18.276251383908697,23.486560227478503,0.1970287152090957,1.0,1.0,1.0262887938489962,0.9844148981226656,1373.9225103480585,1374.0029575632857,1373.8540674237456,0.0405870910542427,980.4212867734888,997.417253063569,983.3517791601566,977.5795583957146,968.2150490053244,1.401590404635891,1.0,1.0,1.0,0.0,0.0,1768.6488499031534,1765.02677748713,0.0005650838583342,0.0005662428298074,False,,5,1.0,True,True,True,True,False,False,True,True,retained,RG-019,2,0,1,0,0,True,representative,137,main
LMU_vs_Dunn,LMU,Dunn,FT-018,24,26,7.9338830117668895,7.845032765102081,0.08885024666480845,0.05822546382787408,2798.04111367362,2777.9342442937336,0.010400980471637894,439.0,0.014032652260761811,0.7035256410256411,0.7035256410256411,0.40705128205128216,0.40705128205128205,1.0,1.0,0.0,0.02003211953166722,1.698273097026543,LMU > Dunn,True,2618.2826099031004,542.1395654625433,20.705922401654234,0.2182820654825567,1.0,2700.190045656604,651.514564657568,24.12847072396119,0.5172835306293211,1.0,2803.7602110732228,356.7108877011631,12.722588982194784,0.1269841623967162,1.0,2635.671107355181,530.3400228677482,20.121631313852696,0.2202243373097747,1.0,20.121631313852696,24.12847072396119,0.2202243373097747,1.0,1.0,1.0290379581400682,0.9911804850865056,1372.9191123009864,1372.997683690058,1372.8485441828032,0.0401136096641405,980.422438027575,998.3599555885412,983.254920699392,977.8447214040514,967.5379132700484,1.3146068155169774,1.0,1.0,1.0,0.0,0.0,2719.6012785888224,2713.042348251479,0.0003675658053497,0.0003684540886564,False,,5,1.0,True,True,True,True,False,False,True,True,retained,RG-019,2,0,1,0,0,False,member,138,main
LMU_vs_Dunn,LMU,Dunn,FT-021,24,26,9.698975706074418,9.732048965903106,-0.03307325982868825,-0.033363475561838385,16060.740728038181,18002.034559850443,-0.16461184847465485,186.0,0.014809349173767554,0.298076923076923,0.701923076923077,-0.40384615384615385,-0.40384615384615385,1.0,1.0,0.0,0.020691076505192967,1.6842169134858904,LMU < Dunn,True,16339.373024466828,2304.5780701052786,14.104446153805094,0.1435439583864865,1.0,18071.716392432663,2298.184512170701,12.717024007376752,0.1288866123188612,1.0,13077.289781468897,1257.139455269022,9.61314979079568,0.0956616991724352,1.0,16024.025702075323,2199.269285200562,13.724823749600748,0.1392154453843337,1.0,12.717024007376752,13.724823749600748,0.1288866123188612,1.0,1.0,1.1090995932400176,1.113722797146406,842.0756790432796,842.1224037031269,842.033147766642,0.0247411020790879,963.2789284715732,991.4065647125228,965.900100453346,960.78786884497,946.0247929199916,1.2723722014800722,1.0,1.0,1.0,1.212012028116517,0.1666666666666666,15129.81390988583,15754.05753377002,0.0001461925340758,0.0001404001237935,False,-0.3535533905932737,5,1.0,True,True,True,True,False,False,True,False,retained,RG-026,7,0,6,1,2,True,representative,139,main
LMU_vs_Dunn,LMU,Dunn,FT-025,24,26,8.85605108448225,8.916874508417958,-0.06082342393570883,-0.03969042473100437,6996.18212693355,7923.733319416158,-0.17958834346834973,186.0,0.014809349173767554,0.2980769230769231,0.7019230769230769,-0.40384615384615385,-0.40384615384615385,1.0,1.0,0.0,0.020691076505192967,1.6842169134858904,LMU < Dunn,True,6916.847979690364,1033.0723014232196,14.935593560196557,0.1549915398994002,1.0,7873.257348434647,1046.0193241224986,13.2857250541984,0.1332729656314115,1.0,5629.686242933677,530.7260280567623,9.427275431609072,0.0943071053017986,1.0,6925.330358568963,1040.09237275369,15.018667975409228,0.1521282760596768,1.0,13.2857250541984,15.018667975409228,0.1332729656314115,1.0,1.0,1.1241835503344837,1.1629630898141414,843.080105891697,843.1277631649815,843.0381621542712,0.0247628776573223,963.2439588234024,988.1751993200248,965.7639074749648,960.7361998439518,947.918078663588,1.3047236827776925,1.0,1.0,1.0,0.0,0.0,6458.960169777018,6822.890886668406,0.0001547997160537,0.0001465439610052,False,,5,1.0,True,True,True,True,False,False,True,False,retained,RG-026,7,0,6,0,2,False,member,140,main
LMU_vs_Dunn,LMU,Dunn,FT-219,24,26,7.1108448791239365,7.160015409991319,-0.04917053086738221,-0.06286514559182965,1183.261464268416,1380.8005241722449,-0.2225617262095448,186.0,0.014809349173767554,0.2980769230769231,0.7019230769230769,-0.40384615384615385,-0.40384615384615385,1.0,1.0,0.0,0.020691076505192967,1.6842169134858904,LMU < Dunn,True,1360.2833259701683,290.91639127764296,21.386455727534432,0.217399306345817,1.0,1381.1779666476816,215.85318145742949,15.628194676558325,0.1561700498006485,1.0,1310.72264542162,170.00666032498788,12.970452667375854,0.1287624639749728,1.0,1195.7723020363835,203.7104883541841,17.0358928708474,0.1853979728333961,1.0,15.628194676558325,17.0358928708474,0.1561700498006485,1.0,1.0,1.368453373543732,1.3920678556696866,809.5439415442514,809.5901010781033,809.5004145134822,0.0238060682328357,1120.883361213832,1137.4299807981995,1123.5258483320945,1118.0010013993176,1106.2009100480516,1.407083948317459,1.0,1.0,1.0,0.0,0.0,1204.5423319275496,1296.970553587285,0.0008295021862907,0.0007704335026986,False,,5,1.0,True,True,True,True,False,False,True,False,retained,RG-027,2,0,1,0,0,False,member,141,main
LMU_vs_Dunn,LMU,Dunn,FT-059,24,26,7.696764364131388,7.662831836443347,0.03393252768804089,0.02548251026315551,2074.5656085267183,2282.2154724233087,-0.13756248033586393,435.0,0.017371316785625493,0.6971153846153846,0.6971153846153846,0.39423076923076916,0.3942307692307692,1.0,1.0,0.0,0.02409964370963537,1.6179893780094932,LMU > Dunn,True,2453.315643903228,419.69534524926,17.107270574508068,0.1677730753022377,1.0,2272.2351504147978,355.04574660649183,15.625396277391362,0.1546341708427364,1.0,2574.462211524568,305.136128782069,11.852422125915409,0.1196159256552847,1.0,2139.431574062037,333.5811795047838,15.592047137615582,0.1576511822560893,1.0,15.592047137615582,15.625396277391362,0.1546341708427364,1.0,1.0,1.097179249364699,1.08496766521847,1223.7919594716086,1223.8635611861732,1223.7311229497138,0.0347144077413259,1257.9046668683316,1269.0074929226648,1259.707712335104,1255.611618909438,1246.198078112655,1.0683033401089197,1.0,1.0,1.0,0.0,0.0,2204.6761641712146,2327.994778309509,0.0004533757113777,0.0004293697904835,False,,5,1.0,True,True,True,True,False,False,True,False,retained,RG-009,24,1,13,0,0,False,member,142,main
LMU_vs_Dunn,LMU,Dunn,FT-230,24,26,6.785234156041874,6.806768167567496,-0.021534011525622176,-0.048687406956159585,823.4542960265765,968.5114918981915,-0.2338184796439224,190.0,0.01830774510863002,0.3044871794871795,0.6955128205128205,-0.3910256410256411,-0.391025641025641,1.0,1.0,0.0,0.02522115934545534,1.5982349540134717,LMU < Dunn,True,923.013584791086,184.13790992378887,19.949642449245907,0.1993340250717947,1.0,979.2014684364192,175.1981907538367,17.891945263684267,0.1759482469744447,1.0,875.7135831950275,117.60876363869497,13.430049036078806,0.1323038084037431,1.0,856.2163698280697,155.40450417313585,18.15014401141869,0.1809286257376987,1.0,17.891945263684267,18.15014401141869,0.1759482469744447,1.0,1.0,1.1150069014428632,1.1329128223752445,975.6477809466752,975.6990653589808,975.5940350043956,0.0287421584037574,1174.6013930519584,1189.00957448142,1176.7579145842003,1172.100459753538,1162.114930834089,1.1040347611923722,1.0,1.0,1.0,0.0,0.0,842.0695641777539,904.6660560301752,0.0011861417402433,0.0011041597433642,False,,5,1.0,True,True,True,True,False,False,True,False,retained,RG-017,8,0,4,0,0,False,member,143,main
LMU_vs_Dunn,LMU,Dunn,FT-172,24,26,1.833271079188676,2.92354555933171,-1.0902744801430342,-1.3194744749567426,4.42142814410595,17.69441686341842,-1.7858626199168384,191.0,0.0186539780218619,0.3060897435897436,0.6939102564102564,-0.3878205128205128,-0.38782051282051283,0.25,0.6538461538461539,-0.40384615384615385,0.025519678266019405,1.5931248051927718,LMU < Dunn,True,73.04771150881156,18.84406624611353,25.79692896175183,0.2557618923329953,0.8181818181818182,172.0618625851469,224.13242358192284,130.26269750567658,1.5112433042832,0.6666666666666666,189.9702629472652,38.22021388502828,20.11905089358013,0.2023013591624453,1.0,22.948212248870828,10.210735726801875,44.49468924231472,0.4072489990891061,0.2692307692307692,44.49468924231472,130.26269750567658,0.4072489990891061,0.6666666666666666,0.2692307692307692,0.5797754608704806,0.6280233785842517,886.6352611425967,886.6797677782474,886.5887702166918,0.0241624875229154,674.1885161473726,683.2720027250376,679.4295417213385,668.2875055110654,665.7916876848988,2.238306369755907,0.6666666666666666,1.0,0.2692307692307692,0.0,0.0,44.86338354956652,104.85633871737188,0.0218038862945917,0.0094467654192152,False,,5,1.0,True,True,True,False,False,False,True,True,retained,RG-008,5,1,0,0,0,False,member,144,main
LMU_vs_Dunn,LMU,Dunn,FT-002,24,26,7.336073915494046,7.248595200778398,0.0874787147156475,0.2207326064991566,1662.9976590018782,1500.1371325964158,0.14859762707695184,430.0,0.02250936614558268,0.6891025641025641,0.6891025641025641,0.3782051282051282,0.3782051282051282,1.0,1.0,0.0,0.030581690556412335,1.514538510453209,LMU > Dunn,True,1375.0627606749038,288.0754338021132,20.949984396401003,0.2449409241714183,1.0,1439.636430766677,450.079252450003,31.26339698213345,0.439853957382915,1.0,1606.1515481488566,344.3016937438306,21.436438805581563,0.214657924474939,1.0,1593.6030149750611,493.28334676682425,30.953966711373457,0.3413215147327254,1.0,30.953966711373457,31.26339698213345,0.3413215147327254,1.0,1.0,0.6768109752054273,0.7176252114175146,889.6499309783783,889.7022159640214,889.6015469549808,0.0255523760494532,609.0997423566134,627.7172511456954,611.7465009922388,606.4265533909693,596.7890463679698,1.324647395195849,1.0,1.0,1.0,0.0,0.0,1466.5399815071848,1545.1114211635718,0.000681412440275,0.0006467839162894,False,,5,1.0,True,True,True,True,False,False,True,True,retained,RG-008,5,0,3,1,3,False,member,145,main
LMU_vs_Dunn,LMU,Dunn,FT-020,24,26,9.492833919398088,9.542057851246224,-0.049223931848136004,-0.03758622938697087,13042.837324011116,14947.337749037692,-0.19661671229355157,196.0,0.024908156315664145,0.3141025641025641,0.6858974358974359,-0.3717948717948718,-0.3717948717948718,1.0,1.0,0.0,0.033608950645108465,1.4735450470709384,LMU < Dunn,True,13253.899296059715,1896.482274988257,14.308862868394264,0.1455641221154043,1.0,14888.698178974217,1951.1491746343636,13.104901121508204,0.1323622844921326,1.0,10680.330618977996,1048.9853936481172,9.821656567299176,0.0986642859989325,1.0,13136.357161884442,1887.0794021712495,14.365317408137097,0.1461039584881746,1.0,13.104901121508204,14.365317408137097,0.1323622844921326,1.0,1.0,1.0918711049952203,1.099740176545959,842.5773942493681,842.624259465518,842.5350038070779,0.0247858919562459,963.3235892455184,994.1845837268208,966.0232942432688,960.7144273833812,947.501450842558,1.2969596479291814,1.0,1.0,1.0,0.0,0.0,12358.648357941043,12926.94598904718,8.090845071312262e-05,7.735180831102021e-05,False,,5,1.0,True,True,True,True,False,False,True,False,retained,RG-026,7,0,6,1,3,False,member,146,main
LMU_vs_Dunn,LMU,Dunn,FT-096,24,26,7.4922165502868285,7.447119850527268,0.04509669975956054,0.04860300782798621,1807.2806764192437,1791.7526943027522,0.012442140540868557,425.0,0.028920464421486176,0.6810897435897436,0.6810897435897436,0.3621794871794872,0.36217948717948717,1.0,1.0,0.0,0.03849548304751876,1.4145902264037744,LMU > Dunn,True,1880.9413801946891,292.8629525549413,15.57002018450081,0.1540743737665548,1.0,1832.956715359112,204.2628993895234,11.143901963309826,0.1125285629620875,1.0,1701.0860479705066,169.43313145814534,9.960291641935973,0.1016868613571247,1.0,1756.6472987466443,198.62249534190013,11.306908079021662,0.1192330243961303,1.0,11.143901963309826,11.306908079021662,0.1125285629620875,1.0,1.0,1.3971784959849372,1.3692023581467458,815.5252605920695,815.5724826653777,815.4837884085781,0.0230239980275139,1299.3577408679637,1319.7332979838072,1301.576686001449,1296.8377586315107,1285.7117818196627,1.124421705883728,1.0,1.0,1.0,0.0,0.0,1763.1303685987662,1764.4417510043286,0.0005668515308164,0.0005664304695587,False,,5,1.0,True,True,True,True,False,False,True,False,retained,RG-023,2,1,0,0,0,True,representative,147,main
LMU_vs_Dunn,LMU,Dunn,FT-081,24,26,7.2750714565648735,7.183706860672281,0.0913645958925926,0.09890188345499151,1379.1375635988202,1421.9156610778477,-0.04403808000214579,425.0,0.028920464421486176,0.6810897435897436,0.6810897435897436,0.3621794871794872,0.36217948717948717,1.0,1.0,0.0,0.03849548304751876,1.4145902264037744,LMU > Dunn,True,1296.4015670190602,311.0995022036483,23.9971556744558,0.2924507706059494,1.0,1351.9687589957975,310.09536848832835,22.93657796639162,0.3147561074284376,1.0,1293.8914970204712,191.31573603701648,14.786072593998163,0.1589614199878895,1.0,1343.46393465371,224.76185036206823,16.730024868140777,0.1833514459389811,1.0,16.730024868140777,22.93657796639162,0.1833514459389811,1.0,1.0,1.434376569287349,1.5950284390082,1225.305158770853,1225.3832054372317,1225.241092492524,0.0353997625726626,1299.0897146683544,1313.3628153538991,1301.2456247303928,1296.385905406942,1286.5537450601764,1.2777931470134285,1.0,1.0,1.0,0.0,0.0,1235.9663304777628,1330.0556672963955,0.0008084294417405,0.0007512833794781,False,,5,1.0,True,True,True,True,False,False,True,False,retained,RG-009,24,0,9,0,0,False,member,148,main
LMU_vs_Dunn,LMU,Dunn,FT-229,24,26,6.887240642925628,6.91936950736652,-0.03212886444089236,-0.044226671581718335,925.2553684823827,1085.0480600861906,-0.2296060428078768,202.0,0.03347713914371033,0.3237179487179487,0.6762820512820513,-0.35256410256410253,-0.3525641025641026,1.0,1.0,0.0,0.0439666427420729,1.3568766954960085,LMU < Dunn,True,1036.3199281214893,174.26307603838032,16.81556740438858,0.1720613531791983,1.0,1088.976075931535,180.96079605428028,16.617518056995173,0.1652323409307916,1.0,967.2604112422092,109.52501511713166,11.323219046717066,0.1128474561408967,1.0,954.0760835351624,172.59667006380357,18.09045138457687,0.1827454988819304,1.0,16.617518056995173,18.09045138457687,0.1652323409307916,1.0,1.0,1.011918106345011,1.0413297554821124,975.1420796493152,975.19513630601,975.0878433330068,0.0290253234446013,1174.724661855747,1190.7307771536025,1177.058293531887,1172.2284839034685,1160.82065582275,1.228760315355733,1.0,1.0,1.0,0.0,0.0,945.172832112783,1004.5202900552292,0.0010568893610768,0.0009945100162474,False,,5,1.0,True,True,True,True,False,False,True,False,retained,RG-017,8,0,3,0,0,False,member,149,main
LMU_vs_Dunn,LMU,Dunn,FT-200,24,26,4.486798622576336,4.6457710850305975,-0.1589724624542619,-0.16149350685907393,84.86900317184157,109.80585660024785,-0.3678247873261271,202.0,0.03347713914371033,0.3237179487179488,0.6762820512820512,-0.35256410256410253,-0.3525641025641026,1.0,1.0,0.0,0.0439666427420729,1.3568766954960085,LMU < Dunn,True,128.16086591180053,38.03150326503204,29.67481765549639,0.2863542322785414,1.0,112.08920837006772,35.737109706901926,31.882738959948934,0.3057154888534732,1.0,132.16427975693648,30.00481258543737,22.702664169637416,0.2281400024537738,1.0,84.36630293131853,23.53272136508822,27.893507890521047,0.3063415606593952,1.0,27.893507890521047,31.882738959948934,0.3057154888534732,1.0,1.0,1.0638610881057624,0.9366690361435646,1039.6606356714726,1039.7152117448236,1039.609987920612,0.0285971293977563,1386.5689310879638,1396.528175354006,1389.322205274966,1383.8648933908498,1377.2603266789347,1.358794537316638,1.0,1.0,1.0,0.0,0.0,118.20702815776716,109.5721996947653,0.0083887671344052,0.0090438645768149,False,,5,1.0,True,True,True,True,False,False,True,True,retained,RG-014,17,1,4,0,0,False,member,150,main
LMU_vs_Dunn,LMU,Dunn,FT-184,24,26,7.387675777450461,7.449753664253381,-0.06207788680291948,-0.05484991127671801,1562.7416527592604,1769.5998703019422,-0.17923603760820916,204.0,0.036845035699738335,0.326923076923077,0.673076923076923,-0.34615384615384615,-0.34615384615384615,1.0,1.0,0.0,0.048069351210916905,1.3181317394777643,LMU < Dunn,True,1847.2701892181417,367.6876988435209,19.904381123540183,0.1903496990614431,1.0,1826.1220988835796,309.38008384636134,16.941916645962742,0.1683802008264103,1.0,1771.196545679686,213.24235429548827,12.039451794078438,0.1189869673000625,1.0,1585.471911858784,286.7335493493516,18.08506017701628,0.196053501185813,1.0,16.941916645962742,18.08506017701628,0.1683802008264103,1.0,1.0,1.1748600550625066,1.130475543604334,809.0412002643465,809.0880344897744,808.9996841611195,0.0236203538121697,1121.032321128916,1139.3550392750944,1123.4003501883312,1118.4709922131613,1104.8390810677215,1.311603084577435,1.0,1.0,1.0,0.0,0.0,1611.1087325989288,1728.8440071627454,0.0006203055537003,0.0005780868077464,False,,5,1.0,True,True,True,True,False,False,True,False,retained,RG-027,2,0,1,0,0,True,representative,151,main
LMU_vs_Dunn,LMU,Dunn,FT-226,24,26,6.4302867127530146,6.354453277711635,0.07583343504137918,0.0627099075793982,559.9281711541587,579.1702128491532,-0.04866018602555952,414.0,0.04872768716508551,0.6634615384615384,0.6634615384615384,0.32692307692307687,0.3269230769230769,1.0,1.0,0.0,0.06315364718106478,1.1996015634796282,LMU > Dunn,False,677.9752612248142,127.4324140190756,18.79602712772428,0.1926672157291359,1.0,604.3154235139024,113.40610196606303,18.766044610717127,0.1952238374571496,1.0,709.9457105082,104.45714619909812,14.71339915897578,0.1411889095409282,1.0,587.9465842483919,99.82948354685098,16.979345780955445,0.1683228953996089,1.0,16.979345780955445,18.766044610717127,0.1683228953996089,1.0,1.0,1.1069936009434755,1.1446286927974476,815.1931200400654,815.2369274905478,815.1512909790769,0.0235253767613145,1257.978548513949,1271.0305211315415,1260.1923474812538,1255.2972656249676,1246.223995783555,1.3002026551407582,1.0,1.0,1.0,0.0,0.0,593.9021730506636,633.6926088423638,0.0016809486421473,0.0015755658504105,False,,5,1.0,True,True,True,True,False,False,True,False,retained,RG-029,3,1,0,0,0,False,member,152,main
LMU_vs_Dunn,LMU,Dunn,FT-084,24,26,6.858654748023938,6.8273887686636625,0.031265979360275864,0.029239865423581257,892.0145518941404,983.7651534850881,-0.1410960274702014,413.0,0.05099185776831517,0.6618589743589743,0.6618589743589743,0.3237179487179487,0.32371794871794873,1.0,1.0,0.0,0.06565618287815744,1.1827243699030745,LMU > Dunn,False,1021.1857077081432,282.71956063381504,27.685420829902256,0.3522928276894796,1.0,976.7642016839396,166.92728924696652,17.089824643366764,0.1743581595559544,1.0,1121.976197511705,138.91574071399768,12.381344722114608,0.1208105296218209,1.0,920.0735806264432,140.05799036873228,15.22247712768495,0.1534971460216695,1.0,15.22247712768495,17.089824643366764,0.1534971460216695,1.0,1.0,1.8187198179165656,2.295109953638784,1224.2978759761004,1224.3667494540175,1224.2365630785655,0.0355838123362433,1257.7376008872648,1268.2375238108073,1259.5745263285503,1255.5683653972703,1246.972209575565,1.100626009489861,1.0,1.0,1.0,0.0,0.0,937.335373035028,1005.8978186969392,0.0010657170439664,0.0009931494352566,False,,5,1.0,True,True,True,True,False,False,True,False,retained,RG-009,24,1,13,0,0,False,member,153,main
LMU_vs_Dunn,LMU,Dunn,FT-104,24,26,8.64165144635092,8.60011712239951,0.0415343239514101,0.030324109158661017,5326.123841635474,5664.068115321881,-0.08873648258537409,408.0,0.06367390169915897,0.6538461538461539,0.6538461538461539,0.3076923076923077,0.3076923076923077,1.0,1.0,0.0,0.08145297814762543,1.0890930320499506,LMU > Dunn,False,6443.590725590807,1142.3481011806075,17.728439775725615,0.1761004057893776,1.0,5853.501383078921,963.0088164287032,16.451842297544037,0.1621843037998086,1.0,6874.212608891712,858.8650098495339,12.494012895943923,0.1231745901040327,1.0,5569.991228538283,918.4706883615175,16.48962539933028,0.1645975246536646,1.0,16.451842297544037,16.48962539933028,0.1621843037998086,1.0,1.0,1.0775960196489454,1.085804246548706,1222.2864765177096,1222.3567526513016,1222.2240203008816,0.0349509373536697,1258.1864030459938,1275.171996525355,1260.155835858117,1255.5775495992905,1245.5816309792672,1.2015301710468655,1.0,1.0,1.0,0.0,0.0,5841.077577943538,6096.12452045963,0.0001711719823398,0.000164011739738,False,,5,1.0,True,True,True,True,False,False,True,False,retained,RG-009,24,1,8,0,0,False,member,154,main
LMU_vs_Dunn,LMU,Dunn,FT-195,24,26,6.122869944110121,6.0772299422536715,0.045640001856449786,0.05472621534961419,458.2770161262803,474.7831661752006,-0.05093964052979002,402.0,0.08222033123530384,0.6442307692307693,0.6442307692307693,0.28846153846153855,0.28846153846153844,1.0,1.0,0.0,0.10449938873132164,0.9808862499490076,LMU > Dunn,False,500.8182606119441,90.36325239075722,18.043122525193752,0.192847053945907,1.0,465.8947871890237,88.6000781091792,19.017185971053205,0.1954619734655804,1.0,518.8456134619379,69.39037172457046,13.373992171114478,0.1293217247418661,1.0,449.01755169964633,87.6416366387773,19.5185324731809,0.1905756682027097,1.0,19.017185971053205,19.5185324731809,0.1905756682027097,1.0,1.0,0.9487798327606348,1.0119185505926251,1077.708774786632,1077.7732844734803,1077.6548450786415,0.0305915600535078,1164.8240522057135,1175.084413340395,1166.9203041317107,1162.488701920126,1152.544404150735,1.1655651972698904,1.0,1.0,1.0,0.0,0.0,445.7668332535952,477.7671082063903,0.0022383040225199,0.0020886982059947,False,,5,1.0,True,True,True,True,False,False,True,False,retained,RG-010,25,2,14,0,0,False,member,155,main
LMU_vs_Dunn,LMU,Dunn,FT-243,24,26,5.196683806658308,5.3047175829318824,-0.10803377627357413,-0.0743671429150563,165.70863901464529,199.4842924760024,-0.2661603407606239,225.0,0.09301748762696663,0.3605769230769231,0.6394230769230769,-0.27884615384615385,-0.27884615384615385,1.0,1.0,0.0,0.1174643914263617,0.930093767016081,LMU < Dunn,False,191.9783482780277,33.9596297754927,17.68930198644669,0.1857901915026876,1.0,203.45385559039389,41.27843794233053,20.28884526299412,0.2068319291778701,1.0,170.64969018079324,41.52366171149954,24.332690945707363,0.2448092526649984,1.0,176.92273689744272,46.469376127861416,26.26535002948685,0.2454882273931065,1.0,24.332690945707363,26.26535002948685,0.2448092526649984,1.0,1.0,0.7269768076994105,0.758918176009166,1083.0184165320716,1083.081155245212,1082.9536937910798,0.0367099381181748,1438.918439562102,1444.8087708493492,1440.6161703055536,1436.2722954248684,1431.0281680492635,1.1621010653959112,1.0,1.0,1.0,0.0,0.0,161.443969675892,183.925787404744,0.0061559687441472,0.0054075746494528,False,,5,1.0,True,True,True,True,False,False,True,True,retained,RG-007,14,3,5,0,0,True,representative,156,main
LMU_vs_Dunn,LMU,Dunn,FT-095,24,26,7.859227672362351,7.877428255537168,-0.018200583174817098,-0.021388659910908103,2470.1999452761593,2795.5756197570245,-0.17844959737634034,226.0,0.09685966046130312,0.3621794871794872,0.6378205128205128,-0.27564102564102566,-0.27564102564102566,1.0,1.0,0.0,0.1215372809609982,0.9152904839410114,LMU < Dunn,False,2754.065463448269,524.5629975517419,19.046860160504497,0.1818524673668541,1.0,2754.034399961064,519.7633846100945,18.872799287381557,0.2234442754243461,1.0,2421.396406298692,255.86849521679517,10.566980877282775,0.105222289612389,1.0,2458.75815225543,430.6424203795125,17.514631115080686,0.2062818098117186,1.0,17.514631115080686,18.872799287381557,0.2062818098117186,1.0,1.0,1.0874828042541251,0.8815729682265141,1296.8385481999308,1296.9145054717983,1296.7740241235522,0.036768193553219,1325.9004245551305,1343.095463462498,1328.046641465988,1323.3579718833523,1306.2086665112035,1.192316158113339,1.0,1.0,1.0,0.0,0.0,2506.461190989754,2547.379080017163,0.0003988097616798,0.0003924062977291,False,,5,1.0,True,True,True,True,False,False,True,True,retained,RG-016,8,0,4,0,0,False,member,157,main
LMU_vs_Dunn,LMU,Dunn,FT-011,24,26,6.838243696844521,6.795748222526402,0.04249547431811873,0.03441152841871542,930.1106510349653,975.9160310208118,-0.06928193887313608,392.0,0.12264598097939347,0.6282051282051282,0.6282051282051282,0.2564102564102564,0.2564102564102564,1.0,1.0,0.0,0.15291935603126908,0.815537539535139,LMU > Dunn,False,915.2158818474384,151.11581319289073,16.511493756844672,0.172683642519959,1.0,966.1213739346884,142.41034481376695,14.740419646630668,0.1482203297203298,1.0,973.083801952782,115.79495268750158,11.899792438752408,0.1177259174278969,1.0,914.5955915956824,142.09156456147008,15.53599928396384,0.1596284691479765,1.0,14.740419646630668,15.53599928396384,0.1482203297203298,1.0,1.0,1.1201508608758526,1.1650469462980408,1211.8279152595003,1211.899520416236,1211.762666802262,0.0363039936634745,874.6133425350365,886.9604836740813,876.7821117479145,872.0452383104141,863.3168395873045,1.2291365451074237,1.0,1.0,1.0,0.0,0.0,941.284421070307,951.4549535252738,0.0010612506984506,0.0010499184200772,False,,5,1.0,True,True,True,True,False,False,True,False,retained,RG-003,3,0,1,0,0,False,member,158,main
LMU_vs_Dunn,LMU,Dunn,FT-099,24,26,8.476325955413014,8.493095253394724,-0.01676929798171045,-0.015877140081210328,4587.611468179142,5246.275438320216,-0.19351086695630856,233.0,0.1274228790058172,0.37339743589743596,0.6266025641025641,-0.2532051282051282,-0.2532051282051282,1.0,1.0,0.0,0.15787614568645275,0.8016834848071652,LMU < Dunn,False,5102.800492770336,936.1994035567236,18.346776537376563,0.1784681153477766,1.0,5190.727239524641,737.7696715020783,14.21322364782246,0.1415244081967665,1.0,4511.777704396095,463.7669430354685,10.279029097191394,0.1028267046758555,1.0,4707.913349982537,733.405059130438,15.578134188326947,0.1570806421928748,1.0,14.21322364782246,15.578134188326947,0.1415244081967665,1.0,1.0,1.2908244457398224,1.2610412410249825,1296.3371434985418,1296.4131279821509,1296.2692935047885,0.0373652226579875,1325.9803275270754,1346.0861753380832,1328.1422415901347,1323.4768212611054,1305.3386232127343,1.1912823835485984,1.0,1.0,1.0,0.0,0.0,4622.3856251563175,4808.374720012781,0.0002162917137084,0.0002079272375759,False,,5,1.0,True,True,True,True,False,False,True,False,retained,RG-016,8,0,4,0,0,False,member,159,main
LMU_vs_Dunn,LMU,Dunn,FT-069,24,26,6.776379274126407,6.812233799727391,-0.03585452560098368,-0.02512029846991659,820.6121648810849,989.128091174274,-0.26915763373335894,235.0,0.13740959524053575,0.3766025641025641,0.6233974358974359,-0.2467948717948718,-0.2467948717948718,1.0,1.0,0.0,0.16918556413990965,0.7716366961542171,LMU < Dunn,False,924.0848528841284,133.00049018131477,14.39267073431749,0.1483940005332454,1.0,963.5270914734796,167.26846340223193,17.36001663912072,0.1778894901757489,1.0,880.6997002504892,111.29518142855169,12.637131748415156,0.1238138893119786,1.0,864.6323305632338,151.8128953212514,17.55808682545543,0.1744434343662844,1.0,17.36001663912072,17.55808682545543,0.1744434343662844,1.0,1.0,0.8290701001912447,0.8506711706997114,1150.7568385346326,1150.8215253510546,1150.6976302094158,0.0348052353991313,1199.4452906242605,1210.6137862572284,1201.2154408063195,1197.1823084180112,1184.9031991225047,1.0329515176038833,1.0,1.0,1.0,0.0,0.0,837.8789706795819,903.719800897984,0.0011920670739783,0.0011053145946484,False,,5,1.0,True,True,True,True,False,False,True,True,retained,RG-015,16,2,2,0,0,False,member,160,main
LMU_vs_Dunn,LMU,Dunn,FT-188,24,26,4.4534033143102665,4.525424436053235,-0.07202112174296893,0.026850366021976768,81.74055690487448,104.22593360788062,-0.3468237368028282,239.0,0.15918042470607296,0.38301282051282054,0.6169871794871795,-0.23397435897435892,-0.23397435897435898,1.0,1.0,0.0,0.19477356314966693,0.7104699907704113,LMU < Dunn,False,84.0586923610034,24.55222090585828,29.20842594173946,0.2858227215115502,1.0,153.37385402380642,282.51253530013986,184.1986283113736,0.5913674936175541,1.0,360.94833375547785,635.3992200826013,176.03605853270082,1.3522059763956265,1.0,204.0093915709096,337.47004082368125,165.41887519250966,0.8827058541398851,1.0,176.03605853270082,184.1986283113736,0.8827058541398851,1.0,1.0,0.1659229716070565,0.3238029069038609,931.123316275561,931.1738081023892,931.07426737904,0.0254915780131796,1102.1879690833632,1107.124431889231,1104.963450062722,1099.1332192776542,1093.916465014947,1.3268034181666346,1.0,1.0,1.0,0.0,0.0,78.81477712077168,238.3543660396056,0.0125290082372447,0.0041779058245151,False,,5,1.0,True,True,True,True,False,False,True,True,retained,RG-004,4,1,2,0,0,False,member,161,main
LMU_vs_Dunn,LMU,Dunn,FT-063,24,26,7.156964818131987,7.174460830698473,-0.01749601256648603,-0.01987679362223993,1229.7964665528564,1409.4747093059702,-0.19658859071939203,242.0,0.17715133041971598,0.3878205128205128,0.6121794871794872,-0.22435897435897434,-0.22435897435897437,1.0,1.0,0.0,0.2154247660042225,0.666704370115615,LMU < Dunn,False,1353.3149118790946,183.8754122947832,13.587038070796831,0.1470859695382142,1.0,1403.740408274534,220.23408296643825,15.689089070047368,0.1584401484599632,1.0,1292.5027699691805,162.33883923725097,12.560038013777092,0.1266621654565877,1.0,1273.2629893831324,228.5484794232739,17.949825081619668,0.1746794686766625,1.0,15.689089070047368,17.949825081619668,0.1584401484599632,1.0,1.0,0.8660182888971139,0.9283377412094626,1149.7527620467906,1149.8187882192658,1149.690158497745,0.032753424332895,1199.627733531914,1211.340092005355,1201.7405156059112,1197.2342172171689,1184.739180146977,1.1315627824245194,1.0,1.0,1.0,0.0,0.0,1224.2201682630816,1324.1886172983866,0.0008161798392672,0.0007546095604402,False,,5,1.0,True,True,True,True,False,False,True,True,retained,RG-015,16,2,1,0,0,False,member,162,main
LMU_vs_Dunn,LMU,Dunn,FT-075,24,26,6.666726359256872,6.640765183764603,0.025961175492269284,0.03182774987179826,748.8531541472689,809.2375373339877,-0.11173682866439551,378.0,0.20340701505842518,0.6057692307692307,0.6057692307692307,0.21153846153846145,0.21153846153846154,1.0,1.0,0.0,0.24583547218717647,0.6093554515404551,LMU > Dunn,False,865.4637553338365,166.1154794654087,19.19381123029615,0.2008858736998233,1.0,810.0869100296438,150.02029141936077,18.51903660730316,0.1902586880928945,1.0,868.8621625716228,115.15851739923558,13.253945488706067,0.127119751289427,1.0,769.8637517831886,141.35892824546863,18.36155136776443,0.1825205073875006,1.0,18.36155136776443,18.51903660730316,0.1825205073875006,1.0,1.0,1.045326227934794,1.1006208374894118,1076.704086348371,1076.7659052150043,1076.6508631728868,0.0303673983692482,1165.0016465840235,1176.4046223958326,1167.1510336308895,1162.5396325060522,1152.5668176015192,1.1153635458279254,1.0,1.0,1.0,0.0,0.0,779.4965717097257,816.192662582601,0.001281235608517,0.0012237016382889,False,,5,1.0,True,True,True,True,False,False,True,False,retained,RG-010,25,1,13,0,0,False,member,163,main
LMU_vs_Dunn,LMU,Dunn,FT-022,24,26,7.582437664559425,7.62150028367199,-0.039062619112565145,-0.03677874679356741,1876.4680705808714,2161.8628388189572,-0.20415380498109087,247.0,0.21039274816710984,0.3958333333333333,0.6041666666666667,-0.20833333333333337,-0.20833333333333334,1.0,1.0,0.0,0.2527278743226868,0.5973468554409277,LMU < Dunn,False,2145.1829461861403,642.836014158607,29.96648911933068,0.3963213273784072,1.0,2151.957752055407,406.97914964731353,18.91204180279999,0.2174993683250549,1.0,2408.1907841939847,444.142112575329,18.4429786664092,0.2534464585786758,1.0,1868.178556246246,515.3938316659433,27.58803915946506,0.3823824269958165,1.0,18.91204180279999,27.58803915946506,0.2534464585786758,1.0,1.0,1.5845189764171332,1.563728014196654,1454.994982263801,1455.078441648726,1454.920198358498,0.0427925433009234,1013.8599853437128,1031.0396689111074,1016.4947372485714,1011.0331473889784,999.7792065798594,1.343328762546636,1.0,1.0,1.0,0.0,0.0,1931.4354881676727,2142.89192603724,0.0005174816991941,0.0004664414226552,False,,5,1.0,True,True,True,True,False,False,True,False,retained,RG-020,2,0,1,0,0,False,member,164,main
LMU_vs_Dunn,LMU,Dunn,FT-191,24,26,7.292626041384818,7.311127072607224,-0.01850103122240654,-0.01977784886764944,1404.0052658398995,1626.2614098850959,-0.21187049246721806,248.0,0.21755046065259742,0.39743589743589747,0.6025641025641025,-0.20512820512820518,-0.20512820512820512,1.0,1.0,0.0,0.25974206514279813,0.5854577108250056,LMU < Dunn,False,1678.3722646852254,312.11435240606954,18.596252987093173,0.1875857081644159,1.0,1592.845790595056,253.47909156526865,15.913598985032555,0.1596084421257841,1.0,1632.2827122058422,187.35124927456545,11.47786764349062,0.1133438634158443,1.0,1444.4866983163456,258.4388219631698,17.89139507233947,0.1768946836397181,1.0,15.913598985032555,17.89139507233947,0.1596084421257841,1.0,1.0,1.1685761972878523,1.1752868812326571,996.1601236401428,996.2186492772656,996.110795668755,0.0284715935311538,1136.386402786609,1153.94223276774,1138.371931479331,1134.0748031589246,1126.063989003498,1.108437168086034,1.0,1.0,1.0,0.0,0.0,1478.790400013751,1556.997987590423,0.000675771379508,0.0006418493528008,False,,5,1.0,True,True,True,True,False,False,True,False,retained,RG-017,8,0,4,0,0,False,member,165,main
LMU_vs_Dunn,LMU,Dunn,FT-186,24,26,4.278990004404468,4.331333089131055,-0.05234308472658711,-0.06954037571926719,68.31205337121126,81.6153578083028,-0.2533037378766172,249.0,0.22488162159255476,0.3990384615384615,0.6009615384615385,-0.20192307692307687,-0.20192307692307693,1.0,1.0,0.0,0.2637004729388886,0.5788890913117405,LMU < Dunn,False,72.66245175596532,20.486493447601248,28.194057525617943,0.2811623787610746,1.0,79.08902165136585,17.924290219155072,22.66343652367777,0.2437459840534943,1.0,303.63529508360534,525.693109301528,173.13307043464084,1.3586506177174884,1.0,69.20358692577742,18.98562056384173,27.434445824613523,0.2884858520977447,1.0,27.434445824613523,173.13307043464084,0.2884858520977447,1.0,1.0,1.0276882465882695,0.974614098807907,931.6243046494036,931.6784901191336,931.5809314937704,0.0274414767123745,1102.186769188893,1106.829634834741,1104.5947650644134,1099.0703438301748,1094.5528271619044,1.4732397071044796,1.0,1.0,1.0,0.0,0.0,69.87107009203004,149.73689261811177,0.014110129827325,0.0066340759891705,False,,5,1.0,True,True,True,True,False,False,True,True,retained,RG-004,4,1,2,0,0,True,representative,166,main
LMU_vs_Dunn,LMU,Dunn,FT-086,24,26,5.594298512006482,5.619315588294713,-0.02501707628823091,-0.04495297868966208,253.8160879362414,300.38888432794766,-0.24216984345492867,249.0,0.22488162159255476,0.39903846153846156,0.6009615384615384,-0.20192307692307687,-0.20192307692307693,1.0,1.0,0.0,0.2637004729388886,0.5788890913117405,LMU < Dunn,False,273.67974762763424,65.97930109473187,24.108214680357936,0.2406166528608359,1.0,294.6502447734531,61.3521851001876,20.822037717076828,0.2100902318168414,1.0,236.83616924944528,36.0748597640879,15.23198921786833,0.1512361118627817,1.0,258.70919233858064,53.74691233270888,20.77503000448807,0.2019675154421769,1.0,20.77503000448807,20.822037717076828,0.2019675154421769,1.0,1.0,1.1604418706086004,1.1913631374532816,1252.3224421698592,1252.394260929982,1252.2598314863185,0.0357571265908724,1252.0492024447103,1259.1190925011254,1254.3147136599673,1249.55524604749,1244.1498037484978,1.2944815304881885,1.0,1.0,1.0,0.0,0.0,247.9977835065569,263.7941267110367,0.0040161000066639,0.0037765188088604,False,,5,1.0,True,True,True,True,False,False,True,False,retained,RG-009,24,1,6,0,0,False,member,167,main
LMU_vs_Dunn,LMU,Dunn,FT-113,24,26,8.825029538472117,8.84338949720188,-0.018359958729762482,-0.018052801396367002,6540.99978616986,7317.785204256956,-0.16187249290599467,249.0,0.22488162159255476,0.39903846153846156,0.6009615384615384,-0.20192307692307687,-0.20192307692307693,1.0,1.0,0.0,0.2637004729388886,0.5788890913117405,LMU < Dunn,False,7167.101097164737,1258.6227479103982,17.561113354579327,0.1695011623701482,1.0,7368.556145887404,1043.168291155661,14.157024395313623,0.139581838917602,1.0,6413.690739831438,602.9944686928131,9.401676712411314,0.0924089907515672,1.0,6654.192293825612,993.751515519923,14.934216981406134,0.1507930461166688,1.0,14.157024395313623,14.934216981406134,0.139581838917602,1.0,1.0,1.2404522916830285,1.2143496867827357,1295.8340568472142,1295.9104778358453,1295.768224225936,0.0366780214193528,1325.935889442976,1348.2670237223315,1327.797072671238,1323.3191753625963,1304.2779909769702,1.190702173843557,1.0,1.0,1.0,0.0,0.0,6569.464548413092,6819.189554608141,0.0001521962401032,0.0001466234907392,False,,5,1.0,True,True,True,True,False,False,True,False,retained,RG-016,8,2,4,0,0,False,member,168,main
LMU_vs_Dunn,LMU,Dunn,FT-100,24,26,8.742654331751044,8.724507175077068,0.018147156673975928,0.012785627228062424,5883.255559321395,6362.087802406168,-0.1128671233628671,374.0,0.23238760330238162,0.5993589743589743,0.5993589743589743,0.19871794871794868,0.1987179487179487,1.0,1.0,0.0,0.2708896914234863,0.5672075215193579,LMU > Dunn,False,7089.887151734502,1229.0652157137365,17.33546937221776,0.1684172121208682,1.0,6549.730114579365,1021.0287502296198,15.588867516187603,0.153095181591378,1.0,7453.093771898189,845.6342554408549,11.346083671042887,0.1119047255824564,1.0,6103.745556370345,964.8087257444208,15.806830688370866,0.1581495920132969,1.0,15.588867516187603,15.806830688370866,0.153095181591378,1.0,1.0,1.112041612658294,1.1000817293543943,1222.7890111601405,1222.8592513192573,1222.7275498290628,0.0358995751017506,1257.9887283196858,1272.9182917572732,1259.965824885959,1255.53693243177,1245.8706452125716,1.2070912617475065,1.0,1.0,1.0,0.0,0.0,6324.949652582003,6700.259944666136,0.0001580790323855,0.0001492256692408,False,,5,1.0,True,True,True,True,False,False,True,False,retained,RG-009,24,1,9,0,0,False,member,169,main
LMU_vs_Dunn,LMU,Dunn,FT-235,24,26,4.580977590588936,4.665844121081831,-0.08486653049289483,-0.03751300579920347,93.42230133487814,112.42020503730862,-0.2644781184881471,257.0,0.2899176420064722,0.41185897435897434,0.5881410256410257,-0.17628205128205132,-0.1762820512820513,1.0,1.0,0.0,0.3339986869899124,0.47625524047632944,LMU < Dunn,False,122.7729003510679,32.90214871721617,26.79919479228136,0.2654527923146694,1.0,110.77933844337234,27.823400549547163,25.11605588236095,0.268179462644495,1.0,130.67367706474275,31.09342531256213,23.79471214937709,0.2324296519046069,1.0,97.34169297661316,22.790983141221545,23.413382738984406,0.2203826680779649,1.0,23.79471214937709,25.11605588236095,0.2324296519046069,1.0,1.0,1.126266820293639,1.1420780014058436,1034.9871234609543,1035.0479195722205,1034.9301733190198,0.0307738226139136,1385.9991044260155,1394.4329527557886,1388.520781427043,1383.2604731417296,1376.6256570034318,1.282938054828365,1.0,1.0,1.0,1.039118094125091,0.1666666666666666,102.7857305305702,112.9043260638773,0.0196473839293781,0.017902025011601,False,0.3535533905932737,5,1.0,True,True,True,True,False,False,True,False,retained,RG-014,17,2,3,0,0,False,member,170,main
LMU_vs_Dunn,LMU,Dunn,FT-205,24,26,5.6899199458406065,5.721848830791535,-0.03192888495092827,-0.1393239454640396,268.0778560168389,311.244193637337,-0.21465107623786128,257.0,0.2899176420064722,0.41185897435897434,0.5881410256410257,-0.17628205128205132,-0.1762820512820513,1.0,1.0,0.0,0.3339986869899124,0.47625524047632944,LMU < Dunn,False,338.5718169113185,91.74739889349743,27.09835677714684,0.2903258099455163,1.0,316.3446276251264,74.65964112560529,23.60072990209848,0.2537392712173635,1.0,363.4794030599575,73.06051471151733,20.10031767865143,0.2273848032591384,1.0,256.30104367463497,85.07108822344587,33.19186180585382,0.4756263044059418,1.0,23.60072990209848,33.19186180585382,0.2537392712173635,1.0,1.0,1.148199945067689,1.144189500319055,1559.5079808864853,1559.593122537758,1559.4291321157314,0.0434378052259568,1385.8104858293589,1396.1924584706642,1388.2480646536085,1383.251170625242,1375.8304738998434,1.2375875733611723,1.0,1.0,1.0,0.0,0.0,305.2181539913414,312.0961589997192,0.0032656457070415,0.0031939069555972,False,,5,1.0,True,True,True,True,False,False,True,False,retained,RG-028,1,0,0,0,0,True,singleton,171,main
LMU_vs_Dunn,LMU,Dunn,FT-154,24,26,7.901619875536581,7.902264269620556,-0.0006443940839746531,0.056498730493765414,2712.735224972572,2746.830885500643,-0.018013250559358412,363.0,0.3267758551920349,0.5817307692307693,0.5817307692307693,0.16346153846153855,0.16346153846153846,1.0,1.0,0.0,0.37427234577227253,0.42681226084227764,LMU < Dunn,False,2753.805753607847,656.588330931545,23.842942810012225,0.2335285528262309,1.0,2789.5480939162576,662.2254721710295,23.739525180271357,0.2376412987380562,1.0,2897.8859424874627,513.2025329567398,17.709549069285362,0.1840811373832018,1.0,2663.137314015164,498.73907816322577,18.727501414911497,0.1894602080499928,1.0,18.727501414911497,23.739525180271357,0.1894602080499928,1.0,1.0,1.2731513020219365,1.2325994742104889,1263.7971017854209,1263.8715515041586,1263.7320792002329,0.037321139261873,1498.895810560801,1516.8788947229823,1501.5387958090012,1496.1383324478263,1479.1927665212909,1.3203674931810594,1.0,1.0,1.0,0.0,0.0,3116.205127045629,2783.60004056718,0.0003208001909543,0.000359118000945,False,,5,1.0,True,True,True,True,False,False,True,False,retained,RG-018,12,0,11,1,3,False,member,172,main
LMU_vs_Dunn,LMU,Dunn,FT-048,24,26,7.378711487698525,7.395038317218268,-0.016326829519742958,-0.013445817573649599,1463.8514711674397,1701.1692571769113,-0.21662011042842283,262.0,0.33644641275591736,0.4198717948717948,0.5801282051282052,-0.16025641025641024,-0.16025641025641027,1.0,1.0,0.0,0.3831210596122296,0.416663974819312,LMU < Dunn,False,1832.6181706770917,369.3815235760249,20.15594571124168,0.2003412419465197,1.0,1727.0199550777254,285.4537140604505,16.528686493816657,0.1650532978064904,1.0,1773.7608517519925,221.0640380072473,12.463012575167406,0.1219667463940386,1.0,1572.313153716591,285.88733846997985,18.182595356033698,0.1771805420028009,1.0,16.528686493816657,18.182595356033698,0.1650532978064904,1.0,1.0,1.219452357498702,1.2137972679673514,995.6559728029966,995.70918172837,995.6074428817482,0.0273435726814712,1136.486651444235,1153.569062908047,1138.6681222264142,1133.988936628819,1126.1802677626015,1.1929094187675182,1.0,1.0,1.0,0.0,0.0,1621.3277249601028,1691.4868725225535,0.0006163982681271,0.0005908465325403,False,,5,1.0,True,True,True,True,False,False,True,False,retained,RG-017,8,0,5,0,0,False,member,173,main
LMU_vs_Dunn,LMU,Dunn,FT-179,24,26,7.274384363401161,7.324823909779993,-0.05043954637883186,-0.020936983339317372,1453.8653316077284,1585.6035086814184,-0.12505602708531444,266.0,0.37694631543424817,0.42628205128205127,0.5737179487179487,-0.14743589743589747,-0.14743589743589744,1.0,1.0,0.0,0.4267725525318787,0.36980351958322827,LMU < Dunn,False,1681.5265292251015,332.3235161452424,19.76320387275645,0.2062718305813398,1.0,1615.3406295622092,272.7589623506292,16.885538403411083,0.1696203292751156,1.0,1819.544763036924,213.85676363822907,11.75331148662097,0.1158993893696144,1.0,1452.522443325298,254.1393477885932,17.496414527460608,0.1787198362282374,1.0,16.885538403411083,17.496414527460608,0.1696203292751156,1.0,1.0,1.1704218959795822,1.21607964954942,728.4969707230775,728.5374900581327,728.4606010611253,0.0212811240501545,1014.0492700576092,1031.0792793022397,1016.8041164703352,1011.1718983749886,1001.4421236646056,1.3515994807877785,1.0,1.0,1.0,0.0,0.0,1503.3908726355255,1628.9613210581952,0.0006647208635666,0.0006135114907823,False,,5,1.0,True,True,True,True,False,False,True,False,retained,RG-030,2,0,1,0,0,True,representative,174,main
LMU_vs_Dunn,LMU,Dunn,FT-103,24,26,8.667884875859823,8.662615550515877,0.005269325343945752,-0.013936299163011867,5517.1463768388785,6124.991668253464,-0.15075967800132317,268.0,0.3982783563247805,0.4294871794871795,0.5705128205128205,-0.14102564102564108,-0.14102564102564102,1.0,1.0,0.0,0.44834763540561,0.3483851163767756,LMU > Dunn,False,6135.042904251052,1065.0626453930076,17.360312910852045,0.1683194308663921,1.0,6202.990984655216,889.4379874250322,14.338856684223767,0.1421680372193521,1.0,5454.22489794098,537.364855957592,9.852268030980024,0.097139464086343,1.0,5655.052521078041,857.1288926092959,15.156868825082082,0.1554644353447116,1.0,14.338856684223767,15.156868825082082,0.1421680372193521,1.0,1.0,1.210718071403323,1.1839470682618405,1295.3340005034854,1295.4088685802842,1295.2660151633097,0.0369004205904129,1325.9263584717098,1348.1806891897468,1328.313249836628,1323.3256151193673,1304.770805939381,1.1895624336993404,1.0,1.0,1.0,0.0,0.0,5605.078776929837,5776.227461774498,0.0001783778002041,0.000173093409705,False,,5,1.0,True,True,True,True,False,False,True,False,retained,RG-016,8,1,4,0,0,False,member,175,main
LMU_vs_Dunn,LMU,Dunn,FT-091,24,26,5.849025284649291,5.83421741587535,0.014807868773941024,0.021060180434560927,320.87829664317024,357.2858346962814,-0.15459570263457842,352.0,0.44306579441666627,0.5641025641025641,0.5641025641025641,0.1282051282051282,0.1282051282051282,1.0,1.0,0.0,0.4959315994322912,0.3045782187468916,LMU > Dunn,False,324.1675238935052,75.79190365285565,23.38047400385322,0.2357579212784324,1.0,355.7487567285468,70.96567132753324,19.948255611665683,0.1988918170283125,1.0,285.4788067253155,44.12230056190776,15.455543291646771,0.1615339709963928,1.0,328.4359116955954,63.91181330858244,19.459447348077425,0.1856157208688497,1.0,19.459447348077425,19.948255611665683,0.1856157208688497,1.0,1.0,1.2014973285540502,1.2701398360810807,1251.314808260303,1251.384541992356,1251.24725487946,0.0341748074286253,1251.9082930023933,1258.873232105109,1254.3394561869425,1249.2792991497554,1243.48779943925,1.2740584064472709,1.0,1.0,1.0,0.0,0.0,298.25374900867274,323.63290013436006,0.0033416456880245,0.0030804025087602,False,,5,1.0,True,True,True,True,False,False,True,False,retained,RG-009,24,1,8,0,0,False,member,176,main
LMU_vs_Dunn,LMU,Dunn,FT-202,24,26,5.011364573104081,5.070459945198502,-0.05909537209442117,-0.015344314953008364,143.46045758327682,179.7740470710911,-0.3235129260019425,273.0,0.4546966071237052,0.4375,0.5625,-0.125,-0.125,1.0,1.0,0.0,0.506074754821299,0.2957853266217827,LMU < Dunn,False,180.79833832393183,36.35545102564704,20.10828825235655,0.2198876089897222,1.0,170.54677305128698,45.58314942362598,26.72765283569345,0.2761820550416628,1.0,206.5152695907976,54.47476663338082,26.378081747330626,0.2620040403370905,1.0,153.77264659607332,40.78064140551163,26.520088135462316,0.2306623585132428,1.0,26.520088135462316,26.72765283569345,0.2620040403370905,1.0,1.0,0.7582285605404159,0.8392527409379569,1033.9870057402484,1034.0472286109705,1033.928817254043,0.0317203756271548,1386.1519996372765,1394.7988818241977,1389.2728290402838,1383.1683020518017,1377.1626443129362,1.4789205614544831,1.0,1.0,1.0,0.8118030693812693,0.1666666666666666,157.84461632562994,176.86390750941004,0.0114061345690627,0.0101864571331618,False,0.0,5,1.0,True,True,True,True,False,False,True,True,retained,RG-014,17,2,3,0,0,False,member,177,main
LMU_vs_Dunn,LMU,Dunn,FT-116,24,26,5.417677696401045,5.341311106442168,0.07636658995887657,0.01650685954470621,197.57679064439358,227.66671452825736,-0.20354936494300455,347.0,0.5028995538059735,0.5560897435897436,0.5560897435897436,0.11217948717948723,0.11217948717948718,1.0,1.0,0.0,0.5534704586579708,0.25690555452187014,LMU > Dunn,False,234.48422407801627,55.619138666458575,23.719778541669942,0.2862683818777843,1.0,232.45577151071544,54.69360663450678,23.52860773430424,0.2229777605759669,1.0,278.06689159050256,64.37858849634938,23.152194829133787,0.2194858395119945,1.0,215.69819438386168,48.55754510998705,22.51179953021437,0.2064452131907509,1.0,23.152194829133787,23.52860773430424,0.2194858395119945,1.0,1.0,1.0245153306943466,1.304268113670906,1034.3156777245072,1034.3733453488437,1034.2664963897112,0.0277415348472434,1386.2288582150331,1396.2981626211867,1388.9721706356552,1383.0239916368391,1375.9949180878775,1.5877595200199193,1.0,1.0,1.0,0.0,0.0,201.7508324287772,241.9518742547188,0.0049321622408198,0.0041160415126148,False,,5,1.0,True,True,True,True,False,False,True,False,retained,RG-014,17,2,2,0,0,False,member,178,main
LMU_vs_Dunn,LMU,Dunn,FT-206,24,26,5.152004983281206,5.179682419628806,-0.027677436347600448,-0.03607545987800176,162.93200867194844,184.75640484550968,-0.18031437898677624,277.0,0.5028995538059735,0.4439102564102564,0.5560897435897436,-0.11217948717948723,-0.11217948717948718,1.0,1.0,0.0,0.5534704586579708,0.25690555452187014,LMU < Dunn,False,198.7698817395667,36.36401977646919,18.29453207811143,0.2018259206828987,1.0,188.6426636835975,40.62467727436547,21.53525426385176,0.2194138164074426,1.0,217.8586346343642,49.0157388128015,22.49887359069584,0.2249005520751773,1.0,168.16508787552533,44.587460351738784,26.514100468191188,0.2676324265510753,1.0,22.49887359069584,26.514100468191188,0.2249005520751773,1.0,1.0,0.8131310220648973,0.8974007347720273,1034.6560763743712,1034.7123139359592,1034.6014150768017,0.0298462974025474,1386.0386461317642,1395.2626547813416,1388.8838369044424,1383.0236739106767,1376.8958172798157,1.443510211018104,1.0,1.0,1.0,0.0,0.0,164.53404527072766,191.51859119891463,0.0060410533577217,0.005194303541141,False,,5,1.0,True,True,True,True,False,False,True,True,retained,RG-014,17,2,2,0,0,True,representative,179,main
LMU_vs_Dunn,LMU,Dunn,FT-157,24,26,8.258209367319472,8.274126382318501,-0.015917014999029533,0.04238940879893072,3958.9486417878766,4123.560068408723,-0.05875852809021376,345.0,0.5279766414001346,0.5528846153846154,0.5528846153846154,0.10576923076923084,0.10576923076923077,1.0,1.0,0.0,0.5778411019768139,0.2381915699219702,LMU < Dunn,False,4151.624070372584,987.9451153096418,23.796593780249943,0.2329135476036382,1.0,4113.560349663417,853.3785255509065,20.74549667469282,0.2094669889318891,1.0,4212.456875457168,723.239622575468,17.169068882087405,0.1786563785882222,1.0,3884.969042771122,719.3424672483061,18.51604116606304,0.1894832277361511,1.0,18.51604116606304,20.74549667469282,0.1894832277361511,1.0,1.0,1.2851879927694976,1.2292040323904676,1263.2947685123595,1263.368664598244,1263.2276740087248,0.0374424281621028,1498.9586431862058,1519.8445044172583,1501.829279831422,1496.1558304650562,1479.1106853079289,1.3746438578061395,1.0,1.0,1.0,0.0,0.0,4652.940872544712,4070.875991327187,0.0002148716598226,0.0002455870468869,False,,5,1.0,True,True,True,True,False,False,True,False,retained,RG-018,12,0,11,1,3,False,member,180,main
LMU_vs_Dunn,LMU,Dunn,FT-149,24,26,7.2038324089540975,7.249266761950412,-0.045434352996314153,0.03959660986136093,1376.665477310442,1451.758905204079,-0.07656968070870343,343.0,0.5536758785307034,0.5496794871794872,0.5496794871794872,0.09935897435897445,0.09935897435897435,1.0,1.0,0.0,0.6026196025997159,0.21995674527729558,LMU < Dunn,False,1498.2910353979833,378.7100122053168,25.276131489682317,0.2480367781962727,1.0,1444.6155491564878,308.9157870225074,21.38394448286837,0.2152170373614088,1.0,1487.1104695276,246.0794329356413,16.547488433311326,0.1736711173152209,1.0,1364.6292449941482,275.96621860978564,20.222798215860387,0.2086235364050025,1.0,20.222798215860387,21.38394448286837,0.2086235364050025,1.0,1.0,1.2498829894796006,1.188920399253308,1264.301168475248,1264.3726695538803,1264.2328619236057,0.0369738887775996,1498.8110275470938,1512.298849795731,1501.6547552339002,1496.0694294737173,1483.2695644459832,1.3381313997308846,1.0,1.0,1.0,0.0,0.0,1677.2303813752246,1432.2766127188684,0.0005958657470975,0.0006977020284333,False,,5,1.0,True,True,True,True,False,False,True,False,retained,RG-018,12,0,11,0,3,False,member,181,main
LMU_vs_Dunn,LMU,Dunn,FT-171,24,26,8.137356454406547,8.146905468850086,-0.009549014443539505,0.04153149897867081,3482.6215844071025,3523.7941627969153,-0.01695109427345104,342.0,0.5667513179019609,0.5480769230769231,0.5480769230769231,0.09615384615384626,0.09615384615384616,1.0,1.0,0.0,0.6134615913554192,0.21221262313188083,LMU < Dunn,False,3663.690515051816,934.7158231478336,25.51295802163612,0.2437866522266282,1.0,3602.7528369859992,763.2426028588037,21.184983744189328,0.2142012867381972,1.0,3748.1534837250074,643.9282085836734,17.179878342220977,0.1782807296185751,1.0,3415.499074105536,624.9167111734417,18.296497747905185,0.1813705100462703,1.0,18.296497747905185,21.184983744189328,0.1813705100462703,1.0,1.0,1.3944175750551584,1.3441361121189692,1262.7926388390904,1262.8650537775038,1262.7251615197877,0.0354453082579663,1499.0089198979422,1518.4259655164649,1501.8736659668195,1496.264148959211,1479.0215741033132,1.3682078056744542,1.0,1.0,1.0,0.0,0.0,4101.889504258449,3588.978393698937,0.0002437306680967,0.000278553208497,False,,5,1.0,True,True,True,True,False,False,True,False,retained,RG-018,12,0,11,0,3,False,member,182,main
LMU_vs_Dunn,LMU,Dunn,FT-178,24,26,7.224649420505564,7.237010719134442,-0.012361298628878359,-0.03473153838488674,1352.4163418541393,1465.4586427785298,-0.11573067101376823,284.0,0.5933375553870515,0.4551282051282051,0.5448717948717949,-0.08974358974358976,-0.08974358974358974,1.0,1.0,0.0,0.6387294995150227,0.19468302562886067,LMU < Dunn,False,1510.7574407189436,367.83106939405207,24.347460385103748,0.2582807507030983,1.0,1450.6667791604805,309.56596846474355,21.33956418605611,0.2594716549765548,1.0,1679.1258688084863,229.1803249530222,13.648787694257212,0.1363614110155887,1.0,1261.1295235666462,373.7460369107488,29.63581693446872,0.4241204834792494,1.0,21.33956418605611,29.63581693446872,0.2594716549765548,1.0,1.0,1.140953965733428,0.9954102721795792,1455.998949997305,1456.082154844198,1455.926444513204,0.041233206473815,1013.726434598975,1028.9705747968685,1016.3456457697848,1011.168015919862,1000.145713291808,1.295076577039198,1.0,1.0,1.0,0.0,0.0,1360.8780803096256,1463.4764966972964,0.0007342801198273,0.0006828378620313,False,,5,1.0,True,True,True,True,False,False,True,True,retained,RG-020,2,0,1,0,0,True,representative,183,main
LMU_vs_Dunn,LMU,Dunn,FT-072,24,26,4.9047381645061305,4.955972146994711,-0.05123398248858013,-0.047234836243940315,130.1872357576811,147.95169617177788,-0.18321719662991798,286.0,0.6204808530430301,0.45833333333333337,0.5416666666666666,-0.08333333333333337,-0.08333333333333333,1.0,1.0,0.0,0.6643191741819399,0.17762321237670106,LMU < Dunn,False,135.20509259487687,28.80662512848012,21.30587285997809,0.225489375649795,1.0,145.40447430488308,33.238896509614065,22.859610523345367,0.2366934632125195,1.0,111.04914744010998,21.10003677121711,19.000629232742728,0.1875858058867834,1.0,130.78801710461696,39.40299930055532,30.12737724208861,0.2933388740004765,1.0,22.859610523345367,30.12737724208861,0.2366934632125195,1.0,1.0,0.932031315153838,0.9526641445409724,1252.819559504331,1252.8923288346316,1252.7474352137208,0.0360234419531445,1252.123154423304,1259.34100136828,1254.3494914890537,1249.7181801223417,1244.226415264071,1.2333870429369769,1.0,1.0,1.0,0.0,0.0,122.3648908550372,129.28717828347777,0.0081060340026164,0.0076753523499005,False,,5,1.0,True,True,True,True,False,False,True,True,retained,RG-009,24,1,5,0,0,False,member,184,main
LMU_vs_Dunn,LMU,Dunn,FT-066,24,26,7.236852871226656,7.234289457414703,0.002563413811953019,0.009008714910672566,1317.6163330620266,1475.5187404197331,-0.16317481115927268,336.0,0.6481511217430623,0.5384615384615384,0.5384615384615384,0.07692307692307687,0.07692307692307693,1.0,1.0,0.0,0.6864826396956091,0.16337044106339868,LMU > Dunn,False,1444.0545926452266,195.26008462013647,13.521655317923823,0.1386496435118967,1.0,1467.200533485155,234.8016712953004,16.003379629201593,0.1634155737458739,1.0,1370.4015117600438,165.70220828686985,12.091507989804684,0.1191002032664035,1.0,1356.8324626653,217.7398718523021,16.047660845656935,0.155784231919713,1.0,16.003379629201593,16.047660845656935,0.155784231919713,1.0,1.0,0.8449249865478833,0.8900107655526587,1150.2523051364865,1150.3219915217664,1150.1924882958133,0.0327477740464124,1199.6136168612857,1211.804089112715,1201.579446951864,1197.0687593819969,1184.1168776425466,1.0672118534282304,1.0,1.0,1.0,0.0,0.0,1313.9452043548083,1399.0189587235209,0.0007604879630635,0.0007142760415985,False,,5,1.0,True,True,True,True,False,False,True,True,retained,RG-015,16,2,1,0,0,True,representative,185,main
LMU_vs_Dunn,LMU,Dunn,FT-198,24,26,7.193123738541845,7.2029615957311695,-0.009837857189324062,-0.004303013790486254,1253.8672199350376,1398.6590708593003,-0.1575407403725396,288.0,0.6481511217430623,0.46153846153846156,0.5384615384615384,-0.07692307692307687,-0.07692307692307693,1.0,1.0,0.0,0.6864826396956091,0.16337044106339868,LMU < Dunn,False,1321.6799192517187,334.87427957969913,25.33701804059271,0.29375520005933,1.0,1411.7931053390105,230.31986201850404,16.313995382715646,0.1637700795118504,1.0,1168.5421554421146,170.9220043120999,14.626943796258,0.1625630716157749,1.0,1272.5411853686894,205.5106825554627,16.14962917651429,0.1664987519063165,1.0,16.14962917651429,16.313995382715646,0.1637700795118504,1.0,1.0,1.568891629873412,1.7937049364262772,1398.406658551712,1398.487095265835,1398.3355869959996,0.0399371078113669,1341.7948458373571,1355.4510447743162,1343.7796393323767,1339.4045540846112,1328.786968608478,1.124417950389659,1.0,1.0,1.0,0.0,0.0,1210.7867643846014,1285.9060848763825,0.0008252276963165,0.0007770574805356,False,,5,1.0,True,True,True,True,False,False,True,False,retained,RG-013,2,0,1,0,0,False,member,186,main
LMU_vs_Dunn,LMU,Dunn,FT-131,24,26,5.862132257515903,5.88960969619441,-0.02747743867850705,0.037216776885325764,350.725351961123,356.96132638177534,-0.025354402726599806,335.0,0.66217386633478,0.5368589743589745,0.5368589743589745,0.07371794871794868,0.07371794871794872,1.0,1.0,0.0,0.6938736790848493,0.15871958641808265,LMU < Dunn,False,395.6991108433343,108.32344515365402,27.37520560073777,0.2833765067746309,1.0,378.1161960243794,110.61036929606672,29.253010174929138,0.2827399633960522,1.0,289.6397195651932,65.94409456238809,22.767628231854143,0.2160630990678243,1.0,351.8905565449919,71.7714349029512,20.395953675947727,0.205275252625574,1.0,22.767628231854143,29.253010174929138,0.2160630990678243,1.0,1.0,1.2023740603088895,1.311545136569925,1040.328774739611,1040.3905778938313,1040.2758764608654,0.0302810872302927,1455.4224047810255,1466.6943168640173,1457.3205103985615,1452.965088839576,1443.890949958978,1.0864556546498374,1.0,1.0,1.0,0.0,0.0,396.4168665524327,340.3661325509248,0.0025162495207486,0.0029294060091061,False,,5,1.0,True,True,True,True,False,False,True,False,retained,RG-014,17,1,4,0,0,False,member,187,main
LMU_vs_Dunn,LMU,Dunn,FT-203,24,26,7.489972477973668,7.4734171326160705,0.016555345357597062,-0.01904739857655624,1577.1506150514476,1899.3989229619447,-0.26806739481787273,289.0,0.66217386633478,0.4631410256410256,0.5368589743589745,-0.07371794871794868,-0.07371794871794872,1.0,1.0,0.0,0.6938736790848493,0.15871958641808265,LMU > Dunn,False,1928.6212154045788,362.16833018737447,18.778613824975483,0.2076194367505124,1.0,1936.3164448047264,402.9926658578325,20.81233503640844,0.1976835645132479,1.0,1982.8918837503916,439.9229907367873,22.18592926532778,0.2113894980586151,1.0,1778.4510582875105,430.1917640905181,24.18912581742645,0.2260294279727742,1.0,22.18592926532778,24.18912581742645,0.2113894980586151,1.0,1.0,0.8464199808985574,0.9821653329861388,1033.9851251097311,1034.0431134347784,1033.93021982602,0.0303773301958856,1419.5994173936797,1436.3402098797728,1421.5891002033584,1417.1693973731028,1406.504333983076,1.2292331845144575,1.0,1.0,1.0,0.0,0.0,1680.5062875592694,1899.6893734520645,0.000594704882996,0.0005261248965599,False,,5,1.0,True,True,True,True,False,False,True,True,retained,RG-014,17,2,5,0,0,False,member,188,main
LMU_vs_Dunn,LMU,Dunn,FT-212,24,26,7.56408424071258,7.556547462879838,0.007536777832742203,-0.0201662943356542,1785.5726970189537,2027.7549378293584,-0.1833999866934855,292.0,0.7049413830543312,0.46794871794871795,0.532051282051282,-0.0641025641025641,-0.0641025641025641,1.0,1.0,0.0,0.7347801717550436,0.13384257176410416,LMU > Dunn,False,2054.2504545161896,421.6282519017599,20.5246760917018,0.2245164705813742,1.0,2083.2919239496496,352.30232329865345,16.910847646869104,0.1685370330883989,1.0,2094.773512750909,376.1929790610024,17.958646926319794,0.1734203936098636,1.0,1883.0614438448315,352.0268902620176,18.694392124733312,0.181817829179053,1.0,17.958646926319794,18.694392124733312,0.1734203936098636,1.0,1.0,1.1428854398613566,1.294637071845537,1034.6524894655838,1034.712526312989,1034.5946546772016,0.0289896148038387,1419.5355960078075,1437.3696770828783,1421.3266819845712,1417.0516013166043,1406.067496310462,1.0710088590038451,1.0,1.0,1.0,0.0,0.0,1780.0740063048067,2021.1720356725284,0.0005614589828721,0.0004945177672123,False,,5,1.0,True,True,True,True,False,False,True,False,retained,RG-014,17,2,4,0,0,False,member,189,main
LMU_vs_Dunn,LMU,Dunn,FT-060,24,26,6.036112204878306,6.045355018967479,-0.009242814089173379,0.008544594239546122,395.469251632177,433.7025236677868,-0.132819489869646,329.0,0.7486625102538513,0.5272435897435898,0.5272435897435898,0.054487179487179516,0.05448717948717949,1.0,1.0,0.0,0.7762448132632037,0.11000128868807882,LMU < Dunn,False,400.7886016215288,69.83598077931343,17.424642441618307,0.1793481241270795,1.0,429.4710455346248,94.39164729852024,21.97858232352248,0.2548115972073745,1.0,356.3431608640206,54.006261886152025,15.155689183202997,0.153157362295362,1.0,398.0676644056148,83.15382079225036,20.889368373191942,0.2114450227667062,1.0,20.889368373191942,21.97858232352248,0.2114450227667062,1.0,1.0,0.8341392678957186,0.8482021557204483,1251.815294797806,1251.8928041654049,1251.7555207167077,0.038755507110193,1252.0156980757831,1259.4881563062756,1254.194200130937,1249.5033644892535,1243.0116841700158,1.2070818965472034,1.0,1.0,1.0,0.0,0.0,369.7445069546533,395.068350461334,0.0026972752967107,0.0025248167363921,False,,5,1.0,True,True,True,True,False,False,True,True,retained,RG-009,24,1,8,0,0,False,member,190,main
LMU_vs_Dunn,LMU,Dunn,FT-078,24,26,6.652463664130766,6.661000301962728,-0.00853663783196179,0.01309207580107774,750.2869674920902,840.4135530840879,-0.16345098035006297,328.0,0.7634258873854969,0.5256410256410255,0.5256410256410255,0.05128205128205132,0.05128205128205128,1.0,1.0,0.0,0.7874078524342559,0.10380025851726205,LMU < Dunn,False,849.9818739507681,153.95509179749394,18.11274999099701,0.1811393873244086,1.0,820.718794452905,144.52799610962492,17.609928892388528,0.1821749056385841,1.0,854.605458357555,111.33603502772895,13.027770176158588,0.1284196688399669,1.0,765.2266471390691,145.57378190997628,19.02361639577357,0.1890435834123533,1.0,17.609928892388528,19.02361639577357,0.1821749056385841,1.0,1.0,1.028553272513543,0.9943158015614412,1077.205728818574,1077.2697492713137,1077.1507175425947,0.0315129711684634,1164.9081193819106,1176.015186999219,1167.311426224721,1162.4987461160683,1152.201798220714,1.193687829900949,1.0,1.0,1.0,2.55112722212645,0.3333333333333333,750.8839119116299,813.608129027097,0.0047229727433559,0.0043593073719601,False,0.3535533905932737,5,1.0,True,True,True,True,False,False,True,True,retained,RG-010,25,2,14,0,0,False,member,191,main
LMU_vs_Dunn,LMU,Dunn,FT-174,24,26,1.948485985200091,1.8201520753911031,0.12833390980898796,0.29223518272651017,5.307769650760624,5.47475770806951,-0.037696230442290125,326.0,0.7864348920926031,0.5224358974358975,0.5224358974358975,0.044871794871794934,0.04487179487179487,0.3333333333333333,0.34615384615384615,-0.01282051282051283,0.8069149674075146,0.09317222876172929,LMU > Dunn,False,28.534948565135387,6.840222093642689,23.971383996115623,0.2488077418313656,0.9090909090909092,42.78142624756968,85.14422754511979,199.02147967765956,0.9665892576199262,0.3703703703703703,97.2041630102426,23.251326409421583,23.920093223755806,0.2389378500589421,1.0,85.63914429270048,73.76357206909495,86.13300924280983,1.1430564060057398,0.3846153846153846,86.13300924280983,199.02147967765956,0.9665892576199262,0.3846153846153846,0.3703703703703703,0.2783065889238822,0.257407931931724,1210.8304701216448,1210.9006110405176,1210.7634042850927,0.0393243797493412,928.6948296247882,936.6544350710782,933.2542365417872,923.4052741038936,921.7589794505756,2.2293708605911333,0.3703703703703703,1.0,0.3846153846153846,0.0,0.0,37.48465694808375,49.21328013165891,0.025984381291199,0.0199150503089622,False,,5,1.0,True,True,True,False,False,False,True,True,retained,RG-003,3,1,0,0,0,True,representative,192,main
LMU_vs_Dunn,LMU,Dunn,FT-159,24,26,6.842569471032862,6.886583398328086,-0.04401392729522424,0.017021439265326066,948.2909547234831,998.4302596745948,-0.0742555625396979,325.0,0.8082146534807377,0.5208333333333334,0.5208333333333334,0.04166666666666674,0.041666666666666664,1.0,1.0,0.0,0.8249652162471779,0.08356436261416979,LMU < Dunn,False,1069.713385107761,298.8936910512389,27.94147434372141,0.270728387483183,1.0,1004.2222939698864,301.79672512746885,30.05278083743865,0.5499986215498742,1.0,1047.5708897310249,202.59123229530567,19.339142990821667,0.2022127846512563,1.0,933.4698175111224,254.90342394134504,27.307087937881597,0.3032184463030614,1.0,27.307087937881597,30.05278083743865,0.3032184463030614,1.0,1.0,1.0232315656390356,0.8928493328291606,1343.8406591266526,1343.9145274628254,1343.7677461186618,0.0377960318667136,1551.4018781172863,1565.4921889631703,1553.8324037844404,1548.6513125167294,1538.0750452329032,1.2893645633100164,1.0,1.0,1.0,0.0,0.0,1213.416491655562,995.2032952592753,0.0008234407280131,0.0010038111746455,False,,5,1.0,True,True,True,True,False,False,True,True,retained,RG-011,6,0,5,0,0,False,member,193,main
LMU_vs_Dunn,LMU,Dunn,FT-110,24,26,8.052948325601943,8.055319101151753,-0.0023707755498101335,-0.04609402686623554,3004.659585132408,3324.8264401629654,-0.1460312610496797,320.0,0.884207221812355,0.5128205128205128,0.5128205128205128,0.02564102564102555,0.02564102564102564,1.0,1.0,0.0,0.8978805293661544,0.04678144605961622,LMU < Dunn,False,3057.572263320515,912.4749291047112,29.843119001667223,0.4677711304322494,1.0,3226.9030056594324,793.9168322069155,24.603058437595493,0.653333578222849,1.0,2825.3568334846327,355.54610274710154,12.58411321831485,0.120158017576864,1.0,2853.947249405985,850.404097986457,29.797470789393824,0.5732015101014872,1.0,24.603058437595493,29.797470789393824,0.5732015101014872,1.0,1.0,1.2129841124168728,0.8160675123647686,1397.397689304656,1397.4807202889865,1397.32751164411,0.0396415334606327,1341.878177208506,1358.4040985107413,1343.935126354734,1339.536640575101,1327.251101175941,1.0627275704614252,1.0,1.0,1.0,0.0,0.0,2824.110301241298,2972.0036368096294,0.0003539684802963,0.0003363601670777,False,,5,1.0,True,True,True,True,False,False,True,True,retained,RG-013,2,0,1,0,0,True,representative,194,main
LMU_vs_Dunn,LMU,Dunn,FT-236,24,26,7.1142449203390505,7.0520689795595946,0.062175940779455985,0.004830434012160545,1107.5319997570589,1291.5274968293868,-0.2215445555371573,319.0,0.8995581435295268,0.5112179487179487,0.5112179487179487,0.022435897435897356,0.022435897435897436,1.0,1.0,0.0,0.9087843808990604,0.04153914570396474,LMU > Dunn,False,1216.8493538706234,226.61419722083505,18.62302810943752,0.2042198687053935,1.0,1250.771202744346,216.0668932318752,17.274693625644545,0.1781775799977198,1.0,1262.991263292811,245.48553626259857,19.43683566128401,0.1951587542530924,1.0,1159.4381701553714,217.76123081193077,18.7816165119654,0.1826233857268171,1.0,18.7816165119654,19.43683566128401,0.1826233857268171,1.0,1.0,0.9915561899356828,1.1182569411503638,1034.9898999251243,1035.0498484503012,1034.9323592474368,0.030924112226632,1419.3602150227453,1435.8320741768357,1420.919376846407,1417.2551242460954,1405.4176036421077,1.002582734876893,1.0,1.0,1.0,0.0,0.0,1048.3515380098256,1224.7340220727858,0.0009529694899924,0.0008158376792943,False,,5,1.0,True,True,True,True,False,False,True,False,retained,RG-014,17,2,5,0,0,False,member,195,main
LMU_vs_Dunn,LMU,Dunn,FT-026,24,26,7.691162635740946,7.682375645793767,0.00878698994717908,-0.004244650444586107,2138.4421718819644,2319.087239467316,-0.11694437019159086,317.0,0.9303672731143676,0.5080128205128205,0.5080128205128205,0.01602564102564097,0.016025641025641024,1.0,1.0,0.0,0.9351140449159715,0.029135420082207594,LMU > Dunn,False,2430.6218039658693,488.6512923723996,20.10396235132519,0.2062646706397811,1.0,2332.567971465339,388.398084428052,16.651093952218552,0.1668728691657664,1.0,2671.7120464734235,315.23190109661533,11.798872618503614,0.1172327222421565,1.0,2137.107486673053,365.2158486284119,17.089259707613607,0.1752256748129219,1.0,16.651093952218552,17.089259707613607,0.1668728691657664,1.0,1.0,1.207365858904819,1.236058753414757,727.9951742528884,728.0375875622003,727.9575827820195,0.0214790515447573,1014.168080213055,1032.1152803172229,1016.9923818887036,1011.3062294193828,999.9946789119542,1.3691867366597237,1.0,1.0,1.0,0.0,0.0,2186.174014664266,2379.8562416629434,0.0004572109915787,0.0004200169596554,False,,5,1.0,True,True,True,True,False,False,True,False,retained,RG-030,2,0,1,0,0,False,member,196,main
LMU_vs_Dunn,LMU,Dunn,FT-117,24,26,7.826575946023125,7.7879932955282865,0.03858265049483833,-0.008301279694721941,2187.9948496751886,2573.4365313870594,-0.23398814312431682,309.0,0.9612811229977414,0.4951923076923077,0.5048076923076923,-0.009615384615384581,-0.009615384615384616,1.0,1.0,0.0,0.9612811229977414,0.01714958599169099,LMU > Dunn,False,2534.753483659195,456.4969604059401,18.009520979015942,0.1952469112093733,1.0,2572.326956354759,429.9381004264666,16.71397562290181,0.1651144532428552,1.0,2570.13465528317,481.3199815093725,18.727422725496925,0.1805334748183766,1.0,2370.748701971744,475.6642991611584,20.06388525133642,0.1885186089258635,1.0,18.727422725496925,20.06388525133642,0.1805334748183766,1.0,1.0,0.9616657477644494,1.081499768426875,1034.319112072233,1034.3791365004477,1034.2691452052984,0.0295539645166638,1419.481401442064,1437.173489695009,1421.2976504376825,1417.141106790319,1405.209990791653,1.1360127306637906,1.0,1.0,1.0,0.0,0.0,2195.771428348932,2505.263229243117,0.0004552134951753,0.0003990003876416,False,,5,1.0,True,True,True,True,False,False,True,False,retained,RG-014,17,2,4,0,0,False,member,197,main
